1159	Firefox a Shuiteáil	ga-IE	\N	\N	699		20	Firefox a Shuiteáil	0	1	1	0			1
1162	Iompórtáil	ga-IE	1183	\N	528	<p>Is furasta leabharmharcanna agus faisnéis eile a iompórtáil ó bhrabhsálaithe eile go Firefox.\
</p>\
<ul><li> Más mian leat iompórtáil ó shuiteáil eile Firefox, féach ar <a class="new" href="/ga-IE/kb/new?title=Leabharmharcanna+agus+socruithe+Firefox+a+bhogadh" title="Níl an leathanach sin ann.">Leabharmharcanna agus socruithe Firefox a bhogadh</a>.\
</li></ul>\
<p><br>\
</p>\
<h1 id="w_cae-acu-brabhsaalaag-ar-mhaith-leat-iompahrtaail-uaidh">Cé acu brabhsálaí ar mhaith leat iompórtáil uaidh?</h1>\
<ul><li> <a class="new" href="/ga-IE/kb/new?title=Iomp%C3%B3rt%C3%A1il+%C3%B3+Internet+Explorer" title="Níl an leathanach sin ann.">Iompórtáil ó Internet Explorer</a>\
</li><li> <a class="new" href="/ga-IE/kb/new?title=Iomp%C3%B3rt%C3%A1il+%C3%B3+Safari" title="Níl an leathanach sin ann.">Iompórtáil ó Safari</a>\
</li><li> <a class="new" href="/ga-IE/kb/new?title=Iomp%C3%B3rt%C3%A1il+%C3%B3+Opera" title="Níl an leathanach sin ann.">Iompórtáil ó Opera</a>\
</li><li> <a class="new" href="/ga-IE/kb/new?title=Iomp%C3%B3rt%C3%A1il+%C3%B3+Netscape" title="Níl an leathanach sin ann.">Iompórtáil ó Netscape</a>\
</li><li> <a class="new" href="/ga-IE/kb/new?title=Iomp%C3%B3rt%C3%A1il+%C3%B3+SeaMonkey" title="Níl an leathanach sin ann.">Iompórtáil ó SeaMonkey</a>\
</li><li> <a class="new" href="/ga-IE/kb/new?title=Iomp%C3%B3rt%C3%A1il+%C3%B3+Mozilla+Application+Suite" title="Níl an leathanach sin ann.">Iompórtáil ó Mozilla Application Suite</a>\
</li></ul>	20	Iompórtáil	0	0	1	0			1
2357	thai	ga-IE	\N	\N	762		50	thai	0	1	0	0			1
2750	An Éiróidh Firefox le Windows 7	ga-IE	\N	\N	763		20	An Éiróidh Firefox le Windows 7	0	1	1	0			1
6990	Ní Firefox iarraidh a shábháil Cluaisíní agus fuinneoga ar scoir	ga-IE	131892	\N	899	<p>An mian leat cuairt a thabhairt ar na leathanaigh a bhí oscailte agat an uair dheireanach a d'úsáid tú Firefox? Seo roinnt bealaí éasca chun é sin a dhéanamh.\
</p>\
<div id="toc"><h2>Clár na nÁbhar</h2><ul><li class="toclevel-1"><a href="#w_an-seisiajn-roimhe-seo-a-aischur-ahn-leathanach-baile-raeamhshocraithe"><span class="tocnumber">1</span> <span class="toctext">An seisiún roimhe seo a aischur ón leathanach baile réamhshocraithe</span></a></li><li class="toclevel-1"><a href="#w_an-seisiajn-roimhe-seo-a-chur-ar-ais-ahn-roghchlaar-staire"><span class="tocnumber">2</span> <span class="toctext">An seisiún roimhe seo a chur ar ais ón roghchlár staire</span></a></li><li class="toclevel-1"><a href="#w_an-seisiajn-roimhe-seo-a-chur-ar-ais-gach-uair-a-osclaagonn-taj-firefox"><span class="tocnumber">3</span> <span class="toctext">An seisiún roimhe seo a chur ar ais gach uair a osclaíonn tú Firefox</span></a></li></ul></div>\
<h1 id="w_an-seisiajn-roimhe-seo-a-aischur-ahn-leathanach-baile-raeamhshocraithe">An seisiún roimhe seo a aischur ón leathanach baile réamhshocraithe</h1>\
<p>Más rud é go raibh cluaisíní agus fuinneoga oscailte agat nuair a dhún tú Firefox, beidh cnaipe <span class="button">Athchóirigh an Seisiún Roimhe seo</span> ar leathanach Tosaigh réamhshocraithe Firefox. Chun do chuid cluaisíní agus fuinneoga a fháil ar ais, ní gá duit ach cliceáil air.\
<br><span class="for" data-for="not fx29"><span class="for" data-for="win">\
\
\
  \
\
\
\
\
\
\
\
<img alt="Session Restore - Home - Win" class="wiki-image frameless lazy" data-original-src="https://user-media-stage-cdn.itsre-sumo.mozilla.net/uploads/gallery/images/2012-05-15-16-21-55-2e7b5b.png" src="https://static-media-stage-cdn.itsre-sumo.mozilla.net/static/sumo/img/placeholder.gif" title="">\
\
\
</span><span class="for" data-for="mac">\
\
\
  \
\
\
\
\
\
\
\
<img alt="Session Restore - Home - Mac" class="wiki-image frameless lazy" data-original-src="https://user-media-stage-cdn.itsre-sumo.mozilla.net/uploads/gallery/images/2012-05-15-22-54-25-7159f3.png" src="https://static-media-stage-cdn.itsre-sumo.mozilla.net/static/sumo/img/placeholder.gif" title="">\
\
\
</span><span class="for" data-for="linux">\
\
\
  \
\
\
\
\
\
\
\
<img alt="Session Restore - Home - Lin" class="wiki-image frameless lazy" data-original-src="https://user-media-stage-cdn.itsre-sumo.mozilla.net/uploads/gallery/images/2012-05-16-10-00-47-2a94f4.png" src="https://static-media-stage-cdn.itsre-sumo.mozilla.net/static/sumo/img/placeholder.gif" title="">\
\
\
</span></span><span class="for" data-for="fx29"><span class="for" data-for="win">\
\
\
  \
\
\
\
\
\
\
\
<img alt="Restore1 29 - Win" class="wiki-image frameless lazy" data-original-src="https://user-media-stage-cdn.itsre-sumo.mozilla.net/uploads/gallery/images/2014-03-21-07-23-17-73cafb.png" src="https://static-media-stage-cdn.itsre-sumo.mozilla.net/static/sumo/img/placeholder.gif" title="">\
\
\
</span><span class="for" data-for="mac">\
\
\
  \
\
\
\
\
\
\
\
<img alt="Restore1 29 - Mac" class="wiki-image frameless lazy" data-original-src="https://user-media-stage-cdn.itsre-sumo.mozilla.net/uploads/gallery/images/2014-03-21-07-23-58-671b39.png" src="https://static-media-stage-cdn.itsre-sumo.mozilla.net/static/sumo/img/placeholder.gif" title="">\
\
\
</span><span class="for" data-for="linux">\
\
\
  \
\
\
\
\
\
\
\
<img alt="Restore1 29 - Lin" class="wiki-image frameless lazy" data-original-src="https://user-media-stage-cdn.itsre-sumo.mozilla.net/uploads/gallery/images/2014-03-21-07-22-38-6b2965.png" src="https://static-media-stage-cdn.itsre-sumo.mozilla.net/static/sumo/img/placeholder.gif" title="">\
\
\
</span></span>\
</p>\
<div class="note"><strong>Tabhair faoi deara:</strong> Má tá leathanach baile eile seachas leathanach baile réamhshocraithe Firefox in úsáid agat, is féidir leat <a href="/ga-IE/kb/conas-leathanach-baile-shocru#w_restore-the-default-home-page">an leathanach baile réamhshocraithe a chur ar ais</a>.</div>\
<h1 id="w_an-seisiajn-roimhe-seo-a-chur-ar-ais-ahn-roghchlaar-staire">An seisiún roimhe seo a chur ar ais ón roghchlár staire</h1>\
<p>Seo an bealach is féidir leat do chuid cluaisíní agus fuinneog ó sheisiún roimhe se a fháil ar ais mura bhfuil leathanach baile réamhshocraithe Firefox in úsáid agat:\
</p><div class="for" data-for="not fx29">\
<ul><li><span class="for" data-for="win7,win8">Ag barr fhuinneog Firefox, cliceáil ar an gcnaipe <span class="button">Firefox</span>, téigh thall go dtí <span class="menu">Stair</span> agus roghnaigh <span class="menu">Athchóirigh an Seisiún Roimhe Seo</span>.</span><span class="for" data-for="mac">Ar an mbarra roghchláir, cliceáil ar an roghchlár <span class="menu">Stair</span> agus roghnaigh <span class="menu">Athchóirigh an Seisiún roimhe seo</span>.</span><span class="for" data-for="winxp,linux">Ag barr fhuinneog Firefox, cliceáil ar an roghchlár <span class="menu">Stair</span> agus roghnaigh <span class="menu">Athchóirigh an Seisiún Roimhe Seo</span>.</span><span class="for" data-for="win7,win8">\
\
\
  \
\
\
\
\
\
\
\
<img alt="Restore Previous Session - Win2" class="wiki-image frameless lazy" data-original-src="https://user-media-stage-cdn.itsre-sumo.mozilla.net/uploads/gallery/images/2011-05-05-16-03-46-904b5d.png" src="https://static-media-stage-cdn.itsre-sumo.mozilla.net/static/sumo/img/placeholder.gif" title="">\
\
\
</span>\
</li></ul>\
</div><div class="for" data-for="fx29">\
<ul><li>Cliceáil ar chnaipe an roghchláir \
\
\
  \
\
\
\
\
\
\
\
<img alt="new fx menu" class="wiki-image frameless lazy" data-original-src="https://user-media-stage-cdn.itsre-sumo.mozilla.net/uploads/gallery/images/2014-01-10-13-08-08-f52b8c.png" src="https://static-media-stage-cdn.itsre-sumo.mozilla.net/static/sumo/img/placeholder.gif" title="">\
\
\
 ar thaobh na láimhe deise den bharra uirlisí. Roghnaigh <span class="menu">Stair</span> chun an liosta anuas a fheiceáil agus roghnaigh <span class="menu">Athchóirigh an Seisiún Roimhe Seo</span>.\
<dl><dt><span class="for" data-for="win">\
\
\
  \
\
\
\
\
\
\
\
<img alt="Restore2 29 - Win" class="wiki-image frameless lazy" data-original-src="https://user-media-stage-cdn.itsre-sumo.mozilla.net/uploads/gallery/images/2014-03-21-07-23-41-02a00b.png" src="https://static-media-stage-cdn.itsre-sumo.mozilla.net/static/sumo/img/placeholder.gif" title="">\
\
\
</span><span class="for" data-for="mac">\
\
\
  \
\
\
\
\
\
\
\
<img alt="Restore2 29 - Mac" class="wiki-image frameless lazy" data-original-src="https://user-media-stage-cdn.itsre-sumo.mozilla.net/uploads/gallery/images/2014-03-21-07-24-18-f299e1.png" src="https://static-media-stage-cdn.itsre-sumo.mozilla.net/static/sumo/img/placeholder.gif" title="">\
\
\
</span><span class="for" data-for="linux">\
\
\
  \
\
\
\
\
\
\
\
<img alt="Restore2 29 - Lin" class="wiki-image frameless lazy" data-original-src="https://user-media-stage-cdn.itsre-sumo.mozilla.net/uploads/gallery/images/2014-03-21-07-23-00-df468d.png" src="https://static-media-stage-cdn.itsre-sumo.mozilla.net/static/sumo/img/placeholder.gif" title="">\
\
\
</span>\
</dt></dl>\
</li></ul>\
</div>\
<h1 id="w_an-seisiajn-roimhe-seo-a-chur-ar-ais-gach-uair-a-osclaagonn-taj-firefox">An seisiún roimhe seo a chur ar ais gach uair a osclaíonn tú Firefox</h1>\
<p>Féach <a href="/ga-IE/kb/restore-previous-session#w_configuring-session-restore">an leathanach seo</a> chun treoracha a fháil chun Firefox a shocrú chun na fuinneoga agus cluaisíní ón uair dheireanach a thaispeáint gach uair a thosaíonn tú Firefox.\
</p><p> \
\
</p>	10	ni-firefox-iarraidh-shabhail-cluaisini-agus-fuinne	0	0	1	0			1
8317	Ag aimsiú cén leagan Firefox atá agat	ga-IE	98574	\N	701	<p>Is tábhachtach go mbeidh a fhios agat cén leagan de Firefox atá á úsáid agat. Is féidir leat an t-eolas seo a aimsiú san fhuinneog 'Maidir Le Firefox'.\
</p><p>Chun teacht ar an bhfuinneog seo,  <span class="for" data-for="win,linux">cliceáil ar  <span class="menu">Cabhair</span> agus roghnaigh <span class="menu">Maidir le Firefox</span>.</span><span class="for" data-for="mac"> ar an mbarra roghchláir, cliceáil an <span class="menu">Firefox</span> roghchlár agus roghnaigh <span class="menu">About Mozilla Firefox</span></span>\
Feicfidh tú fuinneog atá cosúil leis an gceann thíos. Beidh uimhir an leagain le feiceáil faoin ainm Firefox. \
</p><div class="for" data-for="win"><p>\
\
\
  \
\
\
\
\
\
\
\
<img alt="197fb642bdcf21def28da56e548ab5eb-1266114347-793-1.jpg" class="wiki-image frameless lazy" data-original-src="https://user-media-stage-cdn.itsre-sumo.mozilla.net/uploads/gallery/images/197fb642bdcf21def28da56e548ab5eb-1266114347-793-1.jpg" src="https://static-media-stage-cdn.itsre-sumo.mozilla.net/static/sumo/img/placeholder.gif" title="">\
\
\
\
</p></div><p>Chun an leagan is déanaí a aimsiú, téigh chuig <a class="new" href="/ga-IE/kb/new?title=Nuashonr%C3%BA+Firefox" title="Níl an leathanach sin ann.">Nuashonrú Firefox</a>.\
</p>	20	ag-aimsiu-cen-leagan-firefox-ata-agat	0	0	0	0			1
8519	Aistrigh Cabhair do Fhirefox	ga-IE	\N	\N	838		30	aistrigh-cabhair-do-fhirefox	0	0	0	0			1
26027	Tús a chur le Firefox - Forbhreathnú ar na príomhghnéithe	ga-IE	127391	\N	869	<p>Ag tosú amach le Firefox? Bheul tá tú san áit cheart. San alt seo tugtar eolas faoi na bunghnéithe go léir agus beidh tú ag brabhsáil faoi lán seoil théis cúpla nóiméad. Tá lear mór nascanna ann freisin chuig altanna suimiúla eile a d'fhéadfadh a bheith spéisiúil duit amach anseo. \
</p>\
<div id="toc"><h2>Clár na nÁbhar</h2><ul><li class="toclevel-1"><a href="#w_do-leathanach-baile-a-shocraj-nah-a-athraj"><span class="tocnumber">1</span> <span class="toctext">Do leathanach baile a shocrú nó a athrú</span></a></li><li class="toclevel-1"><a href="#w_cuardach-graeasaain-a-dhaeanamh"><span class="tocnumber">2</span> <span class="toctext">Cuardach gréasáin a dhéanamh</span></a></li><li class="toclevel-1"><a href="#w_suagomh-graeasaain-a-leabharmharcaail"><span class="tocnumber">3</span> <span class="toctext">Suíomh gréasáin a leabharmharcáil</span></a></li><li class="toclevel-1"><a href="#w_gach-rud-a-aimsiaj-leis-an-awesome-bar"><span class="tocnumber">4</span> <span class="toctext">Gach rud a aimsiú leis an Awesome Bar</span></a></li><li class="toclevel-1"><a href="#w_brabhsaail-phragobhaaideach"><span class="tocnumber">5</span> <span class="toctext">Brabhsáil Phríobháideach</span></a></li><li class="toclevel-1"><a href="#w_an-roghchlaar-agus-an-barra-uirlisag-a-shaincheapadh"><span class="tocnumber">6</span> <span class="toctext">An roghchlár agus an barra uirlisí a shaincheapadh</span></a></li><li class="toclevel-1"><a href="#w_gnaeithe-breise-a-chur-le-firefox-le-breiseaain"><span class="tocnumber">7</span> <span class="toctext">Gnéithe breise a chur le Firefox le breiseáin</span></a></li><li class="toclevel-1"><a href="#w_firefox-a-choinneaail-sioncronaithe"><span class="tocnumber">8</span> <span class="toctext">Firefox a choinneáil sioncronaithe</span></a></li><li class="toclevel-1"><a href="#w_nasc-fagse-a-dhaeanamh-le-cairde"><span class="tocnumber">9</span> <span class="toctext">Nasc físe a dhéanamh le cairde</span></a></li><li class="toclevel-1"><a href="#w_leathanaigh-ghraeasaain-a-bhrabhsaail-le-cairde"><span class="tocnumber">10</span> <span class="toctext">Leathanaigh ghréasáin a bhrabhsáil le cairde</span></a></li><li class="toclevel-1"><a href="#w_cabhair-a-fhaail"><span class="tocnumber">11</span> <span class="toctext">Cabhair a fháil</span></a></li></ul></div>\
<h1 id="w_do-leathanach-baile-a-shocraj-nah-a-athraj">Do leathanach baile a shocrú nó a athrú</h1>\
<p><em>Conas an leathanach a osclaítear nuair a thosaíonn Firefox nó nuair a chliceálann tú ar an gcnaipe Baile a roghnú.</em>\
\
<div class="youtube-embed">\
  <iframe src="//www.youtube.com/embed/Nnu0A-jIh-U?wmode=transparent&amp;rel=0" frameborder="0" allowfullscreen></iframe>\
</div>\
</p>\
<ol><li> Oscail cluaisín leis an leathanach gréasáin is mian leat a úsáid don leathanach baile.\
</li><li> Tarraing agus scaoil an cluaisín sin ar an gcnaipe Baile \
\
\
  \
\
\
\
\
\
\
\
<img alt="Home Button" class="wiki-image frameless lazy" data-original-src="https://user-media-stage-cdn.itsre-sumo.mozilla.net/uploads/gallery/images/2014-02-05-12-41-52-59781d.png" src="https://static-media-stage-cdn.itsre-sumo.mozilla.net/static/sumo/img/placeholder.gif" title="">\
\
\
.\
<dl><dt><span class="for" data-for="win">\
\
\
  \
\
\
\
\
\
\
\
<img alt="Home Page 29 - Win8" class="wiki-image frameless lazy" data-original-src="https://user-media-stage-cdn.itsre-sumo.mozilla.net/uploads/gallery/images/2014-03-21-09-03-25-5f5a17.png" src="https://static-media-stage-cdn.itsre-sumo.mozilla.net/static/sumo/img/placeholder.gif" title="">\
\
\
</span><span class="for" data-for="mac">\
\
\
  \
\
\
\
\
\
\
\
<img alt="Home Page 29 - Mac" class="wiki-image frameless lazy" data-original-src="https://user-media-stage-cdn.itsre-sumo.mozilla.net/uploads/gallery/images/2014-02-05-14-57-03-c4e0de.png" src="https://static-media-stage-cdn.itsre-sumo.mozilla.net/static/sumo/img/placeholder.gif" title="">\
\
\
</span><span class="for" data-for="linux">\
\
\
  \
\
\
\
\
\
\
\
<img alt="Home Page 29 - Linux" class="wiki-image frameless lazy" data-original-src="https://user-media-stage-cdn.itsre-sumo.mozilla.net/uploads/gallery/images/2014-02-05-14-56-32-a4db24.png" src="https://static-media-stage-cdn.itsre-sumo.mozilla.net/static/sumo/img/placeholder.gif" title="">\
\
\
</span>\
</dt></dl>\
</li><li> Cliceáil ar <span class="button">Tá</span> chun an leathanach seo a shocrú mar do leathanach baile.\
</li></ol>\
<p>Tá cur síos ar roghanna breise san <a href="/ga-IE/kb/conas-leathanach-baile-shocru">alt faoin leathanach baile</a>.\
</p>\
<h1 id="w_cuardach-graeasaain-a-dhaeanamh">Cuardach gréasáin a dhéanamh</h1>\
<p><em>Is féidir leat an t-inneall cuardaigh is fearr leat a roghnú le barra Cuardaigh insuite Firefox.</em>\
</p><div class="for" data-for="not fx34"><p>\
<div class="youtube-embed">\
  <iframe src="//www.youtube.com/embed/3vgza48s5Xw?wmode=transparent&amp;rel=0" frameborder="0" allowfullscreen></iframe>\
</div>\
</p>\
<ul><li> Níl le déanamh ach cliceáil ar an deilbhín cuardaigh, ar an taobh clé den bharra cuardaigh, chun an ceann atá uait a phiocadh. \
<dl><dt><span class="for" data-for="win">\
\
\
  \
\
\
\
\
\
\
\
<img alt="Search2 29 - Win" class="wiki-image frameless lazy" data-original-src="https://user-media-stage-cdn.itsre-sumo.mozilla.net/uploads/gallery/images/2014-03-21-09-24-14-b48303.png" src="https://static-media-stage-cdn.itsre-sumo.mozilla.net/static/sumo/img/placeholder.gif" title="">\
\
\
</span><span class="for" data-for="mac">\
\
\
  \
\
\
\
\
\
\
\
<img alt="Search2 29 - Mac" class="wiki-image frameless lazy" data-original-src="https://user-media-stage-cdn.itsre-sumo.mozilla.net/uploads/gallery/images/2014-03-21-09-23-52-70aca6.png" src="https://static-media-stage-cdn.itsre-sumo.mozilla.net/static/sumo/img/placeholder.gif" title="">\
\
\
</span><span class="for" data-for="linux">\
\
\
  \
\
\
\
\
\
\
\
<img alt="Search2 29 - Lin" class="wiki-image frameless lazy" data-original-src="https://user-media-stage-cdn.itsre-sumo.mozilla.net/uploads/gallery/images/2014-03-21-09-24-43-a43fcd.png" src="https://static-media-stage-cdn.itsre-sumo.mozilla.net/static/sumo/img/placeholder.gif" title="">\
\
\
</span>\
</dt></dl>\
</li></ul>\
</div><div class="for" data-for="fx34">\
<ul><li> Ní le déanamh ach tosú ag clóscríobh sa bharra cuardaigh agus an t-inneall cuardaigh atá uait a phiocadh.\
<dl><dt>\
\
\
  \
\
\
\
\
\
\
\
<img alt="quick search fx34" class="wiki-image frameless lazy" data-original-src="https://user-media-stage-cdn.itsre-sumo.mozilla.net/uploads/gallery/images/2014-12-26-18-27-58-f99b5f.png" src="https://static-media-stage-cdn.itsre-sumo.mozilla.net/static/sumo/img/placeholder.gif" title="">\
\
\
\
</dt></dl>\
</li></ul>\
</div><p>Tá leideanna eile faoi chuardach a dhéanamh san <a href="/ga-IE/kb/use-search-bar-firefox">alt faoin mbarra Cuardaigh</a>.\
</p>\
<h1 id="w_suagomh-graeasaain-a-leabharmharcaail">Suíomh gréasáin a leabharmharcáil</h1>\
<p><em>Na suíomhanna is fearr leat a shábháil.</em>\
\
<div class="youtube-embed">\
  <iframe src="//www.youtube.com/embed/F3uMpJ0YzqM?wmode=transparent&amp;rel=0" frameborder="0" allowfullscreen></iframe>\
</div>\
</p>\
<ul><li> Chun leabharmharc a chruthú, cliceáil ar an reálta ar an mbarra uirlisí. Athróidh an reálta go dath gorm agus cruthófar leabharmharc don leathanach ar a bhfuil tú san fhillteán Leabharmharcanna Gan Sórtáil. Tá sé chomh simplí leis sin!\
<dl><dt><span class="for" data-for="win">\
\
\
  \
\
\
\
\
\
\
\
<img alt="Bookmark 29 Win" class="wiki-image frameless lazy" data-original-src="https://user-media-stage-cdn.itsre-sumo.mozilla.net/uploads/gallery/images/2014-03-20-13-34-31-f41173.gif" src="https://static-media-stage-cdn.itsre-sumo.mozilla.net/static/sumo/img/placeholder.gif" title="">\
\
\
</span><span class="for" data-for="mac">\
\
\
  \
\
\
\
\
\
\
\
<img alt="Bookmark 29 Mac" class="wiki-image frameless lazy" data-original-src="https://user-media-stage-cdn.itsre-sumo.mozilla.net/uploads/gallery/images/2014-03-20-13-33-45-a40c58.gif" src="https://static-media-stage-cdn.itsre-sumo.mozilla.net/static/sumo/img/placeholder.gif" title="">\
\
\
</span><span class="for" data-for="linux">\
\
\
  \
\
\
\
\
\
\
\
<img alt="Bookmark 29 Lin" class="wiki-image frameless lazy" data-original-src="https://user-media-stage-cdn.itsre-sumo.mozilla.net/uploads/gallery/images/2014-03-20-13-33-12-9ed00b.gif" src="https://static-media-stage-cdn.itsre-sumo.mozilla.net/static/sumo/img/placeholder.gif" title="">\
\
\
</span>\
</dt></dl>\
</li></ul>\
<div class="note"><strong>Leid:</strong> Tarraing cluaisín go díreach chuig <a href="/ga-IE/kb/bookmarks-firefox#w_how-do-i-turn-on-the-bookmarks-toolbar">barra uirlisí na leabharmharcanna</a> chun é a shábháil ansin. </div>\
<p>Chun tuilleadh eolais a fháil, féach <a href="/ga-IE/kb/bookmarks-firefox">an t-alt faoi leabharmharcanna</a>.\
</p>\
<h1 id="w_gach-rud-a-aimsiaj-leis-an-awesome-bar">Gach rud a aimsiú leis an Awesome Bar</h1>\
<p><em>Is nós linn an "Awesome Bar" (barra iontach) a thabhairt ar bharra seoltaí Firefox toisc go n-aimsíonn sé áiteanna ar thug tú cuairt orthu roimhe go scioptha.</em>\
\
<div class="youtube-embed">\
  <iframe src="//www.youtube.com/embed/U7stmWKvk64?wmode=transparent&amp;rel=0" frameborder="0" allowfullscreen></iframe>\
</div>\
</p>\
<ul><li> Nuair a thosaíonn tú ag clóscríobh sa bharra seoltaí, feicfidh tú liosta de leathanaigh ó do stair bhrabhsála agus ó do leabharmharcanna. A luaithe a fheiceann tú an leathanach atá uait, níl le déanamh ach cliceáil air.\
<dl><dt><span class="for" data-for="win">\
\
\
  \
\
\
\
\
\
\
\
<img alt="Bookmark3 29 Win" class="wiki-image frameless lazy" data-original-src="https://user-media-stage-cdn.itsre-sumo.mozilla.net/uploads/gallery/images/2014-03-20-17-42-52-c9f287.png" src="https://static-media-stage-cdn.itsre-sumo.mozilla.net/static/sumo/img/placeholder.gif" title="">\
\
\
</span><span class="for" data-for="mac">\
\
\
  \
\
\
\
\
\
\
\
<img alt="Bookmark3 29 Mac" class="wiki-image frameless lazy" data-original-src="https://user-media-stage-cdn.itsre-sumo.mozilla.net/uploads/gallery/images/2014-03-20-17-42-16-8075c7.png" src="https://static-media-stage-cdn.itsre-sumo.mozilla.net/static/sumo/img/placeholder.gif" title="">\
\
\
</span><span class="for" data-for="linux">\
\
\
  \
\
\
\
\
\
\
\
<img alt="Bookmark3 29 Lin" class="wiki-image frameless lazy" data-original-src="https://user-media-stage-cdn.itsre-sumo.mozilla.net/uploads/gallery/images/2014-03-20-17-42-37-847616.png" src="https://static-media-stage-cdn.itsre-sumo.mozilla.net/static/sumo/img/placeholder.gif" title="">\
\
\
</span>\
</dt></dl>\
</li></ul>\
<div class="note"><strong>Leid:</strong> Is féidir leat cuardach gréasáin a dhéanamh anseo freisin. Bain triail as.</div>\
<p>Chun cleasanna eile a fhoghlaim, féach <a href="/ga-IE/kb/awesome-bar-search-firefox-bookmarks-history-tabs">an t-alt faoin Awesome Bar</a>.\
</p>\
<h1 id="w_brabhsaail-phragobhaaideach">Brabhsáil Phríobháideach</h1>\
<p><em>Cuireann Brabhsáil Phríobháideach Firefox ar do chumas an tIdirlíon a bhrabhsáil gan aon fhaisnéis a shábháil ar do ríomhaire faoi na suíomhanna agus leathanaigh ar thug tú cuairt orthu.</em>\
\
<div class="youtube-embed">\
  <iframe src="//www.youtube.com/embed/r3s-zDwLjb0?wmode=transparent&amp;rel=0" frameborder="0" allowfullscreen></iframe>\
</div>\
</p>\
<ul><li>Cliceáil ar an gcnaipe roghchláir \
\
\
  \
\
\
\
\
\
\
\
<img alt="New Fx Menu" class="wiki-image frameless lazy" data-original-src="https://user-media-stage-cdn.itsre-sumo.mozilla.net/uploads/gallery/images/2014-01-10-13-08-08-f52b8c.png" src="https://static-media-stage-cdn.itsre-sumo.mozilla.net/static/sumo/img/placeholder.gif" title="">\
\
\
 agus ansin cliceáil ar <span class="button">Fuinneog Nua Phríobháideach</span>.\
<dl><dt><span class="for" data-for="winxp">\
\
\
  \
\
\
\
\
\
\
\
<img alt="private browsing - fx29 - winxp" class="wiki-image frameless lazy" data-original-src="https://user-media-stage-cdn.itsre-sumo.mozilla.net/uploads/gallery/images/2014-01-24-11-08-31-59fe16.png" src="https://static-media-stage-cdn.itsre-sumo.mozilla.net/static/sumo/img/placeholder.gif" title="">\
\
\
</span><span class="for" data-for="win7,win8">\
\
\
  \
\
\
\
\
\
\
\
<img alt="private browsing - fx29 - win8" class="wiki-image frameless lazy" data-original-src="https://user-media-stage-cdn.itsre-sumo.mozilla.net/uploads/gallery/images/2014-01-24-11-07-26-b05e27.png" src="https://static-media-stage-cdn.itsre-sumo.mozilla.net/static/sumo/img/placeholder.gif" title="">\
\
\
</span><span class="for" data-for="mac">\
\
\
  \
\
\
\
\
\
\
\
<img alt="private browsing - fx29 - mac" class="wiki-image frameless lazy" data-original-src="https://user-media-stage-cdn.itsre-sumo.mozilla.net/uploads/gallery/images/2014-01-24-11-05-45-da4668.png" src="https://static-media-stage-cdn.itsre-sumo.mozilla.net/static/sumo/img/placeholder.gif" title="">\
\
\
</span><span class="for" data-for="linux">\
\
\
  \
\
\
\
\
\
\
\
<img alt="private browsing - fx29 - linux" class="wiki-image frameless lazy" data-original-src="https://user-media-stage-cdn.itsre-sumo.mozilla.net/uploads/gallery/images/2014-01-24-11-08-01-3ad625.png" src="https://static-media-stage-cdn.itsre-sumo.mozilla.net/static/sumo/img/placeholder.gif" title="">\
\
\
</span>\
</dt></dl>\
</li></ul>\
<p>Tá tuilleadh eolais faoin gcaoi a n-oibríonn Brabhsáil Phríobháideach <a href="/ga-IE/kb/brabhsail-phriobhaideach-usaid-firefox-gan-stair">san alt seo</a>.\
</p>\
<h1 id="w_an-roghchlaar-agus-an-barra-uirlisag-a-shaincheapadh">An roghchlár agus an barra uirlisí a shaincheapadh</h1>\
<p><em>Is féidir leat na míreanna atá le feiceáil ar an roghchlár nó ar do bharra uirlisí a athrú.</em>\
\
<div class="youtube-embed">\
  <iframe src="//www.youtube.com/embed/94tAqUObEfc?wmode=transparent&amp;rel=0" frameborder="0" allowfullscreen></iframe>\
</div>\
</p>\
<ol><li>Cliceáil ar an gcnaipe roghcláir \
\
\
  \
\
\
\
\
\
\
\
<img alt="new fx menu" class="wiki-image frameless lazy" data-original-src="https://user-media-stage-cdn.itsre-sumo.mozilla.net/uploads/gallery/images/2014-01-10-13-08-08-f52b8c.png" src="https://static-media-stage-cdn.itsre-sumo.mozilla.net/static/sumo/img/placeholder.gif" title="">\
\
\
 agus roghnaigh <span class="button">Saincheap</span>. \
<ul><li>Osclófar cluaisin speisialta ina mbeidh tú in ann míreanna a tharraingt isteach nó amach as an roghchlár agus an barra uirlisí. \
</li></ul>\
<dl><dt>\
\
\
  \
\
\
\
\
\
\
\
<img alt="Customize Fx 29 Win8" class="wiki-image frameless lazy" data-original-src="https://user-media-stage-cdn.itsre-sumo.mozilla.net/uploads/gallery/images/2014-02-19-11-46-33-009d0e.png" src="https://static-media-stage-cdn.itsre-sumo.mozilla.net/static/sumo/img/placeholder.gif" title="">\
\
\
\
</dt></dl>\
</li><li>Nuair atá tú críochnaithe, cliceáil ar an gcnaipe glas <span class="button">Scoir ón Saincheapadh</span>.\
</li></ol>\
<p>Féach an t-alt faoi <a href="/ga-IE/kb/customize-firefox-controls-buttons-and-toolbars">conas Firefox a shaincheapadh</a> chun tuilleadh eolais a fháil.\
</p>\
<h1 id="w_gnaeithe-breise-a-chur-le-firefox-le-breiseaain">Gnéithe breise a chur le Firefox le breiseáin</h1>\
<p><em>Tá breiseáin cosúil le haipeanna ar féidir leat a shuiteáil chun go mbeidh Firefox ag feidhmiú ar an gcaoi is maith leat.</em>\
\
<div class="youtube-embed">\
  <iframe src="//www.youtube.com/embed/i4y_CeifV2s?wmode=transparent&amp;rel=0" frameborder="0" allowfullscreen></iframe>\
</div>\
</p>\
<ol><li> <p><span class="for" data-for="not fx29"><span class="for" data-for="win7,win8">Ag barr fhuinneog Firefox, cliceáil ar an gcnaipe <span class="button">Firefox</span></span><span class="for" data-for="mac">Ar an mbarra roghchláir, cliceáil ar an roghchlár <span class="menu">Uirlisí</span></span><span class="for" data-for="linux,winxp">Ag barr fhuinneog Firefox, cliceáil ar an roghchlár <span class="menu">Uirlisí</span></span>, ansin cliceáil ar <span class="menu">Breiseáin</span>. Osclófar cluaisín dar teideal Bainisteoir na mBreiseán.</span>\
<span class="for" data-for="fx29">Cliceáil ar an gcnaipe roghchláir \
\
\
  \
\
\
\
\
\
\
\
<img alt="New Fx Menu" class="wiki-image frameless lazy" data-original-src="https://user-media-stage-cdn.itsre-sumo.mozilla.net/uploads/gallery/images/2014-01-10-13-08-08-f52b8c.png" src="https://static-media-stage-cdn.itsre-sumo.mozilla.net/static/sumo/img/placeholder.gif" title="">\
\
\
 agus roghnaigh <span class="button">Breiseáin</span>. Osclófar cluaisín dar teideal Bainisteoir na mBreiseán.</span>\
</p>\
</li><li>I gcluaisín Bhainisteoir na mBreiseán, roghnaigh an painéal <span class="menu">Faigh Breiseáin</span>.\
</li>\
<li> Chun tuilleadh eolais a fháil faoi Bhreiseán nó Téama Mór-Le-Rá, cliceáil air. Ansin is féidir leat an cnaipe glas <span class="button">Cuir le Firefox</span> a chliceáil chun é a shuiteáil.\
<ul><li>Is féidir leat breiseáin shonracha a chuardach freisin ach úsáid a bhaint as an mbosca cuardaigh ag an mbarr. Ansin chun aon bhreiseán a aimsíonn tú a shuiteáil, ní gá duit ach cliceáil ar an gcnaipe <span class="button">Suiteáil</span>.\
<dl><dt><span class="for" data-for="win">\
\
\
  \
\
\
\
\
\
\
\
<img alt="Addon1 29 Win" class="wiki-image frameless lazy" data-original-src="https://user-media-stage-cdn.itsre-sumo.mozilla.net/uploads/gallery/images/2014-03-20-12-26-16-8fd308.png" src="https://static-media-stage-cdn.itsre-sumo.mozilla.net/static/sumo/img/placeholder.gif" title="">\
\
\
\
\
\
  \
\
\
\
\
\
\
\
<img alt="Addon2 29 Win" class="wiki-image frameless lazy" data-original-src="https://user-media-stage-cdn.itsre-sumo.mozilla.net/uploads/gallery/images/2014-03-20-12-25-57-f5b615.png" src="https://static-media-stage-cdn.itsre-sumo.mozilla.net/static/sumo/img/placeholder.gif" title="">\
\
\
</span><span class="for" data-for="mac">\
\
\
  \
\
\
\
\
\
\
\
<img alt="Addon1 29 Mac" class="wiki-image frameless lazy" data-original-src="https://user-media-stage-cdn.itsre-sumo.mozilla.net/uploads/gallery/images/2014-03-20-12-24-55-54f335.png" src="https://static-media-stage-cdn.itsre-sumo.mozilla.net/static/sumo/img/placeholder.gif" title="">\
\
\
\
\
\
  \
\
\
\
\
\
\
\
<img alt="Addon2 29 Mac" class="wiki-image frameless lazy" data-original-src="https://user-media-stage-cdn.itsre-sumo.mozilla.net/uploads/gallery/images/2014-03-20-12-24-29-eed4aa.png" src="https://static-media-stage-cdn.itsre-sumo.mozilla.net/static/sumo/img/placeholder.gif" title="">\
\
\
</span><span class="for" data-for="linux">\
\
\
  \
\
\
\
\
\
\
\
<img alt="Addon1 29 Lin" class="wiki-image frameless lazy" data-original-src="https://user-media-stage-cdn.itsre-sumo.mozilla.net/uploads/gallery/images/2014-03-20-12-25-40-08aac1.png" src="https://static-media-stage-cdn.itsre-sumo.mozilla.net/static/sumo/img/placeholder.gif" title="">\
\
\
\
\
\
  \
\
\
\
\
\
\
\
<img alt="Addon2 29 Lin" class="wiki-image frameless lazy" data-original-src="https://user-media-stage-cdn.itsre-sumo.mozilla.net/uploads/gallery/images/2014-03-20-12-25-16-64d515.png" src="https://static-media-stage-cdn.itsre-sumo.mozilla.net/static/sumo/img/placeholder.gif" title="">\
\
\
</span>\
</dt></dl>\
</li></ul>\
</li><li>Déanfaidh Firefox an breiseán a d'iarr tú a íosluchtú agus seans go n-iarrfar ort a dheimhniú gur mian leat é a shuiteáil.\
</li><li> Cliceáil ar <span class="button">Atosaigh Anois</span> má phreabann an cnaipe sin anuas. Sábhálfar do chuid cluaisíní agus tar éis an atosaithe cuirfear ar ais iad san áit a bhí siad.\
</li></ol>\
<p>Chun tuilleadh eolais a fháil faoi bhreiseáin, féach <a href="/ga-IE/kb/find-and-install-add-ons-add-features-to-firefox">Find and install add-ons to add features to Firefox</a>.\
</p>\
<div class="note"><strong>Leid:</strong> Tá breisáin áirithe ann a chuireann cnaipe ar an mbarra uirlisí tar éis a suiteála. Is féidir leat iad sin a bhaint nó a bhogadh isteach sa roghchlár más mian leat - féach <a href="/ga-IE/kb/customize-firefox-controls-buttons-and-toolbars">Customize Firefox controls, buttons and toolbars</a>.</div>\
<h1 id="w_firefox-a-choinneaail-sioncronaithe">Firefox a choinneáil sioncronaithe</h1>\
<p><em>Do leabharmharcanna, stair, focail faire agus tuilleadh a rochtain ó ghléas ar bith.</em>\
\
<div class="youtube-embed">\
  <iframe src="//www.youtube.com/embed/wSVJrWzoq7E?wmode=transparent&amp;rel=0" frameborder="0" allowfullscreen></iframe>\
</div>\
</p>\
<ol><li>Cruthaigh cuntas Firefox ar dtús:\
<ul><li>Cliceáil ar an gcnaipe roghchláir \
\
\
  \
\
\
\
\
\
\
\
<img alt="New Fx Menu" class="wiki-image frameless lazy" data-original-src="https://user-media-stage-cdn.itsre-sumo.mozilla.net/uploads/gallery/images/2014-01-10-13-08-08-f52b8c.png" src="https://static-media-stage-cdn.itsre-sumo.mozilla.net/static/sumo/img/placeholder.gif" title="">\
\
\
 agus roghnaigh <span class="button">Logáil isteach i Sync</span> agus lean na treoracha chun do chuntas a chruthú.\
</li></ul>\
<dl><dt>\
\
\
  \
\
\
\
\
\
\
\
<img alt="Sync 29" class="wiki-image frameless lazy" data-original-src="https://user-media-stage-cdn.itsre-sumo.mozilla.net/uploads/gallery/images/2014-03-21-11-47-32-4281dc.png" src="https://static-media-stage-cdn.itsre-sumo.mozilla.net/static/sumo/img/placeholder.gif" title="">\
\
\
\
</dt></dl>\
</li><li>Ansin níl le déanamh ach síniú isteach chun gléas eile a nascadh.\
</li></ol>\
<p>Chun treoracha mionsonraithe a fháil, féach <a href="/ga-IE/kb/how-do-i-set-sync-my-computer">How do I set up Sync on my computer?</a>\
</p><div class="for" data-for="not fx45">\
<h1 id="w_nasc-fagse-a-dhaeanamh-le-cairde">Nasc físe a dhéanamh le cairde</h1>\
<p><em>Bain sult as físchomhráite saor in aisce go díreach ó do bhrabhsálaí le <a href="/ga-IE/kb/firefox-hello-video-and-voice-conversations-online"> Firefox Hello</a>.</em>\
</p>\
<ol><li>Cliceáil ar an gcnaipe Hello \
\
\
  \
\
\
\
\
\
\
\
<img alt="hello button" class="wiki-image frameless lazy" data-original-src="https://user-media-stage-cdn.itsre-sumo.mozilla.net/uploads/gallery/images/2014-10-30-17-37-19-5d4140.png" src="https://static-media-stage-cdn.itsre-sumo.mozilla.net/static/sumo/img/placeholder.gif" title="">\
\
\
 ag barr an bhrabhsálaí chun seomra comhrá a chruthú.\
</li><li>Seol an nasc chuig an gcomhrá chuig cara.\
</li><li>Tabharfaidh Firefox fógra duit nuair a thagann do chara isteach sa chomhrá.\
</li></ol>\
<p>Chun tuilleadh eolais a fháil faoi fhíschomhráite, féach <a href="/ga-IE/kb/firefox-hello-video-and-voice-conversations-online">Firefox Hello - video and voice conversations online</a>.\
</p></div><div class="for" data-for="fx45">\
<h1 id="w_leathanaigh-ghraeasaain-a-bhrabhsaail-le-cairde">Leathanaigh ghréasáin a bhrabhsáil le cairde</h1>\
<p><em>With Firefox Hello, you can call your friends and discuss web pages with them.</em>\
</p>\
<ol><li>Cliceáil ar an gcnaipe Hello \
\
\
  \
\
\
\
\
\
\
\
<img alt="hello button" class="wiki-image frameless lazy" data-original-src="https://user-media-stage-cdn.itsre-sumo.mozilla.net/uploads/gallery/images/2014-10-30-17-37-19-5d4140.png" src="https://static-media-stage-cdn.itsre-sumo.mozilla.net/static/sumo/img/placeholder.gif" title="">\
\
\
 ag barr an bhrabhsálaí chun comhrá a chruthú.\
</li><li>Seol an nasc chuig an gcomhrá chuig cara.\
</li><li>Tabharfaidh Firefox fógra duit nuair a thagann do chara isteach sa chomhrá.\
</li></ol>\
<p>Chun tuilleadh eolais a fháil faoi fhíschomhráite, féach <a href="/ga-IE/kb/firefox-hello-video-and-voice-conversations-online">Firefox Hello - video and voice conversations online</a>.\
</p></div>\
<h1 id="w_cabhair-a-fhaail">Cabhair a fháil</h1>\
<p><em>Má tá tuilleadh ceisteanna agat nó má bhíonn cabhair ag teastáil uait le Firefox am ar bith, tá tú ar an suíomh gréasáin ceart.</em> \
</p>\
<ul><li>Tá na céadta altanna ar <a href="/products/firefox">an suíomh seo</a> a chlúdaíonn beagnach gach ceist faoi Firefox a d'fhéadfadh a bheith agat. \
</li></ul>\
<dl><dt><span class="button"><a href="/products/firefox">Cabhair a fháil</a></span>\
</dt></dl>\
<p></p><div class="note">This article, like all Firefox support, is brought to you mostly by volunteers, who keep Mozilla proudly independent and open source. Keep browsing freely!</div>\
<p></p>	20	a fháil- thosaigh - firefox - forbhreathnú - príomh - gnéithe	0	0	1	0			1
26164	Ceisteanna Coitianta	ga-IE	111141	\N	22779	<p>Tá bailiúchán nasc anseo chuig na leathanaigh is úsáidí ina mínítear duit conas roinnt de na gnéithe bunúsacha a úsáid agus conas fadhbanna a d'fhéadfadh a bheith agat agus tú ag úsáid Firefox a réiteach.\
</p><p>Chun tuilleadh a fhoghlaim, cliceáil ar an nasc atá ag teacht leis an eolas atá á lorg agat.\
</p>\
<ul><li><a href="/ga-IE/kb/conas-leathanach-baile-shocru">Conas an leathanach baile a shocrú</a>, ina gclúdaítear an méid seo a leanas:\
<ul><li>Do leathanach baile a shocrú nó a athrú\
</li><li>Do leathanach baile réamhshocraithe a chur ar ais\
</li><li>An bhfuil fadhbanna agat?\
</li></ul>\
</li></ul>\
<ul><li><a href="/ga-IE/kb/brabhsail-phriobhaideach-usaid-firefox-gan-stair">Brabhsáil Phríobháideach - Firefox a úsáid gan stair a shábháil</a>, ina gclúdaítear an méid seo a leanas:\
<ul><li>Cén chaoi a osclaím fuinneog phríobháideach nua?\
</li><li>Cén chaoi a gcuirim brabhsáil phríobháideach ar siúl?\
</li><li>Cén chaoi a gcasaim brabhsáil phríobháideach as?\
</li><li>Céard nach sábháiltear agus tú ag brabhsáil go príobháideach?\
</li><li>Caíonna eile chun an t-eolas a shábhálann Firefox a rialú\
</li></ul>\
</li></ul>\
<ul><li><a href="/ga-IE/kb/athnuachan-firefox-breiseain-socruithe-athshocru">Athnuachan Firefox - breiseáin agus socruithe a athshocrú</a>, ina gclúdaítear an méid seo a leanas:\
<ul><li>Firefox a chur ar ais chuig a staid réamhshocraithe\
</li><li>Cad a dhéanann an ghné 'Athnuaigh'?\
</li></ul>\
</li></ul>\
<ul><li><a href="/ga-IE/kb/tuairisci-ar-thuairteail-a-sheoladh-le-firefox-a-fheabhsu">Tuairiscí ar thuairteáil a sheoladh chun cabhrú le Mozilla chun Firefox a fheabhsú</a>, ina gclúdaítear an méid seo a leanas:\
<ul><li>Céard é an rud é breiseán?\
</li><li>Céard é an rud é cliseadh?\
</li><li>Cén t-eolas a sheoltar i dtuairisc cliste?\
</li><li>Conas a stopfaidh mé breiseáin de bheith ag cliseadh?\
</li></ul>\
</li></ul>\
<ul><li><a href="/ga-IE/kb/troubleshoot-firefox-issues-using-safe-mode">Troubleshoot Firefox issues using Safe Mode</a>, ina gclúdaítear an méid seo a leanas:\
<ul><li>Conas Firefox a thosú sa Mhód Slán\
</li><li>An fhuinneog 'Mód Slán'\
</li><li>Fadhbanna a réiteach sa Mhód Slán\
</li><li>Dul amach as Mód Slán\
</li><li>Athruithe buana a dhéanamh ar Firefox san fhuinneog 'Mód Slán'\
</li></ul>\
</li></ul>\
<ul><li><a href="/ga-IE/kb/firefox-hangs-or-not-responding">Firefox hangs or is not responding - How to fix</a>, ina gclúdaítear an méid seo a leanas:\
<ul><li>Reonn Firefox ag amanna randamacha\
</li><li>Reonn Firefox agus físeáin Flash á seinm\
</li><li>Reonn Firefox tar éis é a bheith in úsáid ar feadh tréimhse fhada\
</li><li>Firefox a nuashonrú\
</li><li>Reonn Firefox agus an fhuinneog tosaigh á lódáil\
</li><li>Conas Athchóiriú an tSeisiúin a dhéanamh níos sciobtha\
</li><li>Reonn Firefox agus comhaid á n-íoslódáil nó íomhánna á sábháil\
</li><li>Reonn Firefox agus tú á dhúnadh\
</li></ul>\
</li></ul>\
<ul><li><a href="/ga-IE/kb/firefox-crashes-troubleshoot-prevent-and-get-help">Firefox crashes - Troubleshoot, prevent and get help fixing crashes</a>, ina gclúdaítear an méid seo a leanas:\
<ul><li>Do chuid bogearraí a nuashonrú\
</li><li>Seiceáil an bhfuil víris nó bogearraí mailíseacha agat\
</li><li>Seiceáil an dtuairteálann sé sa mhód slán\
</li><li>Do chuid crua-earraí a sheiceáil\
</li><li>Cabhair a fháil chun an tuairt seo a dheisiú\
</li></ul>\
</li></ul>	20	ceisteanna-coitianta	0	0	1	0			1
30463	Conas an leathanach baile a shocrú	ga-IE	127312	\N	833	<p>Taispeánfar duit anseo conas aon leathanach gréasáin atá uait a oscailt go huathoibríoch nuair a thosaítear Firefox nó nuair a chliceálann tú ar an gcnaipe Baile \
\
\
  \
\
\
\
\
\
\
\
<img alt="Home Button" class="wiki-image frameless lazy" data-original-src="https://user-media-stage-cdn.itsre-sumo.mozilla.net/uploads/gallery/images/2014-02-05-12-41-52-59781d.png" src="https://static-media-stage-cdn.itsre-sumo.mozilla.net/static/sumo/img/placeholder.gif" title="">\
\
\
.\
</p>\
<div id="toc"><h2>Clár na nÁbhar</h2><ul><li class="toclevel-1"><a href="#w_do-leathanach-baile-a-shocraj-nah-a-athraj"><span class="tocnumber">1</span> <span class="toctext">Do leathanach baile a shocrú nó a athrú</span></a></li><li class="toclevel-1"><a href="#w_an-leathanach-baile-raeamhshocraithe-a-chur-ar-ais"><span class="tocnumber">2</span> <span class="toctext">An leathanach baile réamhshocraithe a chur ar ais</span></a></li><li class="toclevel-1"><a href="#w_an-bhfuil-fadhbanna-agat"><span class="tocnumber">3</span> <span class="toctext">An bhfuil fadhbanna agat?</span></a></li></ul></div>\
<h1 id="w_do-leathanach-baile-a-shocraj-nah-a-athraj">Do leathanach baile a shocrú nó a athrú</h1>\
<div class="for" data-for="fx29"><p>\
</p>\
<ol><li> Oscail an leathanach gréasáin is mian leat a úsáid mar do leathanach baile i gcluaisín.\
</li><li> Tarraing an cluaisín sin agus scaoil ar an gcnaipe Baile \
\
\
  \
\
\
\
\
\
\
\
<img alt="Home Button" class="wiki-image frameless lazy" data-original-src="https://user-media-stage-cdn.itsre-sumo.mozilla.net/uploads/gallery/images/2014-02-05-12-41-52-59781d.png" src="https://static-media-stage-cdn.itsre-sumo.mozilla.net/static/sumo/img/placeholder.gif" title="">\
\
\
 é.\
<dl><dt><span class="for" data-for="winxp">\
\
\
  \
\
\
\
\
\
\
\
<img alt="Home Page 29 - WinXP" class="wiki-image frameless lazy" data-original-src="https://user-media-stage-cdn.itsre-sumo.mozilla.net/uploads/gallery/images/2014-02-05-14-57-44-063314.png" src="https://static-media-stage-cdn.itsre-sumo.mozilla.net/static/sumo/img/placeholder.gif" title="">\
\
\
</span><span class="for" data-for="win7,win8,win10">\
\
\
  \
\
\
\
\
\
\
\
<img alt="Home Page 29 - Win8" class="wiki-image frameless lazy" data-original-src="https://user-media-stage-cdn.itsre-sumo.mozilla.net/uploads/gallery/images/2014-03-21-09-03-25-5f5a17.png" src="https://static-media-stage-cdn.itsre-sumo.mozilla.net/static/sumo/img/placeholder.gif" title="">\
\
\
</span><span class="for" data-for="mac">\
\
\
  \
\
\
\
\
\
\
\
<img alt="Home Page 29 - Mac" class="wiki-image frameless lazy" data-original-src="https://user-media-stage-cdn.itsre-sumo.mozilla.net/uploads/gallery/images/2014-02-05-14-57-03-c4e0de.png" src="https://static-media-stage-cdn.itsre-sumo.mozilla.net/static/sumo/img/placeholder.gif" title="">\
\
\
</span><span class="for" data-for="linux">\
\
\
  \
\
\
\
\
\
\
\
<img alt="Home Page 29 - Linux" class="wiki-image frameless lazy" data-original-src="https://user-media-stage-cdn.itsre-sumo.mozilla.net/uploads/gallery/images/2014-02-05-14-56-32-a4db24.png" src="https://static-media-stage-cdn.itsre-sumo.mozilla.net/static/sumo/img/placeholder.gif" title="">\
\
\
</span>\
</dt></dl>\
</li><li> Cliceáil ar <span class="button">Tá</span> chun an leathanach sin a shocrú mar do leathanach baile.\
</li></ol>\
</div>\
<div class="note">\
<p><strong>Leid:</strong> Tá tuilleadh socruithe don leathanach baile ar fáil san fhuinneog <span class="for" data-for="win">Roghanna</span><span class="for" data-for="mac,linux">Sainroghanna</span>\
.\
</p>\
<ul><li>Cliceáil ar an gcnaipe roghchláir \
\
\
  \
\
\
\
\
\
\
\
<img alt="New Fx Menu" class="wiki-image frameless lazy" data-original-src="https://user-media-stage-cdn.itsre-sumo.mozilla.net/uploads/gallery/images/2014-01-10-13-08-08-f52b8c.png" src="https://static-media-stage-cdn.itsre-sumo.mozilla.net/static/sumo/img/placeholder.gif" title="">\
\
\
, ansin pioc <span class="for" data-for="win"><span class="button">Roghanna</span></span><span class="for" data-for="mac,linux"><span class="button">Sainroghanna</span></span> agus ansin roghnaigh an painéal <span class="menu">Ginearálta</span>.\
<ul><li>Ón roghchlár anuas is féidir leat roghnú go ndéanfaidh Firefox <strong>leathanach bán</strong> a thaispeáint agus é ag tosú, nó  <strong>do chuid fuinneog agus cluaisíní ón seisiún roimhe seo</strong> a thaispeáint.\
</li><li>Is féidir leat níos mó ná cluaisín amháin a shocrú don leathanach baile freisin: Oscail gach leathanach i gcluaisín ar leith, ansin cliceáil ar <span class="button">Úsáid na Leathanaigh Reatha</span>.\
</li></ul>\
</li></ul>\
</div>\
<h1 id="w_an-leathanach-baile-raeamhshocraithe-a-chur-ar-ais">An leathanach baile réamhshocraithe a chur ar ais</h1>\
<p><em>Más mian leat aon saincheapadh atá déanta agat ar an leathanach baile a scriosadh, is mar seo a dhéantar é:</em>\
</p>\
<ol><li> <div class="for" data-for="not fx29"><p><span class="for" data-for="win7,win8">Ag barr fhuinneog Firefox, cliceáil ar an gcnaipe <span class="button">Firefox</span>, ansin pioc <span class="menu">Roghanna</span></span><span class="for" data-for="winxp">Ag barr fhuinneog Firefox, cliceáil ar an roghchlár <span class="menu">Uirlisí</span>, ansin pioc <span class="menu">Roghanna</span></span><span class="for" data-for="mac">Ar bharra an roghchláir, cliceáil ar an roghchlár <span class="menu">Firefox</span> agus roghnaigh <span class="menu">Sainroghanna...</span></span><span class="for" data-for="linux">Ag barr fhuinneog Firefox, cliceáil ar an roghchlár <span class="menu">Eagar</span> agus roghnaigh <span class="menu">Sainroghanna</span></span>\
</p></div><div class="for" data-for="fx29"><p>Cliceáil ar an gcnaipe roghchláir \
\
\
  \
\
\
\
\
\
\
\
<img alt="New Fx Menu" class="wiki-image frameless lazy" data-original-src="https://user-media-stage-cdn.itsre-sumo.mozilla.net/uploads/gallery/images/2014-01-10-13-08-08-f52b8c.png" src="https://static-media-stage-cdn.itsre-sumo.mozilla.net/static/sumo/img/placeholder.gif" title="">\
\
\
, ansin pioc <span class="for" data-for="win"><span class="button">Roghanna</span></span><span class="for" data-for="mac,linux"><span class="button">Sainroghanna</span></span>\
</p></div>\
</li><li> Roghnaigh an painéal <span class="menu">Ginearálta</span>.\
</li><li> Sa bhosca Tosú faoi "Leathanach Baile:", cliceáil ar an gcnaipe <span class="button">Cuir na réamhshocruithe ar ais</span>.<br>\
\
\
  \
\
\
\
\
\
\
\
<img alt="restore default fx38" class="wiki-image frameless lazy" data-original-src="https://user-media-stage-cdn.itsre-sumo.mozilla.net/uploads/gallery/images/2015-05-11-19-58-02-074d5b.png" src="https://static-media-stage-cdn.itsre-sumo.mozilla.net/static/sumo/img/placeholder.gif" title="">\
\
\
\
</li><li> <p><span class="for" data-for="not fx38"><span class="for" data-for="win">Cliceáil ar <span class="button">OK</span> chun an fhuinneog Roghanna a dhúnadh.</span><span class="for" data-for="linux">Cliceáil ar <span class="button">Dún</span> chun an fhuinneog Sainroghanna a dhúnadh.</span><span class="for" data-for="mac">Dún an fhuinneog Sainroghanna.</span></span>\
<span class="for" data-for="fx38">Dún an leathanach <em>about:preferences</em>. Sábhálfar aon athrú atá déanta agat go huathoibríoch.</span>\
</p>\
</li></ol>\
<h1 id="w_an-bhfuil-fadhbanna-agat">An bhfuil fadhbanna agat?</h1>\
<p>Tá an réiteach orthu againn:\
</p>\
<ul><li>Má fheiceann tú an cluaisín "Tá Firefox tar éis nuashonrú" gach uair a thosaíonn Firefox, féach an t-alt <a href="/ga-IE/kb/firefox-says-its-just-updated-every-time-it-starts">Firefox says it's just updated every time it starts - how to fix</a>.\
</li><li> Mura sábháltar do chuid socruithe don leathanach baile, féach <a href="/ga-IE/kb/how-to-fix-preferences-wont-save">How to fix preferences that won't save</a>.\
</li><li> Mura bhfuil an cnaipe Baile le feiceáil, caith súil ar <a href="/ga-IE/kb/customize-firefox-controls-buttons-and-toolbars">Customize Firefox controls, buttons and toolbars</a>\
</li><li> Más rud é gur ghlac leathanach eile nach bhfuil uait seilbh ar do leathanach baile nó gur athraíodh go huathoibríoch é, féach  <a href="/ga-IE/kb/remove-toolbar-has-taken-over-your-firefox-search">Remove a toolbar that has taken over your Firefox search or home page</a>. \
</li></ul>\
<div class="for" data-for="win">\
<ul><li> Má leanann leathanach de bheith ag oscailt, fiú tar éis duit barra uirlisí tríú páirtí a bhaint agus do leathanach baile a athshocrú, féach <a href="/ga-IE/kb/wrong-home-page-opens-when-i-start-firefox-how-fix">Wrong home page opens when I start Firefox - How to fix</a>\
</li></ul>\
</div>	20	conas-leathanach-baile-shocru	0	0	1	0		http://mzl.la/1XPY1yP	1
30487	Athnuachan Firefox - breiseáin agus socruithe a athshocrú	ga-IE	127306	\N	8191	<p></p><div class="for" data-for="not fx"><div class="warning">This feature is available on Firefox for desktop or laptop computers.</div></div>\
<p></p><div class="for" data-for="not fx35"><div class="warning">This feature has been improved in the latest version of Firefox. <a href="/ga-IE/kb/firefox-nuashonru-chuig-leagan-deanai">Firefox a nuashonrú chuig an leagan is déanaí</a> to use the improved version.</div></div>\
<p></p>\
Má tá fadhbanna agat le Firefox, seans go gcabhróidh sé má dhéantar é a athnuachan. Deisíonn an ghné athnuachana go leor fadhbanna trí Firefox a chur ar ais chuig a staid réamhshocraithe agus an t-eolas riachtanach atá agat, cosúil le leabharmharcanna, pasfhocail, agus cluaisíní oscailte a shábháil ag an am céanna. <div class="note"><strong>Tabhair faoi deara:</strong> Baintear na breiseáin agus sonraí a bhaineann le breiseáin.</div>\
<h1 id="w_firefox-a-athnuachan">Firefox a athnuachan</h1>\
<p></p><ol><li>Click this <a class="btn btn-submit" data-mozilla-ui-reset="reset" href="#">Nuashonraigh Firefox</a> button directly, if you are viewing this page in Firefox.<br><strong>This won't work if you are using a different browser or on a mobile device.</strong>\
<ul><li>You can also find a Refresh Firefox button at the top of the Firefox <em>about:support</em> <a href="/ga-IE/kb/use-troubleshooting-information-page-fix-firefox">Troubleshooting Information</a> page.  \
</li></ul>\
</li><li>To continue, click <span class="button">Refresh Firefox</span> in the confirmation window that opens.\
</li><li>Firefox will close to refresh itself. When finished, a window will list your imported information. Click <span class="button">Finish</span> and Firefox will open.\
</li></ol>\
<p>\
\
</p><div class="note"><strong>Note:</strong> There's also a Refresh Firefox button in the <a href="/ga-IE/kb/troubleshoot-firefox-issues-using-safe-mode">Firefox Safe Mode</a> window, if you can't start Firefox normally. If you are unable to find the Refresh Firefox button on your version of Firefox, you can also do a manual refresh by creating a new profile. See <a href="/ga-IE/kb/recovering-important-data-from-an-old-profile#w_create-a-new-firefox-profile">instructions on how to create a new profile</a>.</div>\
<p></p>\
<h1 id="w_cad-a-dhaeanann-an-ghnae-athnuaigh">Cad a dhéanann an ghné 'Athnuaigh'?</h1>\
<p>Tá socruithe Firefox agus an fhaisnéis phearsanta ar fad atá agat stóráilte i bh<a href="/ga-IE/kb/profiles-where-firefox-stores-user-data">fillteán próifílí</a>. Is é an chaoi a n-oibríonn an ghné athnuachana ná fillteán nua próifílí a chruthú duit agus na sonraí tábhachtacha atá agat a shábháil.\
</p><p>Bainfear breiseáin a stóráiltear laistigh den fhillteán próifílí Firefox de ghnáth, cosúil le h<a href="https://addons.mozilla.org/firefox/extensions/">eisínteachtaí</a> agus <a href="/ga-IE/kb/use-themes-change-look-of-firefox">téamaí</a>. Ní bhainfear breiseáin atá stóráilte i suíomhanna eile, cosúil le <a href="/ga-IE/kb/use-plugins-play-audio-video-games">forlíontáin</a>, ach déanfar aon sainrogha atá athraithe agat (cosúil le forlíontáin a dhíchumasú) a athshocrú.\
</p>\
<h2 id="w_seo-a-leanas-na-magreanna-a-shaabhaalfaidh-firefox">Seo a leanas na míreanna a shábhálfaidh Firefox:</h2>\
<ul><li>Leabharmharcanna\
</li><li>Stair bhrabhsála\
</li><li>Pasfhocail\
</li><li>Fuinneoga<span class="for" data-for="not fx45">, grúpaí cluaisíní</span> agus cluaisíní atá oscailte\
</li><li>Fianáin\
</li><li>Faisnéis chun foirmeacha gréasáin a líonadh go huathoibríoch\
</li><li>An foclóir pearsanta\
</li></ul>\
<h2 id="w_seo-a-leanas-na-magreanna-agus-socruithe-a-bhainfear">Seo a leanas na míreanna agus socruithe a bhainfear:</h2>\
<ul><li><a href="/ga-IE/kb/find-and-install-add-ons-add-features-to-firefox">Eisínteachtaí agus téamaí</a>, ceadanna suíomhanna gréasáin, sainroghanna a athraíodh, <a href="/ga-IE/kb/add-or-remove-search-engine-firefox#w_add-a-search-engine">innill chuardaigh a cuireadh leis</a>, <a href="/ga-IE/kb/where-find-and-manage-downloaded-files-firefox">stair na n-íoslódálacha</a>, stóras DOM, <a href="/ga-IE/kb/advanced-panel-settings-in-firefox#w_certificates-tab">an teastas slándála agus socruithe an ghléis</a>, <a href="/ga-IE/kb/change-firefox-behavior-when-open-file">gníomhaíochtaí íoslódála</a>, socruithe na bhforlíontán, <a href="/ga-IE/kb/customize-firefox-controls-buttons-and-toolbars">saincheapadh ar bharraí uirlisí</a>, stíleanna úsáideora agus <a href="/ga-IE/kb/add-social-features-firefox-sidebar">gnéithe sóisialta</a>.\
</li></ul>\
<div class="note"><strong>Tabhair faoi deara:</strong> Cuirfear do sheanphróifíl Firefox ar do dheasc i bhfillteán darbh ainm "Seansonraí Firefox". Más rud é nár réitigh <span class="for" data-for="not fx35">an t-athshocrú</span><span class="for" data-for="fx35">an t-athnuachan</span> an fhadhb a bhí agat is féidir leat roinnt den fhaisnéis nár sábháladh a aischur <a href="/ga-IE/kb/recovering-important-data-from-an-old-profile#w_copying-files-between-profile-folders">má dhéanann tú comhaid a chóipeáil chuig an bpróifíl nua a cruthaíodh</a>. Mura bhfuil an fillteán seo ag teastáil uait a thuilleadh, ba cheart duit é a scriosadh toisc go bhfuil sonraí pearsanta ann.</div>	20	athnuachan-firefox-breiseain-socruithe-athshocru	0	0	1	0		http://mzl.la/21Q7gyr	1
30592	Firefox a nuashonrú chuig an leagan is déanaí	ga-IE	127310	\N	735	<p>Mar réamhshocrú, tá Firefox socraithe chun nuashonrú a dhéanamh air fein go huathoibríoch ach is féidir leat nuashonrú a dhéanamh de láimh am ar bith freisin. Seo an chaoi chun é sin a dhéanamh:\
</p><div class="for" data-for="linux">\
<div class="note"><strong>NB:</strong> Má úsáideann tú an leagan de Firefox atá pacáistithe le do dháileach Linux, beidh ort fanacht go dtí go n-eiseofar pacáiste nuashonraithe chuig stór pacáistí an dáilte sin. Ní bhaineann an t-alt seo le hábhar ach amháin más rud é go ndearna tú Firefox a shuiteáil de láimh (gan an bainisteoir pacáistí sa dáileadh Linux atá agat a úsáid).</div>\
</div>\
<ol><li><span class="for" data-for="win,linux">Cliceáil ar an gcnaipe roghchláir \
\
\
  \
\
\
\
\
\
\
\
<img alt="New Fx Menu" class="wiki-image frameless lazy" data-original-src="https://user-media-stage-cdn.itsre-sumo.mozilla.net/uploads/gallery/images/2014-01-10-13-08-08-f52b8c.png" src="https://static-media-stage-cdn.itsre-sumo.mozilla.net/static/sumo/img/placeholder.gif" title="">\
\
\
, ansin cliceáil ar 'Cabhair' \
\
\
  \
\
\
\
\
\
\
\
<img alt="Help-29" class="wiki-image frameless lazy" data-original-src="https://user-media-stage-cdn.itsre-sumo.mozilla.net/uploads/gallery/images/2014-01-10-13-10-08-eaa722.png" src="https://static-media-stage-cdn.itsre-sumo.mozilla.net/static/sumo/img/placeholder.gif" title="">\
\
\
 agus roghnaigh <span class="menu">Maidir le Firefox</span>.</span><span class="for" data-for="mac">Ar an mbarra roghchláir, cliceáil ar an roghchlár <span class="menu">Firefox</span> agus roghnaigh <span class="menu">Maidir le Firefox</span>.</span>\
</li><li>Osclóidh an fhuinneog <strong>Maidir le Firefox</strong> agus tosóidh Firefox ar nuashonruithe a chuardach agus a íoslódáil go huathoibríoch. \
<dl><dt><span class="for" data-for="win">\
\
\
  \
\
\
\
\
\
\
\
<img alt="Update Win1 Fx14" class="wiki-image frameless lazy" data-original-src="https://user-media-stage-cdn.itsre-sumo.mozilla.net/uploads/gallery/images/2013-11-01-14-54-24-fe04af.png" src="https://static-media-stage-cdn.itsre-sumo.mozilla.net/static/sumo/img/placeholder.gif" title="">\
\
\
</span>\
</dt></dl>\
</li><li>Nuair a bheidh na nuashonruithe réidh le suiteáil, cliceáil ar <span class="button"><span class="for" data-for="not fx34">Atosaigh le Nuashonrú</span><span class="for" data-for="fx34">Atosaigh Firefox chun é a nuashonrú</span></span>. \
<dl><dt><span class="for" data-for="win"><span class="for" data-for="not fx34">\
\
\
  \
\
\
\
\
\
\
\
<img alt="Update Win2 Fx14" class="wiki-image frameless lazy" data-original-src="https://user-media-stage-cdn.itsre-sumo.mozilla.net/uploads/gallery/images/2013-11-01-14-53-55-567992.png" src="https://static-media-stage-cdn.itsre-sumo.mozilla.net/static/sumo/img/placeholder.gif" title="">\
\
\
</span><span class="for" data-for="fx34">\
\
\
  \
\
\
\
\
\
\
\
<img alt="Update Win2 Fx34" class="wiki-image frameless lazy" data-original-src="https://user-media-stage-cdn.itsre-sumo.mozilla.net/uploads/gallery/images/2015-01-18-07-45-57-7528d8.png" src="https://static-media-stage-cdn.itsre-sumo.mozilla.net/static/sumo/img/placeholder.gif" title="">\
\
\
</span></span>\
</dt></dl>\
</li></ol>\
<div class="warning"><strong>Tábhachtach:</strong> Más rud é nár thosaigh an nuashonrú, nár chríochnaigh sé nó gur tharla fadhb éigean eile, bain úsáid as <a href="https://www.mozilla.org/firefox/new/?scene=2#download-fx">an nasc íosluchtaithe seo</a> nó téigh chuig <a href="https://www.mozilla.org/firefox/all/">leathanach na gCóras agus na dTeangacha</a> chun an leagan is déanaí de Firefox i gcomhair do chóras agus do theanga a íosluchtú (féach <span class="for" data-for="win"><a href="/ga-IE/kb/how-download-and-install-firefox-windows">How to download and install Firefox on Windows</a></span><span class="for" data-for="linux"><a href="/ga-IE/kb/install-firefox-linux">Install Firefox on Linux</a></span><span class="for" data-for="mac"><a href="/ga-IE/kb/how-download-and-install-firefox-mac">How to download and install Firefox on Mac</a></span> chun treoracha a fháil). \
<p><strong>Bí sábháilte:</strong> Ná déan íosluchtú ach ó naisc oifigiúla Mozilla thuas chun bogearraí mailíseacha a sheachaint.\
</p>\
</div>\
<p>Chun socruithe na nuashonruithe a athrú, féach <a href="/ga-IE/kb/advanced-panel-settings-in-firefox#w_update-tab">Advanced panel - Accessibility, browsing, network, updates, and other advanced settings in Firefox</a>.\
</p><p></p><div class="note">This article, like all Firefox support, is brought to you mostly by volunteers, who keep Mozilla proudly independent and open source. Keep browsing freely!</div>\
<p></p>	20	firefox-nuashonru-chuig-leagan-deanai	0	0	1	0		http://mzl.la/1P7XC3d	1
32808	Template:AndroidMenuLocation	ga-IE	121214	\N	12861	<p>(<a href="/ga-IE/kb/firefox-menu-icon-missing-android-how-access-menu"> faoin scáileán ar ghléasanna áirithe</a>, é sin nó sa chúinne ar bharr ar dheis den bhrabhsálaí)\
</p>	60	templateandroidmenulocation	1	0	1	0			1
32810	Template:optionspreferences	ga-IE	121218	\N	7	<div class="for" data-for="not fx29"><p><span class="for" data-for="win7,win8">Ag barr fhuinneog Firefox, cliceáil ar an gcnaipe <span class="button">Firefox</span>, ansin pioc <span class="menu">Roghanna</span></span><span class="for" data-for="winxp">Ag barr fhuinneog Firefox, cliceáil ar an roghchlár <span class="menu">Uirlisí</span>, ansin pioc <span class="menu">Roghanna</span></span><span class="for" data-for="mac">Ar bharra an roghchláir, cliceáil ar an roghchlár <span class="menu">Firefox</span> agus roghnaigh <span class="menu">Sainroghanna...</span></span><span class="for" data-for="linux">Ag barr fhuinneog Firefox, cliceáil ar an roghchlár <span class="menu">Eagar</span> agus roghnaigh <span class="menu">Sainroghanna</span></span>\
</p></div><div class="for" data-for="fx29"><p>Cliceáil ar an gcnaipe roghchláir \
\
\
  \
\
\
\
\
\
\
\
<img alt="New Fx Menu" class="wiki-image frameless lazy" data-original-src="https://user-media-stage-cdn.itsre-sumo.mozilla.net/uploads/gallery/images/2014-01-10-13-08-08-f52b8c.png" src="https://static-media-stage-cdn.itsre-sumo.mozilla.net/static/sumo/img/placeholder.gif" title="">\
\
\
, ansin pioc <span class="for" data-for="win"><span class="button">Roghanna</span></span><span class="for" data-for="mac,linux"><span class="button">Sainroghanna</span></span>\
</p></div>	60	templateoptionspreferences	1	0	1	0			1
34296	Brabhsáil Phríobháideach - Firefox a úsáid gan stair a shábháil	ga-IE	127298	\N	901	<p>Agus tú i mbun brabhsála ar an ngréasán, cuimhníonn Firefox ar go leor faisnéise duit - cosúil leis na suíomhanna ar thug tú cuairt orthu. D'fhéadfadh sé tarlú uaireanta, áfach, nach dteastaíonn uait go bhfeicfidh na daoine a bhfuil teacht acu ar do ríomhaire an fhaisnéis seo, mar shampla nuair a bhíonn tú ag déanamh siopadóireachta chun bronntanas a fháil. <strong>Ligeann Brabhsáil Phríobháideach duit an tIdirlíon a bhrabhsáil gan aon fhaisnéis a shábháil faoi cé na suíomhanna agus leathanaigh ar thug tú cuairt orthu.</strong> \
</p><div class="for" data-for="fx42"><p>Is cuid den Bhrabhsáil Phríobháideach é <a href="/ga-IE/kb/tracking-protection">Tracking Protection</a>, gné a chuireann cosc ar chuideachtaí do stair bhrabhsála a rianú thar níos mó ná suíomh amháin. Chun tuilleadh eolais a fháil fao Bhrabhsáil Phríobháideach le Cosaint ar Rianú in Firefox, féach <a href="/ga-IE/kb/tracking-protection">Tracking Protection</a>.\
</p></div><p>Is mar seo a oibríonn sé.\
</p><p>\
</p>\
<div class="warning"><strong>Tábhachtach:</strong> Ní fhágann Brabhsáil Phríobháideach go bhfuil tú iomlán anaithnid ar an Idirlíon. Is féidir le do sholáthraí seirbhísí Idirlín, d'fhostóir, nó na suíomhanna féin na leathanaigh a dtugann tú cuairt orthu a rianú fós. Ní thugann Brabhsáil Phríobháideach cosaint duit ach oiread ó <a href="http://en.wikipedia.org/wiki/Keylogger">eochairlogálaithe</a> ná ó <a href="http://en.wikipedia.org/wiki/Spyware">bhogearraí spiaireachta </a> a d'fhéadfadh a bheith suiteáilte ar do ríomhaire.</div> \
<div id="toc"><h2>Clár na nÁbhar</h2><ul><li class="toclevel-1"><a href="#w_caen-chaoi-ar-faeidir-liom-fuinneog-phragobhaaideach-nua-a-oscailt"><span class="tocnumber">1</span> <span class="toctext">Cén chaoi ar féidir liom Fuinneog Phríobháideach nua a oscailt?</span></a><ul><li class="toclevel-2"><a href="#w_fuinneog-phragobhaaideach-nua-bhaan-a-oscailt"><span class="tocnumber">1.1</span> <span class="toctext">Fuinneog Phríobháideach nua, bhán a oscailt</span></a></li><li class="toclevel-2"><a href="#w_nasc-a-oscailt-i-bhfuinneog-phragobhaaideach-nua"><span class="tocnumber">1.2</span> <span class="toctext">Nasc a oscailt i bhFuinneog Phríobháideach nua</span></a></li></ul></li><li class="toclevel-1"><a href="#w_caeard-nach-saabhaailtear-sa-bhrabhsaail-phragobhaaideach"><span class="tocnumber">2</span> <span class="toctext">Céard nach sábháiltear sa Bhrabhsáil Phríobháideach?</span></a></li><li class="toclevel-1"><a href="#w_an-faeidir-liom-firefox-a-shocraj-chun-brabhsaail-phragobhaaideach-a-ajsaaid-i-gcahnaag"><span class="tocnumber">3</span> <span class="toctext">An féidir liom Firefox a shocrú chun Brabhsáil Phríobháideach a úsáid i gcónaí?</span></a></li><li class="toclevel-1"><a href="#w_bealaag-eile-chun-an-fhaisnaeis-a-shaabhaalann-firefox-a-rialaj"><span class="tocnumber">4</span> <span class="toctext">Bealaí eile chun an fhaisnéis a shábhálann Firefox a rialú</span></a></li></ul></div>\
<h1 id="w_caen-chaoi-ar-faeidir-liom-fuinneog-phragobhaaideach-nua-a-oscailt">Cén chaoi ar féidir liom Fuinneog Phríobháideach nua a oscailt?</h1>\
<p>Tá dhá bhealach ann chun Fuinneog Phríobháideach a oscailt.\
</p>\
<h2 id="w_fuinneog-phragobhaaideach-nua-bhaan-a-oscailt">Fuinneog Phríobháideach nua, bhán a oscailt</h2>\
<ul><li>Cliceáil ar an gcnaipe roghchláir \
\
\
  \
\
\
\
\
\
\
\
<img alt="New Fx Menu" class="wiki-image frameless lazy" data-original-src="https://user-media-stage-cdn.itsre-sumo.mozilla.net/uploads/gallery/images/2014-01-10-13-08-08-f52b8c.png" src="https://static-media-stage-cdn.itsre-sumo.mozilla.net/static/sumo/img/placeholder.gif" title="">\
\
\
 agus ansin cliceáil ar <span class="button">Fuinneog Nua Phríobháideach</span>.\
<dl><dt><span class="for" data-for="winxp">\
\
\
  \
\
\
\
\
\
\
\
<img alt="private browsing - fx29 - winxp" class="wiki-image frameless lazy" data-original-src="https://user-media-stage-cdn.itsre-sumo.mozilla.net/uploads/gallery/images/2014-01-24-11-08-31-59fe16.png" src="https://static-media-stage-cdn.itsre-sumo.mozilla.net/static/sumo/img/placeholder.gif" title="">\
\
\
</span><span class="for" data-for="win7,win8,win10">\
\
\
  \
\
\
\
\
\
\
\
<img alt="private browsing - fx29 - win8" class="wiki-image frameless lazy" data-original-src="https://user-media-stage-cdn.itsre-sumo.mozilla.net/uploads/gallery/images/2014-01-24-11-07-26-b05e27.png" src="https://static-media-stage-cdn.itsre-sumo.mozilla.net/static/sumo/img/placeholder.gif" title="">\
\
\
</span><span class="for" data-for="mac">\
\
\
  \
\
\
\
\
\
\
\
<img alt="private browsing - fx29 - mac" class="wiki-image frameless lazy" data-original-src="https://user-media-stage-cdn.itsre-sumo.mozilla.net/uploads/gallery/images/2014-01-24-11-05-45-da4668.png" src="https://static-media-stage-cdn.itsre-sumo.mozilla.net/static/sumo/img/placeholder.gif" title="">\
\
\
</span><span class="for" data-for="linux">\
\
\
  \
\
\
\
\
\
\
\
<img alt="private browsing - fx29 - linux" class="wiki-image frameless lazy" data-original-src="https://user-media-stage-cdn.itsre-sumo.mozilla.net/uploads/gallery/images/2014-01-24-11-08-01-3ad625.png" src="https://static-media-stage-cdn.itsre-sumo.mozilla.net/static/sumo/img/placeholder.gif" title="">\
\
\
</span>\
</dt></dl>\
</li></ul>\
<h2 id="w_nasc-a-oscailt-i-bhfuinneog-phragobhaaideach-nua">Nasc a oscailt i bhFuinneog Phríobháideach nua</h2>\
<ul><li><span class="for" data-for="win,linux">Right-click</span><span class="for" data-for="mac">Hold down the <span class="key">Ctrl</span> key while you click</span>\
 ar aon nasc agus roghnaigh <span class="menu">Oscail Nasc i bhFuinneog Nua Phríobháideach</span> ón roghchlár comhthéacs.\
<dl><dt><span class="for" data-for="winxp">\
\
\
  \
\
\
\
\
\
\
\
<img alt="Link in Private Window Fx20 WinXP" class="wiki-image frameless lazy" data-original-src="https://user-media-stage-cdn.itsre-sumo.mozilla.net/uploads/gallery/images/2014-01-24-10-51-23-f26e50.png" src="https://static-media-stage-cdn.itsre-sumo.mozilla.net/static/sumo/img/placeholder.gif" title="">\
\
\
</span><span class="for" data-for="win7,win8,win10">\
\
\
  \
\
\
\
\
\
\
\
<img alt="Link in Private Window Fx20 Win7" class="wiki-image frameless lazy" data-original-src="https://user-media-stage-cdn.itsre-sumo.mozilla.net/uploads/gallery/images/2014-01-24-10-52-40-9a9c98.png" src="https://static-media-stage-cdn.itsre-sumo.mozilla.net/static/sumo/img/placeholder.gif" title="">\
\
\
</span><span class="for" data-for="mac">\
\
\
  \
\
\
\
\
\
\
\
<img alt="Link in Private Window Fx20 Mac" class="wiki-image frameless lazy" data-original-src="https://user-media-stage-cdn.itsre-sumo.mozilla.net/uploads/gallery/images/2014-01-24-10-53-19-87d251.png" src="https://static-media-stage-cdn.itsre-sumo.mozilla.net/static/sumo/img/placeholder.gif" title="">\
\
\
</span><span class="for" data-for="linux">\
\
\
  \
\
\
\
\
\
\
\
<img alt="Link in Private Window Fx20 Lin" class="wiki-image frameless lazy" data-original-src="https://user-media-stage-cdn.itsre-sumo.mozilla.net/uploads/gallery/images/2014-01-24-10-54-02-c502d8.png" src="https://static-media-stage-cdn.itsre-sumo.mozilla.net/static/sumo/img/placeholder.gif" title="">\
\
\
</span>\
</dt></dl>\
</li></ul>\
<div class="note"><strong>Leid:</strong> Bíonn masc corcra le feiceáil ag an mbarr ar fhuinneoga Brabhsála Príobháidí.</div>\
<dl><dt><span class="for" data-for="winxp">\
\
\
  \
\
\
\
\
\
\
\
<img alt="Mask - WinXP" class="wiki-image frameless lazy" data-original-src="https://user-media-stage-cdn.itsre-sumo.mozilla.net/uploads/gallery/images/2014-01-24-10-42-22-5012ad.png" src="https://static-media-stage-cdn.itsre-sumo.mozilla.net/static/sumo/img/placeholder.gif" title="">\
\
\
</span><span class="for" data-for="win7,win8,win10">\
\
\
  \
\
\
\
\
\
\
\
<img alt="Mask - Win8" class="wiki-image frameless lazy" data-original-src="https://user-media-stage-cdn.itsre-sumo.mozilla.net/uploads/gallery/images/2014-01-24-10-42-48-b9cf39.png" src="https://static-media-stage-cdn.itsre-sumo.mozilla.net/static/sumo/img/placeholder.gif" title="">\
\
\
</span><span class="for" data-for="mac">\
\
\
  \
\
\
\
\
\
\
\
<img alt="Mask - Mac" class="wiki-image frameless lazy" data-original-src="https://user-media-stage-cdn.itsre-sumo.mozilla.net/uploads/gallery/images/2014-01-24-10-43-32-7ad248.png" src="https://static-media-stage-cdn.itsre-sumo.mozilla.net/static/sumo/img/placeholder.gif" title="">\
\
\
</span><span class="for" data-for="linux">\
\
\
  \
\
\
\
\
\
\
\
<img alt="Mask - Linux" class="wiki-image frameless lazy" data-original-src="https://user-media-stage-cdn.itsre-sumo.mozilla.net/uploads/gallery/images/2014-01-24-10-44-02-5fa3fa.png" src="https://static-media-stage-cdn.itsre-sumo.mozilla.net/static/sumo/img/placeholder.gif" title="">\
\
\
</span>\
</dt></dl>\
<h1 id="w_caeard-nach-saabhaailtear-sa-bhrabhsaail-phragobhaaideach">Céard nach sábháiltear sa Bhrabhsáil Phríobháideach?</h1>\
<ul><li> <strong>Leathanaigh ar tugadh cuairt orthu</strong>: Ní chuirfear aon leathanach le liosta na suíomhanna sa roghchlár Staire, i liosta staire Fhuinneog na leabharlainne, ná le liostaí seoltaí an <a href="/ga-IE/kb/awesome-bar-search-firefox-bookmarks-history-tabs">Bharra Awesome (an barra seoltaí cliste)</a>.\
</li><li> <strong>Iontrálacha i bhFoirmeacha agus sa Bharra Cuardaigh</strong>: Ní shábhálfar aon rud a chuirfidh tú isteach i dtéacsbhoscaí ar leathanaigh ghréasáin ná sa <a href="/ga-IE/kb/use-search-bar-firefox">bharra Cuardaigh</a> don <a href="/ga-IE/kb/control-whether-firefox-automatically-fills-forms">uathlíonadh foirmeacha</a>.\
</li><li> <strong>Focail faire</strong>: Ní shábhálfar aon fhocal faire nua.\
</li><li> <strong>Míreanna i Liosta na nÍosluchtuithe</strong>: Ní bheidh aon chomhad a íosluchtfaidh tú le feiceáil sa liosta i bh<a href="/ga-IE/kb/where-find-and-manage-downloaded-files-firefox">Fuinneog na nÍosluchtuithe</a> tar éis duit Brabhsáil Phríobháideacha a chasadh as.\
</li><li> <strong>Fianáin</strong>: Úsáidtear <a href="/ga-IE/kb/cookies-information-websites-store-on-your-computer">fianáin</a> chun faisnis a stóráil faoi shuíomhanna gréasáin a dtugann tú cuairt orthu, mar shampla sainroghanna an tsuímh, eolas faoi bheith logáilte isteach nó gan a bheith, agus sonraí a úsáideann breiseáin cosúil le Adobe Flash. Is féidir le tríú páirtithe fianáin a úsáid chun rianú a dhéanamh ort agus tú ag surfáil ó leathanach gréasáin amháin go ceann eile. Chun tuilleadh eolais a fháil faoi rianú, féach <a href="/ga-IE/kb/how-do-i-turn-do-not-track-feature">How do I turn on the Do Not Track feature?</a>\
</li><li> <strong>Inneachar Gréasáin Taiscthe</strong> agus <strong>Inneachar Gréasáin agus Sonraí Úsáideora As Líne</strong>: Ní shábhálfar comhaid shealadach Idirlín (comhaid <a href="http://en.wikipedia.org/wiki/Web_cache">taiscthe</a>) ná comhaid a stórálann suíomhanna gréasáin lena n-úsáid as líne.\
</li></ul>\
<div class="note"> <strong>Tabhair faoi deara</strong>:\
<ul><li> Sábhálfar <a href="/ga-IE/kb/bookmarks-firefox">leabharmharcanna</a> nua a chruthaíonn tú agus Brabhsáil Phríobháideach ar siúl.\
</li><li> Sábhálfar aon chomhad a íosluchtaíonn tú chuig do ríomhaire nuair atá Brabhsáil Phríobháideach ar siúl.\
</li><li> Níl <a href="/ga-IE/kb/firefox-hello-video-and-voice-conversations-online">Firefox Hello</a> ar fáil sa Bhrabhsáil Phríobháideach.\
</li></ul>\
</div>\
<h1 id="w_an-faeidir-liom-firefox-a-shocraj-chun-brabhsaail-phragobhaaideach-a-ajsaaid-i-gcahnaag">An féidir liom Firefox a shocrú chun Brabhsáil Phríobháideach a úsáid i gcónaí?</h1>\
<p>Mar réamhshocrú, cuimhníonn Firefox ar an stair ach is féidir leat an socrú sin a athrú i <span class="for" data-for="win">Roghanna</span><span class="for" data-for="mac,linux">Sainroghanna</span>\
 Príobháideachais Firefox (cliceáil ar roghchlár Firefox \
\
\
  \
\
\
\
\
\
\
\
<img alt="New Fx Menu" class="wiki-image frameless lazy" data-original-src="https://user-media-stage-cdn.itsre-sumo.mozilla.net/uploads/gallery/images/2014-01-10-13-08-08-f52b8c.png" src="https://static-media-stage-cdn.itsre-sumo.mozilla.net/static/sumo/img/placeholder.gif" title="">\
\
\
, pioc <span class="for" data-for="win"><span class="button">Roghanna</span></span><span class="for" data-for="mac,linux"><span class="button">Sainroghanna</span></span> agus roghnaigh an painéal <span class="menu">Príobháideachas</span>).  Má athraíonn tú an socrú Staire chuig <strong>Ná meabhraigh an stair riamh</strong>, is ionann sin agus a bheith sa mhód Brabhsála Príobháidí i gcónaí.  Chun tuilleadh eolais a fháil, féach <a href="/ga-IE/kb/settings-privacy-browsing-history-do-not-track">Settings for privacy, browsing history and do-not-track</a>.\
</p>\
<div class="warning"><strong>Tábhachtach:</strong> Nuair atá <strong>Ná meabhraigh an stair riamh</strong> socraithe in Firefox, ní fheicfidh tú masc corcra ag barr gach fuinneoige, cé go bhfuil tú, go héifeachtach, sa mhód Brabhsála Príobháidí. Le dul ar ais chuig an gnáthbhrábhsáil, téigh chuig na <span class="for" data-for="win">Roghanna</span><span class="for" data-for="mac,linux">Sainroghanna</span>\
 Príobháideachais agus roghnaigh an socrú <strong>Meabhraigh an stair</strong>. </div> \
<h1 id="w_bealaag-eile-chun-an-fhaisnaeis-a-shaabhaalann-firefox-a-rialaj">Bealaí eile chun an fhaisnéis a shábhálann Firefox a rialú</h1>\
<ul><li>Bíonn rogha agat i gcónaí <a href="/ga-IE/kb/delete-browsing-search-download-history-firefox">an stair brabhsála, cuardaigh agus íoslódála le déanaí a bhaint</a> tar éis cuairt a thabhairt ar shuíomh.\
</li><li>Ailt eile ar an ábhar seo a léamh: <a href="https://support.mozilla.org/products/firefox/privacy-and-security/passwords-forms-search-and-history">Pasfhocail, foirmeacha, cuardaigh agus stair - na moltaí a dhéanann Firefox a rialú</a>\
</li></ul>	20	brabhsail-phriobhaideach-usaid-firefox-gan-stair	0	0	1	0			1
34297	Template:optionspreferences TB	ga-IE	127302	\N	17131	<p><span class="for" data-for="win">Ag barr fhuinneog Thunderbird, cliceáil ar an roghchlár <span class="menu">Uirlisí</span> (<span class="key">Alt</span> + <span class="key">T</span>) agus pioc <span class="for" data-for="not tb31"><span class="menu">Roghanna…</span></span><span class="for" data-for="tb31"><span class="menu">Roghanna</span></span></span><span class="for" data-for="mac">Sa bharra roghchláir, cliceáil ar an roghchlár <span class="menu">Thunderbird</span> agus pioc <span class="menu">Sainroghanna</span></span><span class="for" data-for="linux">Ag barr fhuinneog Thunderbird, cliceáil ar an roghchlár <span class="menu">Eagar</span> agus pioc <span class="menu">Sainroghanna</span></span>, nó cliceáil ar chnaipe roghchláir an Fheidhmchláir \
\
\
  \
\
\
\
\
\
\
\
<img alt="New Fx Menu" class="wiki-image frameless lazy" data-original-src="https://user-media-stage-cdn.itsre-sumo.mozilla.net/uploads/gallery/images/2014-01-10-13-08-08-f52b8c.png" src="https://static-media-stage-cdn.itsre-sumo.mozilla.net/static/sumo/img/placeholder.gif" title="">\
\
\
 agus pioc <span class="for" data-for="win"><span class="for" data-for="not tb31"><span class="menu">Roghanna…</span></span><span class="for" data-for="tb31"><span class="menu">Roghanna</span></span></span><span class="for" data-for="mac,linux"><span class="menu">Sainroghanna</span></span>.\
</p>	60	templateoptionspreferences-tb	1	0	1	0			1
34298	Template:closeOptionsPreferences	ga-IE	127303	\N	2	<p><span class="for" data-for="not fx38"><span class="for" data-for="win">Cliceáil ar <span class="button">OK</span> chun an fhuinneog Roghanna a dhúnadh.</span><span class="for" data-for="linux">Cliceáil ar <span class="button">Dún</span> chun an fhuinneog Sainroghanna a dhúnadh.</span><span class="for" data-for="mac">Dún an fhuinneog Sainroghanna.</span></span>\
<span class="for" data-for="fx38">Dún an leathanach <em>about:preferences</em>. Sábhálfar aon athrú atá déanta agat go huathoibríoch.</span>\
</p>	60	templatecloseoptionspreferences	1	0	1	0			1
34299	Template:optionsorpreferences	ga-IE	127305	\N	14765	<p><span class="for" data-for="win">Roghanna</span><span class="for" data-for="mac,linux">Sainroghanna</span>\
</p>	60	templateoptionsorpreferences	1	0	1	0			1
34301	Template:AndroidMore	ga-IE	127313	\N	16589	<p>(seans go mbeidh ort <span class="menu">Tuilleadh</span> a thapáil ar dtús)\
</p>	60	templateandroidmore	1	0	1	0			1
34318	Template:Oscail Breiseáin	ga-IE	127390	\N	6828	<p><span class="for" data-for="not fx29"><span class="for" data-for="win7,win8">Ag barr fhuinneog Firefox, cliceáil ar an gcnaipe <span class="button">Firefox</span></span><span class="for" data-for="mac">Ar an mbarra roghchláir, cliceáil ar an roghchlár <span class="menu">Uirlisí</span></span><span class="for" data-for="linux,winxp">Ag barr fhuinneog Firefox, cliceáil ar an roghchlár <span class="menu">Uirlisí</span></span>, ansin cliceáil ar <span class="menu">Breiseáin</span>. Osclófar cluaisín dar teideal Bainisteoir na mBreiseán.</span>\
<span class="for" data-for="fx29">Cliceáil ar an gcnaipe roghchláir \
\
\
  \
\
\
\
\
\
\
\
<img alt="New Fx Menu" class="wiki-image frameless lazy" data-original-src="https://user-media-stage-cdn.itsre-sumo.mozilla.net/uploads/gallery/images/2014-01-10-13-08-08-f52b8c.png" src="https://static-media-stage-cdn.itsre-sumo.mozilla.net/static/sumo/img/placeholder.gif" title="">\
\
\
 agus roghnaigh <span class="button">Breiseáin</span>. Osclófar cluaisín dar teideal Bainisteoir na mBreiseán.</span>\
</p>\
<li>I gcluaisín Bhainisteoir na mBreiseán, roghnaigh an painéal <span class="menu">{{{type}}}</span>.\
</li>	60	templateoscail-breiseain	1	0	1	0			1
34528	Tuairiscí ar thuairteáil a sheoladh chun cabhrú le Mozilla chun Firefox a fheabhsú	ga-IE	128214	\N	817	<p><strong>Ciallaíonn an earráid seo gur thuairteáil (= gur chlis) breiseán (Adobe Flash, mar shampla). Má dhéantar an leathanach a athluchtú atosófar an breiseán, agus taispeánfar d'fhíseán (nó inneachar de chineál eile) arís. </strong> Sula ndéanfaidh tú an leathanach a athluchtú, is féidir leat nóta tráchta a fhágáil chun míniú a thabhairt ar cén chaoi ar tharla sé agus tuairisc ar an tuairteáil a sheoladh chuig Mozilla trí chliceáil ar <span class="button">Seol tuairisc ar an tuairteáil</span>. Cabhraíonn na tuairiscí ar thuarteálacha seo linn chun feabhsuithe a dhéanamh ar Firefox.\
<br><br>\
</p>\
<dl><dd>\
\
\
  \
\
\
\
\
\
\
\
<img alt="Plugin crash notification Fx21" class="wiki-image frameless lazy" data-original-src="https://user-media-stage-cdn.itsre-sumo.mozilla.net/uploads/gallery/images/2013-07-03-01-35-19-071103.png" src="https://static-media-stage-cdn.itsre-sumo.mozilla.net/static/sumo/img/placeholder.gif" title="">\
\
\
\
</dd></dl>\
<div id="toc"><h2>Clár na nÁbhar</h2><ul><li class="toclevel-1"><a href="#w_caeard-ae-an-rud-ae-breiseaan"><span class="tocnumber">1</span> <span class="toctext">Céard é an rud é breiseán?</span></a></li><li class="toclevel-1"><a href="#w_caeard-ae-an-rud-ae-tuairteaail"><span class="tocnumber">2</span> <span class="toctext">Céard é an rud é tuairteáil?</span></a></li><li class="toclevel-1"><a href="#w_caen-fhaisnaeis-a-sheoltar-i-dtuairisc-ar-thuairteaail"><span class="tocnumber">3</span> <span class="toctext">Cén fhaisnéis a sheoltar i dtuairisc ar thuairteáil?</span></a></li><li class="toclevel-1"><a href="#w_caen-chaoi-a-stopfaidh-mae-breiseaain-de-bheith-ag-tuairteaail"><span class="tocnumber">4</span> <span class="toctext">Cén chaoi a stopfaidh mé breiseáin de bheith ag tuairteáil?</span></a><ul><li class="toclevel-2"><a href="#w_caa-bhfaighidh-mae-tuilleadh-eolais-faoi-thuarteaalacha-adobe-flash"><span class="tocnumber">4.1</span> <span class="toctext">Cá bhfaighidh mé tuilleadh eolais faoi thuarteálacha Adobe Flash?</span></a></li></ul></li><li class="toclevel-1"><a href="#w_i-mbun-forbartha-do-flash-le-flex"><span class="tocnumber">5</span> <span class="toctext">I mbun forbartha do Flash le Flex?</span></a></li></ul></div>\
<h1 id="w_caeard-ae-an-rud-ae-breiseaan">Céard é an rud é breiseán?</h1>\
<p>Is éard is breiseán ann ná píosa bogearraí a thaispeánann inneachar Idirlín nach bhfuil Firefox féin in ann a láimhseáil. Físeáin, fuaimeanna, cluichí ar líne agus láithreoireachtaí a chruthaítear i bhformáidí atá faoi phaitinn a bhíonn i gceist go hiondúil. Is iad na comhlachtaí a dhéanann na formáidí sin a chruthaíonn agus scaipeann breiseáin chun na formáidí atá faoi phaitinn a úsáid. Ar na breiseáin is coitianta tá Adobe Flash, Apple QuickTime agus Microsoft Silverlight. \
</p>\
<h1 id="w_caeard-ae-an-rud-ae-tuairteaail">Céard é an rud é tuairteáil?</h1>\
<p>Tarlaíonn tuairteáil nuair a stopann píosa bogearraí de bheith ag obair go tobann. Tuairteálann breiseáin uaireanta ar chúiseanna éagsúla, agus ciallaíonn sin go dtuartálann Firefox in éineacht leis. Chun tuilleadh eolais a fháil ar thuartálacha Firefox, féach <a href="/ga-IE/kb/firefox-crashes-troubleshoot-prevent-and-get-help">Firefox crashes - Troubleshoot, prevent and get help fixing crashes</a>. Tá breiseáin áirithe ann a lódáltar ar leithligh, seachas i bhFirefox féin, rud a fhágann gur féidir le Firefox fanacht oscailte má thuartálann an breiseán.\
</p>\
<h1 id="w_caen-fhaisnaeis-a-sheoltar-i-dtuairisc-ar-thuairteaail">Cén fhaisnéis a sheoltar i dtuairisc ar thuairteáil?</h1>\
<p>I dtuairiscí ar thuairteáil <strong>ní bhíonn ach</strong> an t-eolas teicniúil a theastaíonn chun cabhrú le forbróirí Firefox a fháil amach céard a bhí cearr, agus conas é a dheisiú. <strong>Ní bhíonn</strong> eolas pearsanta sna tuairiscí seo. Ar an eolas a sheoltar i dtuairisc, tá:\
</p>\
<ul><li> an leathanach gréasáin ar a raibh tú\
</li><li> an leagan de Firefox a bhí in úsáid agat\
</li><li> do chóras oibriúcháin\
</li><li> breiseáin atá suiteáilte\
</li><li> eisínteachtaí atá suiteáilte\
</li><li> agus eolas teicniúil eile.\
</li></ul>\
<p>Tá an t-eolas seo ar fad faoi réir <a href="http://www.mozilla.org/legal/privacy/firefox.html#crash-reporter">Pholasaí Príobháideachais Firefox (en)</a>.\
</p>\
<h1 id="w_caen-chaoi-a-stopfaidh-mae-breiseaain-de-bheith-ag-tuairteaail">Cén chaoi a stopfaidh mé breiseáin de bheith ag tuairteáil?</h1>\
<p>Is féidir go leor de na fadhbanna a bhaineann le breiseáin a réiteach má dhéantar nuashonrú chun an leagan is déanaí den bhreiseáin a fháil. Le seiceáil an bhfuil aon cheann de na breiseáin atá suiteáilte agat as dáta, tabhair cuairt ar an <a href="https://www.mozilla.org/plugincheck/">leathanach 'Seiceáil do chuid Forlíontán' atá ag Mozilla</a>.\
\
Bíonn an t-ainm atá ar an mbreiseán a thuairteáil le feiceáil sa theachtaireacht earráide.\
</p><p>\
\
\
  \
\
\
\
\
\
\
\
<img alt="Plugin name crash notification Fx21" class="wiki-image frameless lazy" data-original-src="https://user-media-stage-cdn.itsre-sumo.mozilla.net/uploads/gallery/images/2013-07-03-01-41-37-4dfe4e.png" src="https://static-media-stage-cdn.itsre-sumo.mozilla.net/static/sumo/img/placeholder.gif" title="">\
\
\
\
</p>\
<h2 id="w_caa-bhfaighidh-mae-tuilleadh-eolais-faoi-thuarteaalacha-adobe-flash">Cá bhfaighidh mé tuilleadh eolais faoi thuarteálacha Adobe Flash?</h2>\
<p>Féach <a href="/ga-IE/kb/adobe-flash-plugin-has-crashed">Adobe Flash plugin has crashed - Prevent it from happening again</a>.\
</p>\
<h1 id="w_i-mbun-forbartha-do-flash-le-flex">I mbun forbartha do Flash le Flex?</h1>\
<p>Is féidir le brisphointí cosaint ar chrochadh a thionscnamh i bhFirefox.  Is féidir leat cosaint ar chrochach a dhíchumasú má shocraíonn tú an tsainrogha <span class="pref"><strong>dom.ipc.plugins.timeoutSecs</strong></span> go <span class="pref"><strong>-1</strong></span>.  Féach <a href="https://developer.mozilla.org/en/Plugins/Out_of_process_plugins/The_plugin_hang_detector">an doiciméadacht ag Líonra Forbróirí Mozilla</a> chun mionsonraí a fháil.\
</p>	10	tuairisci-ar-thuairteail-a-sheoladh-le-firefox-a-fheabhsu	0	0	1	0		https://mzl.la/29INXB4	1
34529	Template:plugincheck	ga-IE	128217	\N	10	<p>Le seiceáil an bhfuil aon cheann de na breiseáin atá suiteáilte agat as dáta, tabhair cuairt ar an <a href="https://www.mozilla.org/plugincheck/">leathanach 'Seiceáil do chuid Forlíontán' atá ag Mozilla</a>.\
</p>	60	templateplugincheck	1	0	1	0			1
34530	Seol tuairiscí ar thuairteáil chun cabhrú le Mozilla Firefox a fheabhsú	ga-IE	128218	\N	\N	<p>REDIRECT <a href="/ga-IE/kb/tuairisci-ar-thuairteail-a-sheoladh-le-firefox-a-fheabhsu">Tuairiscí ar thuairteáil a sheoladh chun cabhrú le Mozilla chun Firefox a fheabhsú</a>\
</p>	10	seol-tuairisci-ar-thuairteail-chun-cabhru-firefox-a-fheabhsu	0	0	1	0		https://mzl.la/29IPNC8	1
