	ff
<p></p><section>\
<p></p>\
<h1 id="w_caueele-dowrowe">Caɗeele Dowrowe</h1>\
<p></p><ul><li> <a href="/ff/kb/using-lightning-calendar-add-on">Using the Lightning Calendar</a>\
</li><li> <a href="/ff/kb/moving-thunderbird-data-to-a-new-computer">Moving Thunderbird Data to a New Computer</a>\
</li><li> <a href="/ff/kb/vacation-response">Vacation Response</a>\
</li><li> <a href="/ff/kb/reply-above-or-below-quoted-text">Reply Above or Below Quoted Text</a>\
</li></ul>\
</section>\
<p></p><p></p><section>\
<p></p>\
<h1 id="w_keso-e-firefox">Keso e  Firefox?</h1>\
<p>Tiimtorɗe "New to Firefox" ndee woodaani walla alaa baylita jaɓangal.\
</p></section>\
<p></p><p></p><section>\
<p></p>\
<h1 id="w_aua-sokli-eeydaneede-ballal-keeringal">Aɗa sokli ɓeydaneede ballal keeringal?</h1>\
<p>So ahoriima yiyde jaabawol coklu-ɗaa,  Renndo amen walwalɓe ena kebii wallude-ma yiytude feere. <a href="/kb/weddo">naamnal maa ɗoo</a>.\
</p></section>\
<p></p>	ff
<h1 id="w_yiylo-toeee-balal">Yiylo Toɓɓe Balal</h1>\
<p></p><section>\
<p></p>\
<h2 id="w_aaawndugol-caue"><em>Ñawndugol caɗe</em></h2>\
<p></p><ul><li> <a href="/ff/kb/thunderbird-crashes">Thunderbird Crashes</a>\
</li><li> <a href="/ff/kb/sending-and-receiving-messages-thunderbird">Sending and Receiving Messages on Thunderbird</a>\
</li><li> <a href="/ff/kb/compacting-folders">Inbox or Other Folder Full</a>\
</li><li> <a href="/ff/kb/cannot-send-messages">Cannot send messages</a>\
</li></ul>\
</section>\
<p></p><p></p><section>\
<p></p>\
<h2 id="w_suturo-kisal"><em>Suturo &amp; Kisal</em></h2>\
<p>Tiimtorɗe "Privacy &amp; Security topic" ndee woodaani walla alaa baylita jaɓangal.\
</p></section>\
<p></p><p></p><section>\
<p></p>\
<h2 id="w_kuutoragol-firefox"><em>Kuutoragol Firefox</em></h2>\
<p>Tiimtorɗe "Using Firefox topic" ndee woodaani walla alaa baylita jaɓangal.\
</p></section>\
<p></p><p></p><section>\
<p></p>\
<h2 id="w_keertingol-firefox"><em>Keertingol Firefox</em></h2>\
<p>Tiimtorɗe "Customizing Firefox topic" ndee woodaani walla alaa baylita jaɓangal.\
</p></section>\
<p></p><p></p><section>\
<p></p>\
<h2 id="w_ceeetore"><em>Ceeɓtore</em></h2>\
<p></p><ul><li> <a href="/ff/kb/archived-messages">Archived Messages</a>\
</li><li> <a href="/ff/kb/mozilla-crash-reporter-tb">Mozilla Crash Reporter TB</a>\
</li><li> <a href="/ff/kb/small-resolution-screens">Small Resolution Screens</a>\
</li></ul>\
</section>\
<p></p>	ff
<div class="for" data-for="android"><p>Firefox ena woodi mo kaɓirɗi beelni dognooji Android. Ndee winndannde hollirta ko hol no aawtortee e hol no loowirtee tee ena hollira baɗɗiiɗe kaɓirgol leslese.\
</p>\
<h1 id="w_aawtagol-e-aafgol-firefox">Aawtagol e aafgol Firefox</h1>\
<ol><li>Ngam aawtaade e loowde Firefox e kaɓirgol maa yah to <a href="http://firefox.com/m">firefox.com/m</a> ndobo-ɗaa e butoŋ aawtagol.\
</li><li>Jaaɓal Android Market ngal maa uddit hello aawtirgo Firefox. Tappu heen tan ngam loowde kisa njaɓaa jamirooje ɗee.\
\
\
  \
\
\
\
\
\
\
\
<img alt="Android Install" class="wiki-image frameless lazy" data-original-src="https://user-media-stage-cdn.itsre-sumo.mozilla.net/uploads/gallery/images/2011-03-27-18-56-23-19ad89.png" src="https://static-media-stage-cdn.itsre-sumo.mozilla.net/static/sumo/img/placeholder.gif" title="">\
\
\
\
</li></ol>\
<p>Firefox ena naamnii:\
</p>\
<ul><li><strong>Android 2.1</strong> walla ko ɓuri ɗum.\
</li><li>Kaɓirgol jogingol <strong>ARMv7 processor</strong>.\
</li><li>Ko ena abboo e <strong>17MB</strong> boowal mooftirgal SD walla ndernderal. Ɓuri waawde dogde ko e kaɓirɗi jogiiɗi so famɗii <strong>512MB</strong> RAM.\
</li></ul>\
<div class="note">So Firefox horiima yiyteede tuma nde etaa aawteede walla yiileede e Android Market, kaɓirgol maa maa taw tammbitaaka. Ƴeew <a href="/ff/kb/will-firefox-work-my-mobile-device">Will Firefox work on my mobile device?</a> ngam heɓde humpito baɗte kaɓirɗi tammbitaaɗi.</div> \
</div><div class="for" data-for="maemo"><p>Firefox mo  Maemo nattii haŋkadi woode.\
</p></div>	ff
<p>\
\
\
  \
\
\
\
\
\
\
\
<img alt="superheroes" class="wiki-image frameless lazy" data-original-src="https://user-media-stage-cdn.itsre-sumo.mozilla.net/uploads/gallery/images/community.jpg" src="https://static-media-stage-cdn.itsre-sumo.mozilla.net/static/sumo/img/placeholder.gif" title="">\
\
\
 \
</p><section>\
A weltanaama e ɓeenugol ƴeewndo adanngo haa njeeti-ɗaa ngoo hello. Taaɓon ɗiɗon tan keed-maa e yantude e doggol wallitorde renndo amen daraningol wallude yimɓe haa keɓa humpito ɓurngo sellude e Fiirefox. Heddii tan ko sosde konte e ɓamde feere no mballir-ɗaa.\
<p></p>\
 \
<p><br>\
</p>\
<h2 id="w_1-uddit-konte">1. Uddit konte</h2>\
<p><a href="/users/register">Udditde konte</a> ena hokku-maa hakke naatde jaabaade naamne e taƴtaade binndanɗe, tee maa wallu-min rewindaade e jaarde-ma e golle ballitte maa.\
</p>\
<h2 id="w_2-ballal-maa-ena-waawi-jogaade-uii-sifaaji">2. Ballal maa ena waawi jogaade ɗii sifaaji !</h2>\
<h3 id="w_yantu-e-konu-yontaaee-amen"><a href="/army-of-awesome">Yantu e Konu Yontaaɓe amen</a></h3>\
<p>Aɗa horsini Firefox tee aɗa jogii yaajeende seeɗa? Wallu huutorɓe Firefox woɗɓe  e Twitter! Ena jirwi, kadi so a meeɗi a woppataa! Kala wediiɓe twitte maa njiy heen malu!\
</p>\
<h3 id="w_jaabaade-naamne-e-jakkaa-wallitordejaabo-naamne-e-jakkaa-wallitorde"><a href="/ff/kb/jaabaade-naamne-e-jakkaa-wallitorde">Jaabo naamne e jakkaa wallitorde</a></h3>\
<p>Sifaa goɗɗo jaawɗo, beeɓɗo no mballirtaa!  Sar ganndal maa Firefox so joopaanaade yimɓe binndanɗe ballal e hokkude ɗum'en peeje ñawndugol caɗeele keeraniiɗe naamne maɓɓe. Oo sahaa min ɓuri hatojinde ko e  <a href="/ff/kb/jaabaade-naamne-e-jakkaa-wallitorde#w_help-wanted">yimɓe jogiiɓe Firefox e Android</a> e <a href="/ff/kb/jaabaade-naamne-e-jakkaa-wallitorde#w_help-wanted">Jaɓɓorgo Firefox</a>.\
</p>\
<h3 id="w_laeydu-ganndal-e-ruttorde-ndee"><a class="new" href="/ff/kb/new?title=%C6%81eydu+Ganndal+e+Ruttorde+ndee" title="Hello ngoo woodaani.">Ɓeydu Ganndal e Ruttorde ndee</a></h3>\
<p>So a ɗa hatojini e winndude e jannginde, ɓeydude ganndal maa e Ruttorde Ganndal ndee ko feere mawnde no mballir-ɗaa ujunnaaje neɗɗo yontere kala. Oo sahaa, min katojini ko e wallitooɓe saatotooɓe Ruttorde Ganndal Pulaar-Fulfulde ndee e ƴeewtotooɓe e Linux.\
</p>\
<h3 id="w_nokkuuin-ballal-firefox"><a class="new" href="/ff/kb/new?title=Nokku%C9%97in+Ballal+Firefox" title="Hello ngoo woodaani.">Nokkuɗin Ballal Firefox</a></h3>\
<p>Waɗtu Ruttorde Ganndal ndee e ɗemngal maa ngam wallude en haa wallitorde Firefox ɓeydoo huuɓde! Oo sahaa, ena hatojinaa e  <a href="/ff/kb/localize-mozilla-support#w_help-wanted">firooɓe e ɗemngal Pulaar-Fulfulde</a>.\
</p>\
<h2 id="w_humpito-seeua-baute-amen">Humpito seeɗa baɗte amen</h2>\
<p>Ballal Firefox, ena anndiraa kadi <strong>SUMO</strong> (waccoore ndee ummi ko e URL, <strong>SU</strong>pport.<strong>MO</strong>zilla.org), wonaa tan nokku mo yimɓe ngarata ɗaɓɓude ballal, ko renndo walwalɓe jeyaaɓe e nokkuuji winndere ndee kala . Caggal gollodaade e huutorɓe Firefox, amin ngollodoo kadi e goomuuji goɗɗi wano <a href="http://quality.mozilla.org">Quality Assurance</a> ngam waɗde haa caɗeele goodɗe fof ena ndoɓinndee, ñawndee ko yaajtii. Amin ngollodoo kadi e topotooɓe Firefox ngam ɓeydude moƴƴugol Firefox. <a href="/ff/kb/meet-team">Meet the Team</a> e hello Duttugol Wuneeji lowre amen.\
</p>\
<h2 id="w_ar-yeewtid-e-amen">Ar yeewtid e amen</h2>\
<p>Amin njiɗi habrondirde e maa sahaa kala!  Aɗa jogii miijooji nafooji Ballal Firefox: naamne baɗte wallude, walla tan ɓeydude ganndaondiral men?\
Ko nih min njokkondirtee:\
</p>\
<ul><li><strong><a href="/forums/contributors">Jakkaa Wallitooɓe</a></strong>: Ɗoo ko nokku gadano mo min njjewtata baɗte kala ko toɗɗii Ballal Firefox. \
</li><li><strong><a href="irc://irc.mozilla.org/sumo">Calol IRC #sumol</a></strong>: Feere moƴƴere no njeewtir-ɗaa e wallitooɓe woɗɓe. Maa taw ɗoon gollotooɓe e Ballal Firefox: <a href="/user/210">David Tenser</a> (djst), <a href="/user/525">Cheng Wang</a> (Cww), <a href="/user/337115/">Ibai Garcia</a> (Ibai), <a href="/user/463178/">Michelle Luna</a> (michelleluna), <a href="/user/4081">Kadir Topal</a> (Topal), <a href="/user/160087/">Michael Verdi</a> (verdi), <a href="/user/442">Matthew Middleton</a> (zzxc) <a href="/user/662734">Madalina Ana</a> (madalina) and <a href="/user/553230">Rosana Ardila</a> (rosana).  So a alaa kiliyaan IRC, seŋo e <a href="https://www.mibbit.com/?server=irc.mozilla.org&amp;channel=%23sumo">Mibbit</a>.\
</li><li><strong><a href="http://blog.mozilla.com/sumo">Blog Wallitorde Firefox (SUMO)</a></strong>: kesɗitine e joljole cakkitiiɗe ko ɗoon njjewtetee.\
</li></ul>\
<p></p></section>\
<p></p>	ff
<p>REDIRECT <a href="/ff/kb/jaambaree%C9%93e-ena-coklaa">Jaambareeɓe ena coklaa!</a>\
</p>	ff
	ff
<p>Waasataa tawa a tarii ɗoo <a href="http://googletoolbarhelp.blogspot.com/2011/07/update-on-google-toolbar-for-firefox.html">this blog post</a> walla ɗoo <a href="http://www.google.com/support/toolbar/bin/answer.py?answer=1342452&amp;topic=15356">this Google Toolbar help article</a>, wonde Palal Kuutorɗe Google ngal nattii jaaɓdude e Firefox. Nee winndannde famminta ko peeje no ɗum ñawndiraa.\
</p>\
<div id="toc"><h2>Table of Contents</h2><ul><li class="toclevel-1"><a href="#w_hol-no-keeirtu-mi-maantore-am-google"><span class="tocnumber">1</span> <span class="toctext">Hol no keɓirtu-mi Maantore am Google?</span></a></li><li class="toclevel-1"><a href="#w_how-can-i-add-other-google-toolbar-features-to-firefox"><span class="tocnumber">2</span> <span class="toctext">How can I add other Google Toolbar features to Firefox?</span></a></li><li class="toclevel-1"><a href="#w_other-solutions-and-alternatives"><span class="tocnumber">3</span> <span class="toctext">Other solutions and alternatives</span></a></li></ul></div>\
<h1 id="w_hol-no-keeirtu-mi-maantore-am-google">Hol no keɓirtu-mi Maantore am Google?</h1>\
<p>Ngam heɓde maantore maa Google, yah to <a href="http://www.google.com/bookmarks">www.google.com/bookmarks</a>. So a heɓii toon, aɗa waawi jiggitaade maantoɗe ɗee kisa njiggo-ɗaa e Firefox so a yiɗii: \
</p>\
<ol><li>Dobo e  jokkol <strong>Jiggito maantore</strong> ngol e banngɗe nano, ndanndaa-ɗe e biro maa. \
</li><li>Kisa ndewaa e tinndinoje gonɗe e  <a class="new" href="/ff/kb/new?title=Jiggaade+maantore+in%C9%97e+e+fiilde+HTML" title="Hello ngoo woodaani.">Jiggaade maantore inɗe e fiilde HTML</a> ngam naatnude-ɗe e Firefox.\
</li></ol>\
<div class="note"><strong>Ƴoƴre:</strong> Aɗa waawi heɓde maantore maa Firefox iwde e ordinateer kala huutoraade <a href="/ff/kb/how-do-i-set-sync-my-computer">Firefox Sync</a>. Yah to <a href="/ff/kb/how-do-i-set-sync-my-computer">How do I set up Sync on my computer?</a> ngam humpitaade no ɗum teeltortee.</div>  \
<p><br>\
</p>\
<h1 id="w_how-can-i-add-other-google-toolbar-features-to-firefox">How can I add other Google Toolbar features to Firefox?</h1>\
<p>Actually, many Google Toolbar features are already built into Firefox. Here's a list of them with suggestions for add-ons to replace others:\
</p>\
<div class="note"><strong>Note:</strong> See <a href="/ff/kb/find-and-install-add-ons-add-features-to-firefox">Find and install add-ons to add features to Firefox</a> for help with installing add-ons.</div>\
<ul><li> <strong>Search with popular suggestions</strong> -  <a href="/ff/kb/use-search-bar-firefox">Use the Search bar in Firefox</a> that includes <a href="/ff/kb/use-popular-search-suggestions-firefox-search-bar">Use popular search suggestions in the Firefox Search bar</a> (built-in)\
</li><li> <strong>Access websites with a single click</strong> -  <a href="/ff/kb/bookmarks-toolbar-display-favorite-websites">Bookmarks Toolbar - Display your favorite websites at the top of the Firefox window</a>, Library window or Bookmarks sidebar depending on the way they are displayed (built-in)\
</li><li> <strong>Contribute to any webpage with Sidewiki</strong> -  Google has decided to discontinue Sidewiki. See <a href="http://googleblog.blogspot.com/2011/09/fall-spring-clean.html">this blog post</a>.\
</li><li> <strong>Check your spelling</strong> -  <a href="/ff/kb/how-do-i-use-firefox-spell-checker">How do I use the Firefox spell checker?</a> (built-in)\
</li><li> <strong>Translate websites into more than 40 languages</strong> -  use a <a href="https://addons.mozilla.org/firefox/search/??lver=5.0&amp;q=translate&amp;x=0&amp;y=0&amp;cat=all">translation extension</a>\
</li><li> <strong>Complete forms with AutoFill</strong> -  <a href="/ff/kb/control-whether-firefox-automatically-fills-forms">Control whether Firefox automatically fills in forms</a> (built-in)\
</li><li> <strong>Customize your Toolbar</strong> -  <a href="/ff/kb/customize-firefox-controls-buttons-and-toolbars">Customize Firefox controls, buttons and toolbars</a> (built-in)\
</li><li> <strong>Save Toolbar settings to your Google Account</strong> -  <a href="/ff/kb/how-do-i-set-sync-my-computer">How do I set up Sync on my computer?</a> using a <a href="/ff/kb/how-do-i-set-sync-my-computer">Firefox Sync account</a> (built-in)\
</li><li> <strong>Find in page</strong> -  Press <span class="for" data-for="win,linux"><span class="key">Ctrl</span> + <span class="key">F</span></span><span class="for" data-for="mac"><span class="key">command</span> + <span class="key">F</span></span>. For more, see <a href="/ff/kb/search-contents-current-page-text-or-links">How to search the contents of the current page for text or links</a>.\
</li><li> <strong>Page sharing</strong> -  Consider using other <a href="https://addons.mozilla.org/firefox/search/?lver=5.0&amp;q=share+web+page&amp;y=0&amp;x=0&amp;cat=1%2C71">add-ons for sharing</a>.\
</li><li> <strong>Site thumbnails on a new tab</strong> -  Try out some of the other <a href="https://addons.mozilla.org/firefox/search/??lver=5.0&amp;q=tab+preview&amp;cat=all&amp;x=0&amp;y=0">add-ons for generating tab preview</a>.\
</li><li> <strong>Gmail notifications</strong> -  See available <a href="https://addons.mozilla.org/firefox/search/??lver=5.0&amp;q=gmail&amp;cat=all&amp;x=0&amp;y=0">Gmail add-ons</a>.\
</li></ul>\
<h1 id="w_other-solutions-and-alternatives">Other solutions and alternatives</h1>\
<ul><li>Some Firefox users report that  <a href="https://addons.mozilla.org/firefox/addon/googlebar-lite/">Googlebar Lite</a>  is a suitable replacement for the Google Toolbar.\
</li></ul>	ff
<p>A jaaraama e ballital maa e lowre  <em><strong>su</strong>pport. <strong>mo</strong>zilla. org</em>  (<strong>SUMO</strong>) !  Ko Alla e tiiɗnaare maa min mbaawata addude ballal feewde e huutorɓe Firefox heewɓe.\
</p>\
<div id="toc"><h2>Table of Contents</h2><ul><li class="toclevel-1"><a href="#w_ballal-wallitooee-ena-soklaa"><span class="tocnumber">1</span> <span class="toctext">Ballal Wallitooɓe ena Soklaa</span></a></li><li class="toclevel-1"><a href="#w_jokke-nafooje-wallitooee"><span class="tocnumber">2</span> <span class="toctext">Jokke nafooje wallitooɓe</span></a></li><li class="toclevel-1"><a href="#w_humpitaade-kesuitine"><span class="tocnumber">3</span> <span class="toctext">Humpitaade kesɗitine</span></a></li><li class="toclevel-1"><a href="#w_cali-kumpital"><span class="tocnumber">4</span> <span class="toctext">Cali Kumpital</span></a></li><li class="toclevel-1"><a href="#w_pelle-wallitooee-e-dunnge"><span class="tocnumber">5</span> <span class="toctext">Pelle wallitooɓe e dunnge</span></a></li><li class="toclevel-1"><a href="#w_gaadondiral-wallitooee"><span class="tocnumber">6</span> <span class="toctext">Gaadondiral Wallitooɓe</span></a><ul><li class="toclevel-2"><a href="#w_jooni-so-mi-horiima-uooftaade-gaadondire-am-noon"><span class="tocnumber">6.1</span> <span class="toctext">Jooni so mi horiima ɗooftaade gaadondire am noon?</span></a></li></ul></li></ul></div>\
<p></p><h2 id="w_big-things-this-week">Big things this week</h2>\
<p>\
</p>\
<ul><li><a href="https://etherpad.mozilla.org/sumo-2013-09-23">Notes</a> and <a href="http://youtu.be/zuSR7X9zFg4">video</a> from this meeting.\
</li><li>It was a short meeting but a lot of celebration!\
</li><li>Everyone: please help us in testing Persona\
</li><li>We have a list with the top contributors of all time, check the etherpad or watch the video to see it! We had a nice celebration!\
</li><li>Update on the buddy program and on our Summit planned to unite all SUMO warriors!\
</li><li>Contributors of the week: AlicyWyman, philipp, john99, italian team\
</li><li>Current SUMO development sprint – <a href="http://scrumbu.gs/t/james-rifles/2013.18">2013.18</a>.\
</li><li>Next SUMO meeting - <a href="https://etherpad.mozilla.org/sumo-2013-09-30">Monday, Sept. 30th - (call in details &amp; meeting notes)</a> at 9:00 am PST. Please add your comments, questions and updates to the etherpad. You can also participate in <a href="https://www.mibbit.com/?server=irc.mozilla.org&amp;channel=%23sumo">#sumo</a> during the meeting. We’re going to record and post a video of the meeting.\
</li></ul>\
<p>\
\
</p>\
<p></p>\
<h2 id="w_ballal-wallitooee-ena-soklaa">Ballal Wallitooɓe ena Soklaa</h2>\
<p>Yah to hello <a href="/ff/kb/jaambaree%C9%93e-ena-coklaa">Jaambareeɓe ena coklaa!</a> ngoo ngam fuɗɗaade ko yaawi walla yiylo e binndanɗe gonɗe to <a href="/en-US/kb/category/30">Hol no ngaddirtaa ballal</a> ɗee fof no ndiidorinoo. \
</p>\
<ul><li><strong>Ballitoowo nokkuɗinal L10N</strong> - Wallu-en <a href="/ff/kb/localize-mozilla-support">firde Ballal Firefoxp</a> e loowdi mum e ɗemngal maa.\
</li></ul>\
<ul><li><strong>Ballitoowo Jakkaa</strong> - Jaabo <a href="/en-US/questions?sort=requested&amp;filter=no-replies">naamne ballital huutorɓe</a> ɓurɗe naamneede tawa njaabaaka tawo.\
</li></ul>\
<ul><li><strong>Wallitorde Duttine</strong> - Tar tee tonngaa duttine huutorɓe gonɗe e <a href="/en-US/questions">jakkaa wallitorde huutorɓe</a> e <a href="http://input.mozilla.org">naatne</a> ngam faamnde ko caɗeele ɗee ngoni kisa kesɗitinaa winndannde <a class="new" href="/ff/kb/new?title=Ja%C5%8Btol+Wallitorde+Huutor%C9%93e" title="Hello ngoo woodaani.">Jaŋtol Wallitorde Huutorɓe</a> ndee.\
</li></ul>\
<ul><li><strong>Nokkuɗinoowo Duttine</strong> - Tar tee tonngaa duttine garɗe e ɗemngal maa fof kisa kesɗitinaa winndannde <a class="new" href="/ff/kb/new?title=Ja%C5%8Btol+Wallitorde+Huutor%C9%93e" title="Hello ngoo woodaani.">Jaŋtol Wallitorde Huutorɓe</a> ndee.\
</li></ul>\
<ul><li><strong>Ballitoowo Kony Yontaaɓe</strong> - Jaabo <a href="/army-of-awesome">twitte baɗte Firefox</a>\
</li></ul>\
<ul><li><strong>Taƴtotooɗo RG</strong> - Wallu-en hesɗitinde <a href="/contributors/need-changes">binndanɗe cokluɗe wayleede e ruttorde ganndal ndee</a>\
</li></ul>\
<h2 id="w_jokke-nafooje-wallitooee">Jokke nafooje wallitooɓe</h2>\
<p>Sabu ko min fedde peñcu, kala ko min ngollii, min mbayyinat e renndo ngoo, etee aza waawi yiyde no golle ɗee njahrata yeeso.\
</p>\
<ul><li> <a href="https://wiki.mozilla.org/Support/Goals/2012Q2">Payndaale amen lebbitatiire fof</a> maa kumpite ko min ngoni e dow mum e nder lebbi tati garooji.\
</li></ul>\
<p>No min keewi waɗirde nih, ko huutoraade\
</p><pre><a href="https://bugzilla.mozilla.org/">Bugzilla</a> ngam raddude bugge e ɗaɓɓitanɗe moƴƴitingol.  \
</pre>\
<ul><li>So won ko feeaani e SUMO, tiiɗno tintin-min mbele min ñawndaèɗum ko yaajtii. Hokku min tan  <a href="https://bugzilla.mozilla.org/enter_bug.cgi?format=__default__&amp;product=support.mozilla.org&amp;short_desc=">tonngol daɓɓol e cifol daɓɓol caɗeele ɗee</a>. \
</li><li>Aɗa waawi yirlaade e doggol <a href="https://bugzilla.mozilla.org/buglist.cgi?list_id=2117425&amp;resolution=---&amp;resolution=DUPLICATE&amp;chfieldto=Now&amp;query_format=advanced&amp;chfield=%5bBug%20creation%5d&amp;chfieldfrom=2012-01-01&amp;product=support.mozilla.org">bugge cakkitiiɗe jaŋteede</a> e <a href="https://bugzilla.mozilla.org/buglist.cgi?list_id=2124356&amp;resolution=FIXED&amp;chfieldto=Now&amp;query_format=advanced&amp;chfieldfrom=01-01-2012&amp;chfieldvalue=FIXED&amp;product=support.mozilla.org">bugge cakkitiiɗe ñawndeede</a> ngam yiyde caɗeele ɗe min ndaddata.  \
</li></ul>\
<p>Caggal carworɗe amen jeñtorɗe to <a href="http://support.mozilla.org">support.mozilla.org</a>, amin njogii carworɗe ɗiɗi daawnirɗe ceertuɗe ngam ƴeewdo:\
</p>\
<ul><li> <strong><a href="http://support-dev.allizom.org">support-dev.allizom.org</a> - AKA "-dev"</strong> - Ena hesɗitina sahaa kala iwde e catal amen 'baabawal', wadde ko dokkol cakkitiingol dogata heen. Tiiɗno eto ƴeewtaade bugge ɗoon hade maa naatnude jaŋtol. So tawii ɗe ñawndaama, maa yiy ɗum ɗoo. \
</li><li> <strong><a href="http://support.allizom.org">support.allizom.org</a> - AKA "stage"</strong> - Ɗoo heewi hesɗitintee ko ñalnde Njaslaare hedde waktu 16:00 kikiiɗe (Waktu GMT), hay so ndee ena heewi ko naatnata kesɗitine, nde dognata ko dokkol ngal min ɗaminii naatnude e daawal  jeñtorgal amen garowal. So won bayle mbaɗ-ɗaa aɗa yiɗi ƴeewtaade no yaltirta, tiiɗno ƴeewto ɗum e ndee sarworde tawo.\
</li></ul>\
<h2 id="w_humpitaade-kesuitine">Humpitaade kesɗitine</h2>\
<p>So aɗa yiɗi heɓe kesɗitine baɗte bayle e hello, dobo e jokkol tiitagol <strong>Neldu am iimeel so ndee winndannde waylaama</strong> gonngol e palal sawndo ñaamo ngal.\
</p><p><strong>Batu Yontere</strong>: Amin njogii batu yontere kala ngam yeewtude e dille amen cakkitiiɗe. Batu nguu waɗata ko Aaɓnde sahnga 16:00 GMT. <a href="https://wiki.mozilla.org/Support/Weekly_Meetings">Ngoo hello waɗi ko humpito noddugol e tonngol batuuji ɗii</a>. Aɗa waawi ɓeydude miijooji, naamnde e kesɗitine maa e wiki hee. Aɗa waawi kadi naatde e yeewtere <a href="https://www.mibbit.com/?server=irc.mozilla.org&amp;channel=%23sumo">#sumo</a> tuma batu nguu. \
</p><p><strong>Batuuji IRC Lewriije</strong>: ma min mbaɗ batuuji irc lewriiji to <tt>#sumomeet</tt> <a href="https://www.mibbit.com/?server=irc.mozilla.org&amp;channel=%23sumomeet">IRC (via Mibbit)</a>. Batuuji IRC ɗii mbaɗata ko Naasaande adannde e lewru kala tee maa yeewtere ndee ɗakke to taƴre wallitooɓe e jakkaa oo. \
</p><p>Waktuuji batuuji ɗii ko nih lelorii:\
</p>\
<ul><li>10PM gmt +1\
</li><li>3pm PST\
</li></ul>\
<h2 id="w_cali-kumpital">Cali Kumpital</h2>\
<p>Min kuutortoo ko <a href="/forums">Jakkaa wallitooɓe</a> ngam yeewtude kala ko toɗɗii Ballal Firefox. Aɗa waawi yiyde heewɓe e amen to calol <a href="https://www.mibbit.com/?server=irc.mozilla.org&amp;channel=%23sumo">IRC (via Mibbit)</a> ngam yeewtiide e amen. Amin kuutoroo kadi jokkol bataake cuuriiɗo e keftinirɗe amen ngam neldude ɓatakuuje keeriiɗe huutoraade SUMO.\
</p>\
<h2 id="w_pelle-wallitooee-e-dunnge">Pelle wallitooɓe e dunnge</h2>\
<p><em>Fooɗtude (e fanndinde) wallitooɓe hesɓe waawi gasde tan ko e jokkondiral e ekkondiral hakkunde neɗɗo e neɗɗo.</em> \
</p><p>Amin njogani-maa laabi keewɗi ngam jokkondirde e hohooɓe SUMO e mbaydi keeriindi ngam ɗaɓɓude ɗowtal. Caggal keftinirɗe amen, amin njogii yeewtere jakkaa <a href="/forums/off-topic/271607">innitagol wallitooɓe</a>. Amin mbasiyoo-on binnditagol e <a href="https://mozillians.org/group/192-sumo">Mozillians.org</a> tee ɓeydon taggere SUMO e heftinirde mon. \
</p><p>Ndee-ɗoo haatumeere waɗi ko jokke fayde to pelle gonɗe e eɓɓoore SUMO ndee, ko toon tawataa hohooɓe pelle ɗee e wallitooɓe ɓee.\
</p>\
<table>\
<tbody><tr>\
<td><strong>Jakkaa Wallitorde</strong>\
</td><td><a href="/groups/forum-moderators">Reenooɓe Jakkaa</a>\
</td><td><a href="/groups/forum-helpers">Wallooɓe Jakkaa</a>\
</td><td>\
</td><td>\
</td><td>\
</td><td>\
</td><td>\
</td></tr>\
<tr>\
<td><strong>LiveChat</strong>\
</td><td><a href="/groups/live-chat-helpers">wallooɓe LiveChat</a>\
</td><td>\
</td><td>\
</td><td>\
</td><td>\
</td><td>\
</td></tr>\
<tr>\
<td><strong>Nokkuɗinal</strong>\
</td><td><a href="/groups/bengali-bn-in-localization">Bengali</a>\
</td><td><a href="/groups/brazilian-localization">Brazilian Portuguese</a>\
</td><td><a href="/groups/chinese-zh-cn-localization">Chinese</a>\
</td><td><a href="/groups/dutch-localization">Dutch</a>\
</td><td><a href="/groups/french-localization">French</a>\
</td><td><a href="/groups/fulah-localization">Fulah</a>\
</td><td><a href="/groups/german-localization">German</a>\
</td></tr>\
<tr>\
<td>\
</td><td><a href="/groups/hebrew-localization">Hebrew</a>\
</td><td><a href="/groups/hindi-localization">Hindi</a>\
</td><td><a href="/groups/indonesian-localization">Indonesian</a>\
</td><td><a href="/groups/italian-localization">Italian</a>\
</td><td><a href="/groups/japanese-localization">Japanese</a>\
</td><td><a href="/groups/malayalam-localization">Malayalam</a>\
</td><td><a href="/groups/polish-localization">Polish</a>\
</td></tr>\
<tr>\
<td>\
</td><td><a href="/groups/portuguese-pt-pt-localization">Portuguese</a>\
</td><td><a href="/groups/russian-localization">Russian</a>\
</td><td><a href="/groups/slovak-localization-group">Slovak</a>\
</td><td><a href="/groups/slowenian-localization">Slovenian</a>\
</td><td><a href="/groups/spanish-localization">Spanish</a>\
</td><td><a href="/groups/traditional-chinese-zh-tw-localization">Traditional Chinese</a>\
</td><td><a href="/groups/turkish-group">Turkish</a>\
</td></tr>\
<tr>\
<td><strong>Topagol SUMO</strong>\
</td><td><a href="/groups/sumo-developers">Topotooɓe SUMO</a>\
</td><td><a href="/ff/kb/meet-team">Yiilooɓe SUMO</a>\
</td><td>\
</td><td>\
</td><td>\
</td><td>\
</td><td>\
</td></tr>\
<tr>\
<td><strong>Konu Yontaaɓe</strong>\
</td><td><a href="/groups/army-of-awesome-contributors">Wallitooɓe Konu Yontaaɓe  </a>\
</td><td>\
</td><td>\
</td><td>\
</td><td>\
</td><td>\
</td><td>\
</td></tr>\
<tr>\
<td><strong>Quality Assurance</strong>\
</td><td><a href="/groups/quality-assurance">Wallitooɓe Quality Assurance</a>\
</td><td>\
</td><td>\
</td><td>\
</td><td>\
</td><td>\
</td><td>\
</td></tr>\
<tr>\
<td><strong>Ruttorde Ganndal</strong>\
</td><td><a href="/groups/knowledge-base-editors">Taƴtotooɓe RG</a>\
</td><td><a href="/groups/knowledge-base-reviewers">Ƴeewtotooɓe RG</a>\
</td><td>\
</td><td>\
</td><td>\
</td><td>\
</td><td>\
</td></tr></tbody></table>\
<p><br>\
</p>\
<h2 id="w_gaadondiral-wallitooee">Gaadondiral Wallitooɓe</h2>\
<p><em>Kala e mon balluɗo kuutoro jeyaa ko e wallitooɓe, tee amin ñaagii nde tiiɗtinton aadi hakkunde men so ena nawanii-on.</em>\
</p>\
<ul><li>Heɓ weytaare tee mbaɗaa geɗe kese!\
</li><li>Wallu huutorɓe no siforaa e winndannde <a href="/en-US/kb/category/30">Hol no ngaddirtaa ballal</a> ndee\
</li><li>Gaadondiral hitaande\
</li><li>Dobo <strong>Neldu am ɓatakuru so ndee winndannde waylaama e ngoo hello</strong> ngam tarde kesɗtine Kabaruuji ɗee\
</li><li>Anndin mawɗo goomu maa so won caɗeele kaɗ-maa addude ballal ngoowno-ɗaa addude\
</li></ul>\
<p><em>Mawɓe feede ɓee ena naamnaa gaadondire goɗɗe.</em>\
</p>\
<ul><li>Hesɗitin <a href="/ff/kb/group-status-report">Jaŋtol ngonka SUMO</a> wonande goomu maa yontere kala\
</li><li>Tawtore ann e hoore maa kawte ɗe Mozilla yuɓɓinta duuɓi ɗiɗi kala\
</li></ul>\
<h3 id="w_jooni-so-mi-horiima-uooftaade-gaadondire-am-noon">Jooni so mi horiima ɗooftaade gaadondire am noon?</h3>\
<p><em>Heewɓe e wallitooɓe SUMO ko walwalɓe jogiiɓe haajuuji goɗɗi baawɗi haɗde ɗumen ɗooftaade ko ngaadondiraa. So ɗum heɓii-ma, amin njogii wasiyaaji o ɗum safrortoo:</em>\
</p>\
<ul><li><strong>Siiftor, a wonaa gooto e golle ɗee</strong>. Ɗum heɓii heewɓe e men. Hay gooto felataa-ma walla ñiŋ-maa sabu maaɗa horaade waɗde ko mbaɗatno-ɗaa..\
</li><li><strong>Ɓamtu daande, humpit renndo ngoo</strong>. Ɓuri moƴƴude ko pamminaa goomu maa caɗe njogi-ɗaa, maa weeɓnan gooto e maɓɓe kala. SUMO iko nokku jokkere enɗam, aɗa waawi heɓde ballal ɓurgal ɗamawu maa, kono maa kumpitaa goomu maa so caɗeele kaɗii-ma gollaade, no ɓuri yaawrude fof, ko noon ɓuri..\
</li><li> <strong>Bayle e ngonka maa duumotaako</strong>. So a yiɗii hoytinde golle maa lebbi seeɗa, ena newii haa wooroo. So a hebiima kadi ɓeydude golle, ma en ngollodo kadi e weytaare. Dartinde golle jooni firtaani a waawaa artude e goomu wallitooɓe maa so ngonka maa wayliima.\
</li><li> <strong>Boni tan ko deƴƴere</strong>. Yahde tan majja woni ko ɓuri bonde. Sabu goomu maa addaa so yiyloto goɗɗo walla alaa, ko waawi wonde fof, tintin-min ngam min mbaawa wallude.\
</li></ul>	ff
<p>Kala nde cos-ɗaa tabbere hesere, Firefox hollat lowe maa dowrowe ngam weeɓtinde naatde e majje. Ma min kollu-ma hol no lowe peŋirtee e ngoo hello, leemtude lelngo ngoo walla nih uddude ɗum so a yiɗii..\
</p><div class="for" data-for="not fx13"><p></p><div class="note"><strong>Tesko: Ndee winndannde toɗɗaaki yamere maa  Firefox.</strong> Ena naamnii yamre Beta Firefox sakkitiinde heɓotoonde ɗoo <a href="http://www.mozilla.org/beta">mozilla.org/beta</a>.</div>\
<p></p></div>\
<div id="toc"><h2>Table of Contents</h2><ul><li class="toclevel-1"><a href="#w_hol-no-lelnirtu-mi-lowe-am-dowrowe-e-hello-tabbere-hesere-ndee"><span class="tocnumber">1</span> <span class="toctext">Hol no lelnirtu-mi lowe am dowrowe e hello tabbere hesere ndee?</span></a><ul><li class="toclevel-2"><a href="#w_feaode-lowre"><span class="tocnumber">1.1</span> <span class="toctext">Feŋde lowre</span></a></li><li class="toclevel-2"><a href="#w_momtu-lowre"><span class="tocnumber">1.2</span> <span class="toctext">Momtu lowre</span></a></li><li class="toclevel-2"><a href="#w_leemtu-lowe"><span class="tocnumber">1.3</span> <span class="toctext">Leemtu lowe</span></a></li></ul></li><li class="toclevel-1"><a href="#w_hol-no-uddirtu-mi-hello-tabbe-ngoo"><span class="tocnumber">2</span> <span class="toctext">Hol no uddirtu-mi hello tabbe ngoo?</span></a></li></ul></div>\
<h1 id="w_hol-no-lelnirtu-mi-lowe-am-dowrowe-e-hello-tabbere-hesere-ndee">Hol no lelnirtu-mi lowe am dowrowe e hello tabbere hesere ndee?</h1>\
<p>Aɗa waawi feŋde, momtude walla leemtude lowe jaltooje e hello tabbere hesere.\
</p>\
<h2 id="w_feaode-lowre">Feŋde lowre</h2>\
<ul><li>A doboto tan e maandel cettel gonngel e lobbudu dow bannge ñaamo lowre ndee ngam daaƴde-nde e deen dartorde e hello ngoo. .\
<dl><dd><br>\
\
\
  \
\
\
\
\
\
\
\
<img alt="Pin site - Win" class="wiki-image frameless lazy" data-original-src="https://user-media-stage-cdn.itsre-sumo.mozilla.net/uploads/gallery/images/2012-05-15-14-24-43-8a6f50.png" src="https://static-media-stage-cdn.itsre-sumo.mozilla.net/static/sumo/img/placeholder.gif" title="">\
\
\
\
</dd></dl>\
</li></ul>\
<h2 id="w_momtu-lowre">Momtu lowre</h2>\
<ul><li>Dobo e "X" gonɗo e lobbudu dow bannge ñaamo ngam momtude hello ngoo.\
<dl><dd><br>\
\
\
  \
\
\
\
\
\
\
\
<img alt="Delete site - Win" class="wiki-image frameless lazy" data-original-src="https://user-media-stage-cdn.itsre-sumo.mozilla.net/uploads/gallery/images/2012-05-15-14-27-49-0f6969.png" src="https://static-media-stage-cdn.itsre-sumo.mozilla.net/static/sumo/img/placeholder.gif" title="">\
\
\
\
</dd></dl>\
</li></ul>\
<h2 id="w_leemtu-lowe">Leemtu lowe</h2>\
<ul><li>Dobo, ndaasaa lowre fayde ɗo njiɗ-ɗaa kala. So tawii lowre ndee "feŋanooka" tawo, ma nde feŋo ɗoon.\
<dl><dd><span class="for" data-for="win">\
\
\
  \
\
\
\
\
\
\
\
<img alt="Rearrange sites - Win" class="wiki-image frameless lazy" data-original-src="https://user-media-stage-cdn.itsre-sumo.mozilla.net/uploads/gallery/images/2012-05-15-14-26-16-733af3.png" src="https://static-media-stage-cdn.itsre-sumo.mozilla.net/static/sumo/img/placeholder.gif" title="">\
\
\
</span><span class="for" data-for="mac">\
\
\
  \
\
\
\
\
\
\
\
<img alt="Rearrange sites - Mac" class="wiki-image frameless lazy" data-original-src="https://user-media-stage-cdn.itsre-sumo.mozilla.net/uploads/gallery/images/2012-05-16-11-24-45-f34cd2.png" src="https://static-media-stage-cdn.itsre-sumo.mozilla.net/static/sumo/img/placeholder.gif" title="">\
\
\
</span><span class="for" data-for="linux">\
\
\
  \
\
\
\
\
\
\
\
<img alt="Rearrange sites - Lin" class="wiki-image frameless lazy" data-original-src="https://user-media-stage-cdn.itsre-sumo.mozilla.net/uploads/gallery/images/2012-05-16-12-03-51-62e80c.png" src="https://static-media-stage-cdn.itsre-sumo.mozilla.net/static/sumo/img/placeholder.gif" title="">\
\
\
</span>\
</dd></dl>\
</li></ul>\
<h1 id="w_hol-no-uddirtu-mi-hello-tabbe-ngoo">Hol no uddirtu-mi hello tabbe ngoo?</h1>\
<p>So a yiɗaa yiyde lowe dowrowe ɗee tuma nde cosèɗaa tabbere hesere, aɗa waawi suuɗde-ɗe no weeɓiri:\
</p>\
<ul><li>dobo e butoŋ gonɗo lobbudu dow bannge ñaamo hello ngoo ngam uddude/hollude hello tabbe heso ngoo..\
<dl><dd><span class="for" data-for="win">\
\
\
  \
\
\
\
\
\
\
\
<img alt="Hide New Tab - Win" class="wiki-image frameless lazy" data-original-src="https://user-media-stage-cdn.itsre-sumo.mozilla.net/uploads/gallery/images/2012-05-15-14-23-03-a7cd89.png" src="https://static-media-stage-cdn.itsre-sumo.mozilla.net/static/sumo/img/placeholder.gif" title="">\
\
\
</span><span class="for" data-for="mac">\
\
\
  \
\
\
\
\
\
\
\
<img alt="Hide New Tab - Mac" class="wiki-image frameless lazy" data-original-src="https://user-media-stage-cdn.itsre-sumo.mozilla.net/uploads/gallery/images/2012-05-16-11-25-34-e3fc92.png" src="https://static-media-stage-cdn.itsre-sumo.mozilla.net/static/sumo/img/placeholder.gif" title="">\
\
\
</span><span class="for" data-for="linux">\
\
\
  \
\
\
\
\
\
\
\
<img alt="Hide New Tab - Lin" class="wiki-image frameless lazy" data-original-src="https://user-media-stage-cdn.itsre-sumo.mozilla.net/uploads/gallery/images/2012-05-16-12-04-59-4ca3a3.png" src="https://static-media-stage-cdn.itsre-sumo.mozilla.net/static/sumo/img/placeholder.gif" title="">\
\
\
</span>\
</dd></dl>\
</li></ul>\
<p>So tawii aɗa hulani suturo maa, aɗa waawi nih uddude ɗum kisa:\
</p>\
<ol><li><p>In the <a href="/ff/kb/awesome-bar-search-firefox-bookmarks-history-tabs">address bar</a>, type <strong>about:config</strong> and press <span class="for" data-for="win,linux"><span class="key">Enter</span></span><span class="for" data-for="mac"><span class="key">Return</span></span>.\
</p>\
<ul><li> The about:config <em>"This might void your warranty!"</em> warning page may appear. Click <span class="button"><span class="for" data-for="not fx49">I'll be careful, I promise!</span><span class="for" data-for="fx49">I accept the risk!</span></span> to continue to the about:config page.\
</li></ul>\
</li><li>Tappu <strong>browser.newtab.url</strong> e gallol njiilaw ngol.\
</li><li>Dobo ɗiɗol e cuɓe url browser.newtab.kisa mbaylaa about:newtabwonta about:blank\
</li><li>Dobo {butoŋ OK} ngam uddude tabbere about:config ndee.\
</li></ol>	ff
<p>Njaajeendi Yaynirde ko fannu Firefox nafoowu jaytinde lowe e yaynirde ndee fof haa heewa, ko nafoore so njogi-ɗaa ko jaynirgel tokosel wano notebook, kisa Tele maa HD ɓeydoo welde yeeɓde walla tan yiɗde yiyde ko mawni!o!\
</p><div class="for" data-for="mac">\
<div class="note"><strong>Tesko:</strong>  Mbayka  Njaajeendi Yaynirde Firefox jiidaani e njaajeendi yaynirde jaaɓnirgal naatnangal e Mac OS X 10.7 (Lion). Firefox jaaɓdaani e mbayka njaajeendi yaynirde yuɓɓo Lion.</div>\
</div>\
<h2 id="w_hurmin-njaajeendi-yaynirde">Hurmin Njaajeendi Yaynirde</h2>\
<p><em>Ko mawni ɓuri! Hebbin yaynirde maa fof huutoraade Firefox.</em>\
</p><div class="for" data-for="mac">\
<ol><li>E palal dosi ngal, dobo e <span class="menu">View</span> dosol.\
</li><li>Dobo <span class="menu">Full Screen</span>. \
</li></ol>\
</div><div class="for" data-for="win,linux">\
<ol><li>Dobo e butoŋ <span class="button">Firefox</span>.\
</li><li>Dobo e <span class="button">Full Screen</span>.\
</li></ol>\
<div class="note">So palal dosi ngal ena hollaa (ko woowaa e  <span class="for" data-for="win">Windows XP)</span><span class="for" data-for="linux"> Linux)</span> dobo <span class="menu">View</span> ndobo-ɗaa kisa <span class="menu">Full Screen</span>.</div> \
</div>\
<h2 id="w_uddu-njaajeendi-yaynirde">Uddu Njaajeendi Yaynirde</h2>\
<p><em>Artiran am ordinateer am!  Famɗitin Firefox haa fota e ɓetol mum gadanol.</em>\
</p><div class="for" data-for="mac">\
<ol><li>Naw jamngel maa to dow yaynirde ndee.\
</li><li> Cdobo e maandel Njaajeendi Yaynirde ngel. \
\
\
  \
\
\
\
\
\
\
\
<img alt="MacFullScreenIcon" class="wiki-image frameless lazy" data-original-src="https://user-media-stage-cdn.itsre-sumo.mozilla.net/uploads/gallery/images/2011-12-24-06-40-30-1adeb8.png" src="https://static-media-stage-cdn.itsre-sumo.mozilla.net/static/sumo/img/placeholder.gif" title="">\
\
\
\
</li></ol>\
</div><div class="for" data-for="win,linux">\
<ol><li>Naw jamngel maa to dow yaynirde ndee.\
</li><li>dobo-ñaamru e Tab Strip.\
</li><li>Dobo <span class="menu">Exit Full Screen Mode</span> \
</li></ol>\
</div>\
<h2 id="w_codorue-tappirde">Codorɗe Tappirde</h2>\
<p><em>Woodande onon waawɓe teskaade.  Jaytin e Njaajeendi Yaynirde huutoraade tappirde maa.</em>\
</p><div class="for" data-for="win,linux"><p>Sodorɗe tappirde Njaajeendi Yaynirde : Tappu e ñiire <span class="key">F11</span> ndee.\
</p>\
<div class="note">Tesko: E ordinateeruuji jogiiɗe tappirɗe ɗe timmaani (wano netbukke and laptoppe) fiy e ñiiƴe <span class="key">fn</span> + <span class="key">F11</span> . </div>\
</div><div class="for" data-for="mac"><p>Sodorɗe tappirde Njaajeendi Yaynirde: <span class="button">command</span> + <span class="button">Shift</span> + <span class="button">F</span>\
</p></div>	ff
<p>Ɗee binndanɗe maa mballe faamde Firefox e nder kaɓirgol maa Android, ngam heɓde pamminorɗe aafgol, yah to <a class="new" href="/ff/kb/new?title=Aawtagol+e+aafgol+Firefox+mo+cinndel" title="Hello ngoo woodaani.">Aawtagol e aafgol Firefox mo cinndel</a>.\
</p>\
<ul><li><a class="new" href="/ff/kb/new?title=ASA+Firefox+Android" title="Hello ngoo woodaani.">ASA Firefox Android</a>\
</li><li><a class="new" href="/ff/kb/new?title=Fuu%C9%97o+huutoraade+Firefox+mo+Cinndel" title="Hello ngoo woodaani.">Fuuɗo huutoraade Firefox mo Cinndel</a>\
<ul><li><a class="new" href="/ff/kb/new?title=Hol+no++Awesome+screen+huutortee%3F" title="Hello ngoo woodaani.">Yiylo</a>\
</li><li><a class="new" href="/ff/kb/new?title=Hol+no++maantore+kuutortee+e+cinndel%3F" title="Hello ngoo woodaani.">Maantore</a>\
</li><li><a class="new" href="/ff/kb/new?title=Hol+no+tabbe+kuutortee%3F" title="Hello ngoo woodaani.">Tabbe</a>\
</li><li><a class="new" href="/ff/kb/new?title=Hol+no+lonngortee+ara+walla+wo%C9%97%C9%97a+e+lowre+geese%3F" title="Hello ngoo woodaani.">Lonngo</a>\
</li></ul>\
</li><li><a class="new" href="/ff/kb/new?title=Tinndinooje+widewoo+Firefox+mo+Android" title="Hello ngoo woodaani.">Tinndinooje Firefox mo Android</a>\
</li></ul>\
<div class="for" data-for="=m10">\
<ul><li><a class="new" href="/ff/kb/new?title=Fuu%C9%97o+huutoraade+wanngorde+Firefox+mo+taable+Android" title="Hello ngoo woodaani.">Fuuɗo huutoraade wanngorde Firefox mo taable Android</a>\
</li></ul>\
</div><p>Daartorde wanngorde Firefox mo cinndel. e taable peɗeeli 7 nana sifaa e natal gonngal les ɗoo.\
</p><p><img src="https://support.mozilla.org/media/uploads/gallery/images/2012-02-14-15-38-42-446357.png">\
</p>	ff
<h1 id="w_hol-ko-woni-firefox">Hol ko woni Firefox?</h1>\
<p><strong>Firefox ko wanngorde geese <a href="http://www.mozilla.org/firefox/performance/">yaawnde</a>, <a href="http://www.mozilla.org/firefox/customize/">weeɓtunde</a> e <a href="http://www.mozilla.org/firefox/security/">hisnde</a> wonndunde e <a href="http://www.mozilla.org/mission/">eɓɓoore</a>:</strong> mahde enternet ɓurɗo yuɓɓude tee waɗan maa wanngorde lobbere.\
</p>\
<dl><dd> <span class="for" data-for="win">\
\
\
  \
\
\
\
\
\
\
\
  <a href="http://www.mozilla.org/products/download.html?product=firefox-12.0&amp;os=win&amp;lang=en-US">\
\
<img alt="Firefox download button" class="wiki-image frameless lazy" data-original-src="https://user-media-stage-cdn.itsre-sumo.mozilla.net/uploads/gallery/images/2012-05-04-10-54-30-2e89d0.png" src="https://static-media-stage-cdn.itsre-sumo.mozilla.net/static/sumo/img/placeholder.gif">\
\
  </a>\
\
\
</span><span class="for" data-for="mac">\
\
\
  \
\
\
\
\
\
\
\
  <a href="http://www.mozilla.org/products/download.html?product=firefox-12.0&amp;os=osx&amp;lang=en-US">\
\
<img alt="Firefox download button" class="wiki-image frameless lazy" data-original-src="https://user-media-stage-cdn.itsre-sumo.mozilla.net/uploads/gallery/images/2012-05-04-10-54-30-2e89d0.png" src="https://static-media-stage-cdn.itsre-sumo.mozilla.net/static/sumo/img/placeholder.gif">\
\
  </a>\
\
\
</span><span class="for" data-for="linux">\
\
\
  \
\
\
\
\
\
\
\
  <a href="http://www.mozilla.org/products/download.html?product=firefox-12.0&amp;os=linux&amp;lang=en-US">\
\
<img alt="Firefox download button" class="wiki-image frameless lazy" data-original-src="https://user-media-stage-cdn.itsre-sumo.mozilla.net/uploads/gallery/images/2012-05-04-10-54-30-2e89d0.png" src="https://static-media-stage-cdn.itsre-sumo.mozilla.net/static/sumo/img/placeholder.gif">\
\
  </a>\
\
\
</span>\
</dd></dl>\
<ul><li> \
\
\
  \
\
\
\
\
\
\
\
<img alt="linkicon" class="wiki-image frameless lazy" data-original-src="https://user-media-stage-cdn.itsre-sumo.mozilla.net/uploads/gallery/images/2012-05-04-09-11-02-b1d02e.png" src="https://static-media-stage-cdn.itsre-sumo.mozilla.net/static/sumo/img/placeholder.gif" title="">\
\
\
 <a href="https://www.mozilla.org/firefox/features/">Ƴeew Maantinooje Firefox</a>\
</li><li> \
\
\
  \
\
\
\
\
\
\
\
<img alt="linkicon" class="wiki-image frameless lazy" data-original-src="https://user-media-stage-cdn.itsre-sumo.mozilla.net/uploads/gallery/images/2012-05-04-09-11-02-b1d02e.png" src="https://static-media-stage-cdn.itsre-sumo.mozilla.net/static/sumo/img/placeholder.gif" title="">\
\
\
 <a href="http://www.mozilla.org/firefox/12.0/system-requirements/">Baɗɗiiɗe Yuɓɓo</a>\
</li><li> \
\
\
  \
\
\
\
\
\
\
\
<img alt="linkicon" class="wiki-image frameless lazy" data-original-src="https://user-media-stage-cdn.itsre-sumo.mozilla.net/uploads/gallery/images/2012-05-04-09-11-02-b1d02e.png" src="https://static-media-stage-cdn.itsre-sumo.mozilla.net/static/sumo/img/placeholder.gif" title="">\
\
\
 <a href="http://www.mozilla.org/firefox/12.0/releasenotes/">Konngol bayyinol</a>\
</li><li> \
\
\
  \
\
\
\
\
\
\
\
<img alt="linkicon" class="wiki-image frameless lazy" data-original-src="https://user-media-stage-cdn.itsre-sumo.mozilla.net/uploads/gallery/images/2012-05-04-09-11-02-b1d02e.png" src="https://static-media-stage-cdn.itsre-sumo.mozilla.net/static/sumo/img/placeholder.gif" title="">\
\
\
 <a href="http://www.mozilla.org/firefox/all.html">Heɓ Firefox e ɗemngal maa</a>\
</li></ul>\
<h1 id="w_aafde-e-hesuitinde-firefox">Aafde e hesɗitinde Firefox</h1>\
<ul><li> \
\
\
  \
\
\
\
\
\
\
\
<img alt="listicon" class="wiki-image frameless lazy" data-original-src="https://user-media-stage-cdn.itsre-sumo.mozilla.net/uploads/gallery/images/2012-05-04-09-10-24-10ae9f.png" src="https://static-media-stage-cdn.itsre-sumo.mozilla.net/static/sumo/img/placeholder.gif" title="">\
\
\
 <a class="new" href="/ff/kb/new?title=Aafde+Firefox" title="Hello ngoo woodaani.">Aafde Firefox</a>\
</li><li> \
\
\
  \
\
\
\
\
\
\
\
<img alt="docicon" class="wiki-image frameless lazy" data-original-src="https://user-media-stage-cdn.itsre-sumo.mozilla.net/uploads/gallery/images/2012-05-04-09-09-49-9a09b4.png" src="https://static-media-stage-cdn.itsre-sumo.mozilla.net/static/sumo/img/placeholder.gif" title="">\
\
\
 <a class="new" href="/ff/kb/new?title=Aafde+Firefox+e+Windows" title="Hello ngoo woodaani.">Aafde Firefox e Windows</a>\
</li><li> \
\
\
  \
\
\
\
\
\
\
\
<img alt="docicon" class="wiki-image frameless lazy" data-original-src="https://user-media-stage-cdn.itsre-sumo.mozilla.net/uploads/gallery/images/2012-05-04-09-09-49-9a09b4.png" src="https://static-media-stage-cdn.itsre-sumo.mozilla.net/static/sumo/img/placeholder.gif" title="">\
\
\
 <a class="new" href="/ff/kb/new?title=Aafde+Firefox+e+Mac" title="Hello ngoo woodaani.">Aafde Firefox e Mac</a>\
</li><li> \
\
\
  \
\
\
\
\
\
\
\
<img alt="docicon" class="wiki-image frameless lazy" data-original-src="https://user-media-stage-cdn.itsre-sumo.mozilla.net/uploads/gallery/images/2012-05-04-09-09-49-9a09b4.png" src="https://static-media-stage-cdn.itsre-sumo.mozilla.net/static/sumo/img/placeholder.gif" title="">\
\
\
 <a class="new" href="/ff/kb/new?title=Aafde+Firefox+e+Linux" title="Hello ngoo woodaani.">Aafde Firefox e Linux</a>\
</li><li> \
\
\
  \
\
\
\
\
\
\
\
<img alt="docicon" class="wiki-image frameless lazy" data-original-src="https://user-media-stage-cdn.itsre-sumo.mozilla.net/uploads/gallery/images/2012-05-04-09-09-49-9a09b4.png" src="https://static-media-stage-cdn.itsre-sumo.mozilla.net/static/sumo/img/placeholder.gif" title="">\
\
\
 <a class="new" href="/ff/kb/new?title=Hes%C9%97itinde+Firefox" title="Hello ngoo woodaani.">Hesɗitinde Firefox</a>\
</li></ul>\
<h1 id="w_aaawndude-caueele-aafgol-e-kesuitingol-e">Ñawndude caɗeele aafgol e kesɗitingol e</h1>\
<ul><li> \
\
\
  \
\
\
\
\
\
\
\
<img alt="listicon" class="wiki-image frameless lazy" data-original-src="https://user-media-stage-cdn.itsre-sumo.mozilla.net/uploads/gallery/images/2012-05-04-09-10-24-10ae9f.png" src="https://static-media-stage-cdn.itsre-sumo.mozilla.net/static/sumo/img/placeholder.gif" title="">\
\
\
 <a class="new" href="/ff/kb/new?title=Ca%C9%97eele+toos%C9%97e+caggal+kes%C9%97itingol+Firefox" title="Hello ngoo woodaani.">Caɗeele toosɗe caggal kesɗitingol Firefox</a>\
</li><li> \
\
\
  \
\
\
\
\
\
\
\
<img alt="docicon" class="wiki-image frameless lazy" data-original-src="https://user-media-stage-cdn.itsre-sumo.mozilla.net/uploads/gallery/images/2012-05-04-09-09-49-9a09b4.png" src="https://static-media-stage-cdn.itsre-sumo.mozilla.net/static/sumo/img/placeholder.gif" title="">\
\
\
 <a class="new" href="/ff/kb/new?title=Kes%C9%97itingol+Topir%C9%97e+Woorii" title="Hello ngoo woodaani.">Kesɗitingol Topirɗe Woorii</a>\
</li><li> \
\
\
  \
\
\
\
\
\
\
\
<img alt="docicon" class="wiki-image frameless lazy" data-original-src="https://user-media-stage-cdn.itsre-sumo.mozilla.net/uploads/gallery/images/2012-05-04-09-09-49-9a09b4.png" src="https://static-media-stage-cdn.itsre-sumo.mozilla.net/static/sumo/img/placeholder.gif" title="">\
\
\
 <a class="new" href="/ff/kb/new?title=Horiima+se%C5%8Baade+caggal+kes%C9%97itingol+Firefox" title="Hello ngoo woodaani.">Horiima seŋaade caggal kesɗitingol Firefox</a>\
</li><li> \
\
\
  \
\
\
\
\
\
\
\
<img alt="docicon" class="wiki-image frameless lazy" data-original-src="https://user-media-stage-cdn.itsre-sumo.mozilla.net/uploads/gallery/images/2012-05-04-09-09-49-9a09b4.png" src="https://static-media-stage-cdn.itsre-sumo.mozilla.net/static/sumo/img/placeholder.gif" title="">\
\
\
 <a class="new" href="/ff/kb/new?title=Firefox+horiima+loowde+lowe+geese+nde+topir%C9%97e+go%C9%97%C9%97e+mbaawi" title="Hello ngoo woodaani.">Firefox horiima loowde lowe geese nde topirɗe goɗɗe mbaawi</a>\
</li><li> \
\
\
  \
\
\
\
\
\
\
\
<img alt="docicon" class="wiki-image frameless lazy" data-original-src="https://user-media-stage-cdn.itsre-sumo.mozilla.net/uploads/gallery/images/2012-05-04-09-09-49-9a09b4.png" src="https://static-media-stage-cdn.itsre-sumo.mozilla.net/static/sumo/img/placeholder.gif" title="">\
\
\
 <a class="new" href="/ff/kb/new?title=Naamne+%C9%93urde+naamneede+caggal+kes%C9%97itingol+Firefox+3.6" title="Hello ngoo woodaani.">Naamne ɓurde naamneede caggal kesɗitingol Firefox 3.6</a>\
</li><li> \
\
\
  \
\
\
\
\
\
\
\
<img alt="docicon" class="wiki-image frameless lazy" data-original-src="https://user-media-stage-cdn.itsre-sumo.mozilla.net/uploads/gallery/images/2012-05-04-09-09-49-9a09b4.png" src="https://static-media-stage-cdn.itsre-sumo.mozilla.net/static/sumo/img/placeholder.gif" title="">\
\
\
 <a class="new" href="/ff/kb/new?title=%C6%81eyditte+koko+ndaa%C6%B4aa+caggal+kes%C9%97itingol+Firefox" title="Hello ngoo woodaani.">Ɓeyditte koko ndaaƴaa caggal kesɗitingol Firefox</a>\
</li><li> \
\
\
  \
\
\
\
\
\
\
\
<img alt="linkicon" class="wiki-image frameless lazy" data-original-src="https://user-media-stage-cdn.itsre-sumo.mozilla.net/uploads/gallery/images/2012-05-04-09-11-02-b1d02e.png" src="https://static-media-stage-cdn.itsre-sumo.mozilla.net/static/sumo/img/placeholder.gif" title="">\
\
\
 <a href="http://www.mozilla.com/plugincheck/">Ƴeewto so ceŋe maa ena kesɗiti</a>\
</li></ul>\
<h1 id="w_jiggo-danndit-syncko-teelte-maa-e-maantore-maa">Jiggo, danndit, syncko teelte maa e maantore maa</h1>\
<ul><li> \
\
\
  \
\
\
\
\
\
\
\
<img alt="docicon" class="wiki-image frameless lazy" data-original-src="https://user-media-stage-cdn.itsre-sumo.mozilla.net/uploads/gallery/images/2012-05-04-09-09-49-9a09b4.png" src="https://static-media-stage-cdn.itsre-sumo.mozilla.net/static/sumo/img/placeholder.gif" title="">\
\
\
 <a class="new" href="/ff/kb/new?title=Jiggaade+maantore+e+ke%C9%93e+go%C9%97%C9%97e+iwde+e+banngor%C9%97e+go%C9%97%C9%97e" title="Hello ngoo woodaani.">Jiggaade maantore e keɓe goɗɗe iwde e banngorɗe goɗɗe</a>\
</li><li> \
\
\
  \
\
\
\
\
\
\
\
<img alt="docicon" class="wiki-image frameless lazy" data-original-src="https://user-media-stage-cdn.itsre-sumo.mozilla.net/uploads/gallery/images/2012-05-04-09-09-49-9a09b4.png" src="https://static-media-stage-cdn.itsre-sumo.mozilla.net/static/sumo/img/placeholder.gif" title="">\
\
\
 <a class="new" href="/ff/kb/new?title=Jiggaade+maantore+iw%C9%97e+e+Google+Chrome" title="Hello ngoo woodaani.">Jiggaade maantore iwɗe e Google Chrome</a>\
</li><li> \
\
\
  \
\
\
\
\
\
\
\
<img alt="docicon" class="wiki-image frameless lazy" data-original-src="https://user-media-stage-cdn.itsre-sumo.mozilla.net/uploads/gallery/images/2012-05-04-09-09-49-9a09b4.png" src="https://static-media-stage-cdn.itsre-sumo.mozilla.net/static/sumo/img/placeholder.gif" title="">\
\
\
 <a class="new" href="/ff/kb/new?title=Jiggaade+labaa%C9%97e+e+ke%C9%93e+go%C9%97%C9%97e+iw%C9%97e+e+Internet+Explorer" title="Hello ngoo woodaani.">Jiggaade labaaɗe e keɓe goɗɗe iwɗe e Internet Explorer</a>\
</li><li> \
\
\
  \
\
\
\
\
\
\
\
<img alt="docicon" class="wiki-image frameless lazy" data-original-src="https://user-media-stage-cdn.itsre-sumo.mozilla.net/uploads/gallery/images/2012-05-04-09-09-49-9a09b4.png" src="https://static-media-stage-cdn.itsre-sumo.mozilla.net/static/sumo/img/placeholder.gif" title="">\
\
\
 <a class="new" href="/ff/kb/new?title=Hol+no+Firefox+synckortee+hakkunde+ordinateeruuji" title="Hello ngoo woodaani.">Hol no maantore e teelte synckortee hakkunde ordinateeruuji</a>\
</li><li> \
\
\
  \
\
\
\
\
\
\
\
<img alt="docicon" class="wiki-image frameless lazy" data-original-src="https://user-media-stage-cdn.itsre-sumo.mozilla.net/uploads/gallery/images/2012-05-04-09-09-49-9a09b4.png" src="https://static-media-stage-cdn.itsre-sumo.mozilla.net/static/sumo/img/placeholder.gif" title="">\
\
\
 <a class="new" href="/ff/kb/new?title=Hol+no+Firefox+syncortee+hakkunde+ordinateer+am+e+cinndel+am%3F" title="Hello ngoo woodaani.">Hol no syncirtu-mi maantore e teelte hakkunde ordinateer e kaɓirɗi beelno</a>\
</li><li> \
\
\
  \
\
\
\
\
\
\
\
<img alt="docicon" class="wiki-image frameless lazy" data-original-src="https://user-media-stage-cdn.itsre-sumo.mozilla.net/uploads/gallery/images/2012-05-04-09-09-49-9a09b4.png" src="https://static-media-stage-cdn.itsre-sumo.mozilla.net/static/sumo/img/placeholder.gif" title="">\
\
\
 <a class="new" href="/ff/kb/new?title=Hol+no+Ja%C9%93%C9%93orgo+Firefox+teeltortee+e+iPhone+maa" title="Hello ngoo woodaani.">Yiy maantore e tabbe maa e iPhone, iPod e iPad</a>\
</li><li> \
\
\
  \
\
\
\
\
\
\
\
<img alt="docicon" class="wiki-image frameless lazy" data-original-src="https://user-media-stage-cdn.itsre-sumo.mozilla.net/uploads/gallery/images/2012-05-04-09-09-49-9a09b4.png" src="https://static-media-stage-cdn.itsre-sumo.mozilla.net/static/sumo/img/placeholder.gif" title="">\
\
\
 <a class="new" href="/ff/kb/new?title=Jiggaade+maantore+iw%C9%97e+e+fiilde+HTML" title="Hello ngoo woodaani.">Jiggaade maantore iwɗe e fiilde HTML</a>\
</li><li> \
\
\
  \
\
\
\
\
\
\
\
<img alt="docicon" class="wiki-image frameless lazy" data-original-src="https://user-media-stage-cdn.itsre-sumo.mozilla.net/uploads/gallery/images/2012-05-04-09-09-49-9a09b4.png" src="https://static-media-stage-cdn.itsre-sumo.mozilla.net/static/sumo/img/placeholder.gif" title="">\
\
\
 <a class="new" href="/ff/kb/new?title=Jiggitaade+maantore+iw%C9%97e+e+fiilde+HTML" title="Hello ngoo woodaani.">Jiggitaade maantore iwɗe e fiilde HTML</a>\
</li><li> \
\
\
  \
\
\
\
\
\
\
\
<img alt="docicon" class="wiki-image frameless lazy" data-original-src="https://user-media-stage-cdn.itsre-sumo.mozilla.net/uploads/gallery/images/2012-05-04-09-09-49-9a09b4.png" src="https://static-media-stage-cdn.itsre-sumo.mozilla.net/static/sumo/img/placeholder.gif" title="">\
\
\
 <a class="new" href="/ff/kb/new?title=Dannditaade+e+artirde+maantore" title="Hello ngoo woodaani.">Dannditaade e artirde maantore</a>\
</li></ul>	ff
<p>REDIRECT <a href="/ff/kb/awtagol-e-aafgol-hol-ko-hesi">Awtagol e aafgol - hol ko hesɗi</a>\
</p>	ff
<p>REDIRECT <a href="/ff/kb/aawtagol-e-aafgol-hol-ko-hesi">Aawtagol e aafgol - hol ko hesɗi</a>\
</p>	ff
<p>Ɗee binndanɗe kollat-maa ko kaɓirɗi jaaɓduɗe e Firefox mo cinndel e hol no aafirtee huutoraade Google Play.\
</p>\
<ul><li><a class="new" href="/ff/kb/new?title=Mbar+Firefox+ena+jaa%C9%93di+e+ka%C9%93irgol+cinndol+am%3F" title="Hello ngoo woodaani.">Mbar Firefox ena jaaɓdi e kaɓirgol cinndol am?</a>\
</li><li><a class="new" href="/ff/kb/new?title=Hol+no+aafrat-mi+Firefox+e+ka%C9%93irgol+cinndol+am%3F" title="Hello ngoo woodaani.">Hol no aafrat-mi Firefox e kaɓirgol cinndol am?</a>\
</li><li><a class="new" href="/ff/kb/new?title=Hol+no+Firefox+mo+Android+huutortoo+jamirooje+%C9%97e+%C9%97a%C9%93%C9%93itta+%C9%97ee%3F" title="Hello ngoo woodaani.">Hol no Firefox mo Android huutortoo jamirooje ɗe ɗaɓɓitta ɗee?</a>\
</li><li><a href="http://mozilla.org/mobile">Hello aawtorgo Firefox mo Android (Google Play)</a>\
</li><li><a href="https://wiki.mozilla.org/Mobile/Platforms/Android#Download_Firefox">Hello aawtorgo Firefox mo Android (FTP)</a>\
</li></ul>\
<h1 id="w_iphone-njogi-ua-hee-jaeeorgo-firefox">iPhone njogi-ɗa? Heɓ Jaɓɓorgo Firefox</h1>\
<p>Ƴeew  <a class="new" href="/ff/kb/new?title=Hol+no+Ja%C9%93%C9%93orgo+Firefox+teeltortee+e+iPhone+maa" title="Hello ngoo woodaani.">Hol no Jaɓɓorgo Firefox teeltortee e iPhone maa</a> ngam heɓde tinndinooje.\
</p>\
<h1 id="w_hol-ko-hesui-e-firefox-mo-cinndel">Hol ko hesɗi e Firefox mo cinndel?</h1>\
<div class="for" data-for="=m10">\
<ul><li><a href="http://www.mozilla.org/mobile/10.0.4/releasenotes/">Konngol bayyino Firefox mo Android</a>\
</li></ul>\
</div>\
<ul><li><a class="new" href="/ff/kb/new?title=ASA+Firefox+mo+Android" title="Hello ngoo woodaani.">ASA Firefox mo Android</a>\
</li></ul>	ff
<p><span class="for" data-for="win">Dobo <span class="button">OK</span> ngam uddude henorde Cuɓe ndee</span><span class="for" data-for="linux">Dobo<span class="button">Close</span>ngam uddude henorde Cuɓoraaɗe ndee</span><span class="for" data-for="mac">Uddu henorde Cuɓoraaɗe ndee</span>\
</p>	ff
<p><span class="for" data-for="fx4"><span class="for" data-for="win">To dow henorde Firefox ndee, dobo e butoŋ <span class="button">Firefox</span> (dosol <span class="menu">Kuutorɗe</span> e Windows XP) kisa ndobo-ɗaa e <span class="menu">Cuɓe</span></span><span class="for" data-for="mac">E palal dosi ngal, dobo e dosol <span class="menu">Firefox</span> tee labo-ɗaa <span class="menu">Cuɓoraaɗe...</span></span><span class="for" data-for="linux">To dow henorde Firefox ndee, dobo e dosol <span class="menu">Taƴto</span> tee labo-ɗaa <span class="menu">Cuɓoraaɗe</span></span></span><span class="for" data-for="fx35"><span class="for" data-for="win">To dow henorde Firefox ndee,  dobo e dosol <span class="menu">Kuutorɗe</span> tee labo-ɗaa <span class="menu">Cuɓe...</span></span><span class="for" data-for="mac">E palal dosi ngal, dobo e dosol <span class="menu">Firefox</span> tee labo-ɗaa <span class="menu">Cuɓoraaɗe...</span></span><span class="for" data-for="linux">To dow henorde Firefox nde, dobo e dosol <span class="menu">Taƴto</span> tee labo-ɗaa  <span class="menu">Cuɓoraaɗe...</span></span></span>\
</p>	ff
<div class="note"><strong>Tesko: Ndee winndannde toɗɗaaki yamere maa  Firefox.</strong> Ena naamnii yamre {{{channel}}} Firefox sakkitiinde heɓotoonde ɗoo <a href="http://www.mozilla.org/{{{slug}}}">mozilla.org/{{{slug}}}</a>.</div>	ff
<h1 id="w_kesuitinal-yamre-eennunde">Kesɗitinal yamre ɓennunde?</h1>\
<p>So aɗa hesɗitina yamre ɓennunde Firefox, yah to <a class="new" href="/ff/kb/new?title=Kes%C9%97itingol+Firefox" title="Hello ngoo woodaani.">Kesɗitingol Firefox</a>.\
</p>\
<h1 id="w_dobo-e-yueeo-huumnungo-njiu-uaa-aafde-firefox">Dobo e yuɓɓo huumnungo njiɗ-ɗaa aafde Firefox.</h1>\
<h2 id="w_imagevista-jpgvalignmiddlepageinstalling-firefox-e-windows-aafgol-firefox-e-windows">\
\
\
  \
\
\
\
\
\
\
\
  <a class="new" href="/ff/kb/new?title=Installing+Firefox+e+Windows">\
\
<img alt="vista.jpg" class="wiki-image frameless lazy" data-original-src="https://user-media-stage-cdn.itsre-sumo.mozilla.net/uploads/gallery/images/vista.jpg" src="https://static-media-stage-cdn.itsre-sumo.mozilla.net/static/sumo/img/placeholder.gif" style="vertical-align: middle;">\
\
  </a>\
\
\
 <a class="new" href="/ff/kb/new?title=Aafgol+Firefox+e+Windows" title="Hello ngoo woodaani.">Aafgol Firefox e Windows</a></h2>\
<h2 id="w_imagemacos-jpgvalignmiddlepageinstalling-firefox-on-mac-aafgol-firefox-e-mac">\
\
\
  \
\
\
\
\
\
\
\
  <a href="/ff/kb/how-download-and-install-firefox-mac">\
\
<img alt="macos.jpg" class="wiki-image frameless lazy" data-original-src="https://user-media-stage-cdn.itsre-sumo.mozilla.net/uploads/gallery/images/macos.jpg" src="https://static-media-stage-cdn.itsre-sumo.mozilla.net/static/sumo/img/placeholder.gif" style="vertical-align: middle;">\
\
  </a>\
\
\
 <a class="new" href="/ff/kb/new?title=Aafgol+Firefox+e+Mac" title="Hello ngoo woodaani.">Aafgol Firefox e Mac</a></h2>\
<h2 id="w_imagelinux-jpgvalignmiddlepageinstalling-firefox-on-linux-aafgol-firefox-e-linux">\
\
\
  \
\
\
\
\
\
\
\
  <a href="/ff/kb/install-firefox-linux">\
\
<img alt="linux.jpg" class="wiki-image frameless lazy" data-original-src="https://user-media-stage-cdn.itsre-sumo.mozilla.net/uploads/gallery/images/linux.jpg" src="https://static-media-stage-cdn.itsre-sumo.mozilla.net/static/sumo/img/placeholder.gif" style="vertical-align: middle;">\
\
  </a>\
\
\
 <a class="new" href="/ff/kb/new?title=Aafgol+Firefox+e+Linux" title="Hello ngoo woodaani.">Aafgol Firefox e Linux</a></h2>\
<h2 id="w_imageandroidvalignmiddlepagehow-do-i-install-firefox-on-a-mobile-device-how-do-i-install-firefox-on-a-mobile-device">\
\
\
  \
\
\
\
\
\
\
\
  <a href="/ff/kb/hol-no-loowirtu-mi-firefox-e-kairgol-beelnol">\
\
<img alt="Android" class="wiki-image frameless lazy" data-original-src="https://user-media-stage-cdn.itsre-sumo.mozilla.net/uploads/gallery/images/2011-10-13-04-32-29-f8916c.jpg" src="https://static-media-stage-cdn.itsre-sumo.mozilla.net/static/sumo/img/placeholder.gif" style="vertical-align: middle;">\
\
  </a>\
\
\
 <a href="/ff/kb/hol-no-loowirtu-mi-firefox-e-kairgol-beelnol">Hol no loowirtu-mi Firefox e kaɓirgol beelnol?</a></h2>\
<h2 id="w_imagefx-home-logovalignmiddlepagehow-to-set-up-firefox-home-on-your-iphone-hol-no-jaeeorgo-firefox-teeltortee-e-iphone-maa">\
\
\
  \
\
\
\
\
\
\
\
  <a href="/ff/kb/how-set-up-firefox-home-your-ios-iphone-and-ipad">\
\
<img alt="Fx Home Logo" class="wiki-image frameless lazy" data-original-src="https://user-media-stage-cdn.itsre-sumo.mozilla.net/uploads/gallery/images/fxhome-logo.gif" src="https://static-media-stage-cdn.itsre-sumo.mozilla.net/static/sumo/img/placeholder.gif" style="vertical-align: middle;">\
\
  </a>\
\
\
 <a class="new" href="/ff/kb/new?title=Hol+no+Ja%C9%93%C9%93orgo+Firefox+teeltortee+e+iPhone+maa" title="Hello ngoo woodaani.">Hol no Jaɓɓorgo Firefox teeltortee e iPhone maa</a></h2>\
<div class="note">Apple ena suri-min e waawde saakde Firefox mo kaɓirɗi iOS (iPhone, iPad, iPod Touch), kono aɗa waawi aafde <a href="https://www.mozilla.com/mobile/home/">Jaɓɓorgo Firefox </a>, jaaɓngal dokkal nafowal heɓde tabbe, maantore e aslol Firefox maa mo biro.</div>\
<p><br>\
\
<br> <br>\
<em><strong>Based on information from  <a href="http://kb.mozillazine.org/Installing_Firefox">Installing Firefox (mozillaZine KB)</a><br><sub>Windows and the Windows logo are trademarks of the <a href="http://www.microsoft.com">Microsoft group of companies</a>.<br>Mac® and the Apple logo are trademarks of <a href="http://www.apple.com">Apple Inc.</a>, registered in the U.S. and other countries.<br>Linux® is the registered trademark of Linus Torvalds in the U.S. and other countries.<br>The Linux logo is <a href="http://www.isc.tamu.edu/~lewing/linux/">Copyright 1997 Larry Ewing</a><br>The Android logo is based on work created and <a href="http://code.google.com/policies.html">shared by Google</a></sub>.</strong></em>\
</p>	ff
<p></p><section>\
<p></p>\
<h1 id="w_ko-a-keso-e-firefox-mo-cinndel">Ko a keso e Firefox mo cinndel?</h1>\
<ul><li><a class="new" href="/ff/kb/new?title=Hol+no+aafitu-mi+Firefox+e+ka%C9%93irgol+beelnol%3F" title="Hello ngoo woodaani.">Hol no aafitu-mi Firefox e kaɓirgol beelnol?</a>\
</li></ul>\
<ul><li><a class="new" href="/ff/kb/new?title=Fu%C9%97%C9%97o+huutoraade+Firefox+mo+cinndel" title="Hello ngoo woodaani.">Fuɗɗo huutoraade Firefox mo cinndel</a>\
</li></ul>\
<ul><li><a class="new" href="/ff/kb/new?title=Fu%C9%97%C9%97o+huutoraade+Firefox+mo+wanngorde+taable+Android" title="Hello ngoo woodaani.">Fuɗɗo huutoraade Firefox mo wanngorde taable Android</a>\
</li></ul>\
<ul><li><a class="new" href="/ff/kb/new?title=Hol+no+ke%C9%93irtu-mi+%C6%81eyditte+mi+aafa%3F" title="Hello ngoo woodaani.">Hol no keɓirtu-mi Ɓeyditte mi aafa?</a>\
</li></ul>\
<p></p></section>\
<p></p><p></p><section>\
<p></p>\
<h1 id="w_caue-dowrowe">Caɗe Dowrowe</h1>\
<ul><li><a class="new" href="/ff/kb/new?title=Mbar+Firefox+ena+jaa%C9%93di+e++ka%C9%93irgol+am+beelnol%3F" title="Hello ngoo woodaani.">Mbar Firefox ena jaaɓdi e  kaɓirgol am beelnol?</a>\
</li></ul>\
<ul><li><a class="new" href="/ff/kb/new?title=Firefox+mo+cinndel+jaa%C9%93daani+e+Flash" title="Hello ngoo woodaani.">Firefox mo cinndel jaaɓdaani e Flash</a>\
</li></ul>\
<ul><li><a class="new" href="/ff/kb/new?title=Hol+ko+wa%C9%97i+Firefox+mo+cinndel+leelirde+nih%3F" title="Hello ngoo woodaani.">Hol ko waɗi Firefox mo cinndel leelirde nih?</a>\
</li></ul>\
<ul><li><a class="new" href="/ff/kb/new?title=Hol+no+mba%C9%97irtu-mi+sync+hakkunde+Firefox+biro+e+cinndel+am%3F" title="Hello ngoo woodaani.">Hol no mbaɗirtu-mi sync hakkunde Firefox biro e cinndel am?</a>\
</li></ul>\
<ul><li><a href="/ff/kb/getting-started-firefox-android-tablet-browser#w_how-do-i-clear-the-recent-history-on-my-tablet">Hol no momtitu-mi alsol cakkitiingol e e taable am?</a>\
</li></ul>\
<p></p></section>\
<p></p><p></p><section>\
<p></p>\
<h1 id="w_topirue-gouue">Topirɗe Goɗɗe</h1>\
<ul><li><a href="/">Firefox mo Biro</a>\
</li></ul>\
<ul><li><a href="/firefox-home">Jaɓɓorgo Firefox</a>\
</li></ul>\
<ul><li><a href="/sync">Firefox Sync</a>\
</li></ul>\
<p></p></section>\
<p></p><p></p><section>\
<p></p>\
<h1 id="w_aua-sokli-ballal-keeringal-kadi">Aɗa sokli ballal keeringal kadi?</h1>\
<p>So a horiima yiytude jaabawol cokluno-ɗaa,  renndo amen wallitooɓe ena kebii wallude-ma yiytude feere. <a href="/kb/ask">Weddo ɗoo naamnal maa</a>.\
</p><p></p></section>\
<p></p>	ff
<p></p><section>\
\
\
\
  \
\
\
\
\
\
\
\
<img alt="Firefox on Phone Tablet" class="wiki-image frameless lazy" data-original-src="https://user-media-stage-cdn.itsre-sumo.mozilla.net/uploads/gallery/images/2012-04-17-04-58-31-6218fb.png" src="https://static-media-stage-cdn.itsre-sumo.mozilla.net/static/sumo/img/placeholder.gif" title="">\
\
\
\
<br>\
<p></p>\
<h1 id="w_9679-get-android-add-ons-customize-controls-options-and-preferenceshee-laeyditte-keertinaa-cuee-e-cueoraaue">● <a href="/ff/kb/android-add-ons-controls-options-preferences">Heɓ Ɓeyditte, keertinaa cuɓe e cuɓoraaɗe</a></h1>\
<p><br>\
</p>\
<h1 id="w_9679-configure-mobile-privacy-and-security-settingsteelto-cuee-suturo-e-kisal">● <a href="/ff/kb/configure-mobile-privacy-and-security-settings">Teelto cuɓe suturo e kisal</a></h1>\
<p></p></section>\
<p></p><p></p><section>\
<p></p>\
<h1 id="w_9679-download-and-install-firefox-mobileaawtagol-aafgol">● <a href="/ff/kb/hol-no-loowirtu-mi-firefox-e-kairgol-beelnol">Aawtagol &amp; aafgol</a></h1>\
<p><br><br>\
</p>\
<h1 id="w_9679-get-started-with-firefox-mobilefuuuo-huutoraade-firefox-mo-cinndel">● <a href="/ff/kb/fuuo-huutoraade-firefox-mo-android">Fuɗɗo huutoraade Firefox mo cinndel</a></h1>\
<p><br><br><br>\
</p>\
<h1 id="w_9679-fix-mobile-slowness-crashing-error-messages-and-other-problemssafru-leelgol-kookgol-e-caue-gouue">● <a href="/ff/kb/fix-mobile-slowness-crashing-errors-and-other-problems">Safru leelgol, kookgol e caɗe goɗɗe</a></h1>\
<p></p></section>\
<p></p>	ff
<p>\
</p><p>Amin njogii renndo yarlitiiɓe ngam wallude-ma yiytude peeje ñawndooje caɗeele maa. Tiiɗno fammin-en caɗeele ɗee haa timma tawa aɗa sifii haa laaɓi ngati maa heɓ iimeel so won njaabiiɗo naamnal maa.\
</p><p>\
\
\
  \
\
\
\
\
\
\
\
  <a href="/questions/new">\
\
<img alt="Weddo Naamnal" class="wiki-image frameless lazy" data-original-src="https://user-media-stage-cdn.itsre-sumo.mozilla.net/uploads/gallery/images/2012-06-16-04-30-44-44a50f.png" src="https://static-media-stage-cdn.itsre-sumo.mozilla.net/static/sumo/img/placeholder.gif">\
\
  </a>\
\
\
\
</p>\
<h2 id="w_haalan-min-ko-miiji-uaa-e-firefox">Haalan min ko miiji-ɗaa e Firefox</h2>\
<p>Aɗa jogii geɗe ɗe njiɗ-ɗaa walla a yiɗaa e Firefox?Aɗa jogii miijo no ƴellitiraa? <br><br>\
<span class="button"><strong><a href="http://input.mozilla.com/feedback">Hokku miijo maa</a></strong></span>\
<br><br>\
\
</p>	ff
	ff
	ff
	ff
