	mn
	mn
	mn
	mn
	mn
	mn
	mn
	mn
	mn
	mn
	mn
	mn
	mn
<p>\
</p>\
<div>\
<div>\
<h2 id="w_zkali-ikgg-auaeaul-acakuki-liiakukggi">Олонд илүү тархсан тусламж нийтлэлүүд</h2>\
<p>The template "toparticles" does not exist or has no approved revision.\
<span class="morearticles"></span>\
</p>\
</div>\
<div>\
<h2 id="w_firefox-h-ule-ciuu-euauhkui-guilu-cc">Firefox-г анх удаа хэрэглэж байна уу?</h2>\
<div>These articles will get you started and browsing like a pro!</div>\
</div>\
</div>	mn
	mn
	mn
	mn
	mn
	mn
	mn
	mn
	mn
	mn
