	kn
	kn
	kn
	kn
	kn
	kn
<p>Firefox ವೈಶಿಷ್ಟ್ಯಗಳನ್ನು ಮತ್ತು ಅದನ್ನು ಬಳಸುವಾಗ ನೀವು ಎದುರಿಸುವ ತೊಂದರೆಗಳಿಗೆ ನಿವಾರಣೆಯನ್ನು ವಿವರಿಸುವ ಕೆಲವು ಉಪಯುಕ್ತ ಪುಟಗಳ ಕೊಂಡಿಗಳ ಕಲೆತ ಇಲ್ಲಿದೆ.  \
</p><p>ಹೆಚ್ಚು ಕಲಿಯಲು, ನೀವು ಹುಡುಕುತ್ತಿರುವ ಮಾಹಿತಿ ಉತ್ತಮವಾಗಿ ಹೊಂದುವ ಕೊಂಡಿಯ ಮೇಲೆ ಕ್ಲಿಕ್ ಮಾಡಿ: \
</p>\
<ul><li><a href="/kn/kb/%E0%B2%AE%E0%B3%81%E0%B2%96%E0%B2%AA%E0%B3%81%E0%B2%9F%20%E0%B2%B9%E0%B3%8A%E0%B2%82%E0%B2%A6%E0%B2%BF%E0%B2%B8%E0%B3%81%E0%B2%B5%E0%B3%81%E0%B2%A6%E0%B3%81%20%E0%B2%B9%E0%B3%87%E0%B2%97%E0%B3%86">ಮುಖಪುಟ ಹೊಂದಿಸುವುದು ಹೇಗೆ</a>, ಇದು ಕೆಳಗಿನವುಗಳನ್ನು ಒಳಗೊಂಡಿರುತ್ತದೆ:\
<ul><li>ನಿಮ್ಮ ಮುಖಪುಟ ಹೊಂದಿಸಿ ಅಥವಾ ಬದಲಿಸಿ\
</li><li>ಪೂರ್ವನಿಯೋಜಿತ ಮುಖಪುಟವನ್ನು ಮರುಸ್ಥಾಪಿಸಿ\
</li><li>ತೊಂದರೆಗಳಿವೆಯೇ?\
</li></ul>\
</li></ul>\
<ul><li><a class="new" href="/kn/kb/new?title=%E0%B2%96%E0%B2%BE%E0%B2%B8%E0%B2%97%E0%B2%BF+%E0%B2%9C%E0%B2%BE%E0%B2%B2%E0%B2%BE%E0%B2%9F+-+%E0%B2%A8%E0%B3%80%E0%B2%B5%E0%B3%81+%E0%B2%B8%E0%B2%82%E0%B2%AA%E0%B2%B0%E0%B3%8D%E0%B2%B8%E0%B2%BF%E0%B2%B8%E0%B3%81%E0%B2%B5+%E0%B2%A4%E0%B2%BE%E0%B2%A3%E0%B2%97%E0%B2%B3+%E0%B2%AC%E0%B2%97%E0%B3%8D%E0%B2%97%E0%B3%86+%E0%B2%AE%E0%B2%BE%E0%B2%B9%E0%B2%BF%E0%B2%A4%E0%B2%BF+%E0%B2%89%E0%B2%B3%E0%B2%BF%E0%B2%B8%E0%B2%A6%E0%B2%82%E0%B2%A4%E0%B3%86+%E0%B2%9C%E0%B2%BE%E0%B2%B2%E0%B2%B5%E0%B2%A8%E0%B3%8D%E0%B2%A8%E0%B3%81+%E0%B2%9C%E0%B2%BE%E0%B2%B2%E0%B2%BE%E0%B2%A1%E0%B2%BF" title="Page does not exist.">ಖಾಸಗಿ ಜಾಲಾಟ - ನೀವು ಸಂಪರ್ಸಿಸುವ ತಾಣಗಳ ಬಗ್ಗೆ ಮಾಹಿತಿ ಉಳಿಸದಂತೆ ಜಾಲವನ್ನು ಜಾಲಾಡಿ</a>, ಇದು ಕೆಳಗಿನವುಗಳನ್ನು ಒಳಗೊಂಡಿರುತ್ತದೆ:\
<ul><li>ನಾನು ಹೊಸ ಖಾಸಗಿ ಕಿಟಕಿಯೊಂದನ್ನು ಹೇಗೆ ತೆರೆಯಲಿ?\
</li><li>ನಾನು ಖಾಸಗಿ ಜಾಲಾಟ ಆರಂಭಿಸುವುದು ಹೇಗೆ?\
</li><li>ನಾನು ಖಾಸಗಿ ಜಾಲಾಟ ನಿಲ್ಲಿಸುವುದು ಹೇಗೆ?\
</li><li>ಖಾಸಗಿ ಜಾಲಾಟ ಏನನ್ನು ಉಳಿಸುವುದಿಲ್ಲ?\
</li><li>Firefox ಉಳಿಸುವ ಇತರೆ ಮಾಹಿತಿಗಳನ್ನು ಹಿಡಿತದಲ್ಲಿಡುವ ಇತರೆ ಮಾರ್ಗಗಳು\
</li></ul>\
</li></ul>\
<ul><li><a class="new" href="/kn/kb/new?title=Firefox+%E0%B2%AA%E0%B3%81%E0%B2%A8%E0%B2%B6%E0%B3%8D%E0%B2%9A%E0%B3%87%E0%B2%A4%E0%B2%A8%E0%B2%97%E0%B3%8A%E0%B2%B3%E0%B2%BF%E0%B2%B8%E0%B2%BF+-+%E0%B2%86%E0%B2%A1%E0%B3%8D-%E0%B2%86%E0%B2%A8%E0%B3%8D%E2%80%8C%E0%B2%97%E0%B2%B3%E0%B3%81+%E0%B2%AE%E0%B2%A4%E0%B3%8D%E0%B2%A4%E0%B3%81+%E0%B2%B8%E0%B2%BF%E0%B2%A6%E0%B3%8D%E0%B2%A7%E0%B2%A4%E0%B3%86%E0%B2%97%E0%B2%B3%E0%B2%A8%E0%B3%8D%E0%B2%A8%E0%B3%81+%E0%B2%AE%E0%B2%B0%E0%B3%81%E0%B2%B9%E0%B3%8A%E0%B2%82%E0%B2%A6%E0%B2%BF%E0%B2%B8%E0%B2%BF" title="Page does not exist.">Firefox ಪುನಶ್ಚೇತನಗೊಳಿಸಿ - ಆಡ್-ಆನ್‌ಗಳು ಮತ್ತು ಸಿದ್ಧತೆಗಳನ್ನು ಮರುಹೊಂದಿಸಿ</a>, ಇದು ಕೆಳಗಿನವುಗಳನ್ನು ಒಳಗೊಂಡಿರುತ್ತದೆ:\
<ul><li>Firefox ಅನ್ನು ಅದರ ಪೂರ್ವನಿಯೋಜಿತ ಸ್ಥಿತಿಗೆ ಮರುಹೊಂದಿಸಿ\
</li><li>ವೈಶಿಷ್ಟ್ಯ ಪುನಶ್ಚೇತನಗೊಳಿಸಿ ಏನು ಮಾಡುತ್ತದೆ?\
</li></ul>\
</li></ul>\
<ul><li><a class="new" href="/kn/kb/new?title=%E0%B2%AA%E0%B3%8D%E0%B2%B2%E0%B2%97%E0%B2%BF%E0%B2%A8%E0%B3%8D+%E0%B2%95%E0%B3%81%E0%B2%B8%E0%B2%BF%E0%B2%A4%E0%B2%A6+%E0%B2%B5%E0%B2%B0%E0%B2%A6%E0%B2%BF%E0%B2%97%E0%B2%B3%E0%B2%A8%E0%B3%8D%E0%B2%A8%E0%B3%81+%E0%B2%95%E0%B2%B3%E0%B2%BF%E0%B2%B8%E0%B2%BF+Firefox+%E0%B2%85%E0%B2%A8%E0%B3%8D%E0%B2%A8%E0%B3%81+%E0%B2%89%E0%B2%A4%E0%B3%8D%E0%B2%A4%E0%B2%AE%E0%B2%97%E0%B3%8A%E0%B2%B3%E0%B2%BF%E0%B2%B8%E0%B2%B2%E0%B3%81+Mozilla%E0%B2%97%E0%B3%86+%E0%B2%B8%E0%B2%B9%E0%B2%BE%E0%B2%AF+%E0%B2%AE%E0%B2%BE%E0%B2%A1%E0%B2%BF" title="Page does not exist.">ಪ್ಲಗಿನ್ ಕುಸಿತದ ವರದಿಗಳನ್ನು ಕಳಿಸಿ Firefox ಅನ್ನು ಉತ್ತಮಗೊಳಿಸಲು Mozillaಗೆ ಸಹಾಯ ಮಾಡಿ</a>, ಇದು ಕೆಳಗಿನವುಗಳನ್ನು ಒಳಗೊಂಡಿರುತ್ತದೆ:\
<ul><li>ಪ್ಲಗಿನ್ ಎಂದರೇನು?\
</li><li>ಕುಸಿತ ಎಂದರೇನು?\
</li><li>ಕುಸಿತದ ವರದಿಯಲ್ಲಿ ಯಾವ ಮಾಹಿತಿ ಕಳಿಸಲಾಗಿದೆ?\
</li><li>ಪ್ಲಗಿನ್‌ಗಳು ಕುಸಿಯದಂತೆ ನಾನು ಹೇಗೆ ತಡೆಯಬಹುದು?\
</li></ul>\
</li></ul>\
<ul><li><a class="new" href="/kn/kb/new?title=%E0%B2%B8%E0%B3%81%E0%B2%B0%E0%B2%95%E0%B3%8D%E0%B2%B7%E0%B2%BE+%E0%B2%B8%E0%B3%8D%E0%B2%A5%E0%B2%BF%E0%B2%A4%E0%B2%BF%E0%B2%AF%E0%B2%A8%E0%B3%8D%E0%B2%A8%E0%B3%81+%E0%B2%AC%E0%B2%B3%E0%B2%B8%E0%B2%BF+Firefox+%E0%B2%A4%E0%B3%8A%E0%B2%82%E0%B2%A6%E0%B2%B0%E0%B3%86%E0%B2%97%E0%B2%B3%E0%B2%A8%E0%B3%8D%E0%B2%A8%E0%B3%81+%E0%B2%A8%E0%B2%BF%E0%B2%B5%E0%B2%BE%E0%B2%B0%E0%B2%BF%E0%B2%B8%E0%B2%BF" title="Page does not exist.">ಸುರಕ್ಷಾ ಸ್ಥಿತಿಯನ್ನು ಬಳಸಿ Firefox ತೊಂದರೆಗಳನ್ನು ನಿವಾರಿಸಿ</a>, ಇದು ಕೆಳಗಿನವುಗಳನ್ನು ಒಳಗೊಂಡಿರುತ್ತದೆ:\
<ul><li>Firefox ಅನ್ನು ಸುರಕ್ಷಾ ಸ್ಥಿತಿಯಲ್ಲಿ ಪ್ರಾರಂಭಿಸುವುದು ಹೇಗೆ\
</li><li>ಸುರಕ್ಷಾ ಸ್ಥಿತಿ ಕಿಟಕಿ\
</li><li>ಸುರಕ್ಷಾ ಸ್ಥಿತಿಯಲ್ಲಿ ತೊಂದರೆಗಳನ್ನು ನಿವಾರಿಸುವುದು\
</li><li>ಸುರಕ್ಷಾ ಸ್ಥಿತಿ ನಿರ್ಗಮಿಸಿ\
</li><li>ಸುರಕ್ಷಾ ಸ್ಥಿತಿ ಕಿಟಕಿಯಲ್ಲಿ Firefox‌ಗೆ ಶಾಶ್ವತ ಬದಲಾವಣೆಗಳನ್ನು ಮಾಡಿ\
</li></ul>\
</li></ul>\
<ul><li><a class="new" href="/kn/kb/new?title=Firefox+%E0%B2%B8%E0%B3%8D%E0%B2%A5%E0%B2%97%E0%B2%BF%E0%B2%A4%E0%B2%97%E0%B3%8A%E0%B2%82%E0%B2%A1%E0%B2%BF%E0%B2%A6%E0%B3%86+%E0%B2%85%E0%B2%A5%E0%B2%B5%E0%B2%BE+%E0%B2%AA%E0%B3%8D%E0%B2%B0%E0%B2%A4%E0%B2%BF%E0%B2%95%E0%B3%8D%E0%B2%B0%E0%B2%BF%E0%B2%AF%E0%B2%BF%E0%B2%B8%E0%B3%81%E0%B2%A4%E0%B3%8D%E0%B2%A4%E0%B2%BF%E0%B2%B2%E0%B3%8D%E0%B2%B2+-+%E0%B2%B9%E0%B3%87%E0%B2%97%E0%B3%86+%E0%B2%B8%E0%B2%B0%E0%B2%BF%E0%B2%AA%E0%B2%A1%E0%B2%BF%E0%B2%B8%E0%B3%81%E0%B2%B5%E0%B3%81%E0%B2%A6%E0%B3%81" title="Page does not exist.">Firefox ಸ್ಥಗಿತಗೊಂಡಿದೆ ಅಥವಾ ಪ್ರತಿಕ್ರಿಯಿಸುತ್ತಿಲ್ಲ - ಹೇಗೆ ಸರಿಪಡಿಸುವುದು</a>, ಇದು ಕೆಳಗಿನವುಗಳನ್ನು ಒಳಗೊಂಡಿರುತ್ತದೆ:\
<ul><li>Firefox ಗೊತ್ತು ಗುರಿಯಿಲ್ಲದ ಸಮಯಗಳಲ್ಲಿ ಸ್ಥಗಿತಗೊಳ್ಳುತ್ತದೆ\
</li><li>Firefox ಫ್ಲಾಶ್ ವಿಡಿಯೋಗಳನ್ನು ಪ್ರದರ್ಶಿಸುವಾಗ ಸ್ಥಗಿತಗೊಳ್ಳುತ್ತದೆ\
</li><li>Firefox ಅನ್ನು ಬಹಳ ಸಮಯದವರೆಗೆ ಬಳಸಿದ ನಂತರ ಸ್ಥಗಿತಗೊಳ್ಳುತ್ತದೆ\
</li><li>Firefox ಪರಿಷ್ಕರಿಸಿ\
</li><li>Firefox ಮೊದಲ ಕಿಟಕಿಯನ್ನು ತುಂಬುವಾಗ ಸ್ಥಗಿತಗೊಳ್ಳುತ್ತದೆ\
</li><li>ಅಧಿವೇಶನದ ಮರುಜೋಡಣೆಯ ವೇಗ ಹೆಚ್ಚಿಸಿ\
</li><li>Firefox ಕಡತಗಳನ್ನು ಡೌನ್‌ಲೋಡ್ ಮಾಡುವಾಗ ಅಥವಾ ಚಿತ್ರಗಳನ್ನು ಉಳಿಸುವಾಗ ಸ್ಥಗಿತಗೊಳ್ಳುತ್ತದೆ\
</li><li>Firefox ಅನ್ನು ನೀವು ನಿರ್ಗಮಿಸುವಾಗ ಸ್ಥಗಿತಗೊಳ್ಳುತ್ತದೆ\
</li></ul>\
</li></ul>\
<ul><li><a class="new" href="/kn/kb/new?title=Firefox+%E0%B2%95%E0%B3%81%E0%B2%B8%E0%B2%BF%E0%B2%A4%E0%B2%97%E0%B2%B3%E0%B3%81+-+%E0%B2%A4%E0%B3%8A%E0%B2%82%E0%B2%A6%E0%B2%B0%E0%B3%86+%E0%B2%A8%E0%B2%BF%E0%B2%B5%E0%B2%BE%E0%B2%B0%E0%B2%A3%E0%B3%86%E0%B2%97%E0%B3%86%2C+%E0%B2%AA%E0%B3%8D%E0%B2%B0%E0%B2%A4%E0%B2%BF%E0%B2%AC%E0%B2%82%E0%B2%A7%E0%B2%BF%E0%B2%B8%E0%B2%B2%E0%B3%81+%E0%B2%AE%E0%B2%A4%E0%B3%8D%E0%B2%A4%E0%B3%81+%E0%B2%95%E0%B3%81%E0%B2%B8%E0%B2%BF%E0%B2%A4%E0%B2%97%E0%B2%B3%E0%B2%A8%E0%B3%8D%E0%B2%A8%E0%B3%81+%E0%B2%B8%E0%B2%B0%E0%B2%BF%E0%B2%AA%E0%B2%A1%E0%B2%BF%E0%B2%B8%E0%B2%B2%E0%B3%81+%E0%B2%B8%E0%B2%B9%E0%B2%BE%E0%B2%AF+%E0%B2%AA%E0%B2%A1%E0%B3%86%E0%B2%AF%E0%B2%BF%E0%B2%B0%E0%B2%BF" title="Page does not exist.">Firefox ಕುಸಿತಗಳು - ತೊಂದರೆ ನಿವಾರಣೆಗೆ, ಪ್ರತಿಬಂಧಿಸಲು ಮತ್ತು ಕುಸಿತಗಳನ್ನು ಸರಿಪಡಿಸಲು ಸಹಾಯ ಪಡೆಯಿರಿ</a>, ಇದು ಕೆಳಗಿನವುಗಳನ್ನು ಒಳಗೊಂಡಿರುತ್ತದೆ:\
<ul><li>ನಿಮ್ಮ ತಂತ್ರಾಂಶವನ್ನು ಪರಿಷ್ಕರಿಸಿ\
</li><li>ವೈರಸ್‌ಗಳು ಮತ್ತು ಸ್ಪೈವೇರ್‌ಗಳಿಗೆ ಹುಡುಕಿ\
</li><li>ಸುರಕ್ಷಾ ಸ್ಥಿತಿಯಲ್ಲಿ ಕುಸಿತ ಕಂಡುಬರುತ್ತದೆಯೇ ಪರೀಕ್ಷಿಸಿ\
</li><li>ನಿಮ್ಮ ಯಂತ್ರಾಂಶ ಪರೀಕ್ಷಿಸಿ\
</li><li>ಈ ಕುಸಿತ ಸರಿಪಡಿಸಲು ಸಹಾಯ ಪಡೆಯಿರಿ\
</li></ul>\
</li></ul>	kn
	kn
<p>ನೀವು Firefox‌ಗೆ ಹೊಸಬರೇ? ಹಾಗಿದ್ದಲ್ಲಿ ನೀವು ಸರಿಯಾದ ಸ್ಥಳಕ್ಕೆ ಬಂದಿದ್ದೀರಿ. ಈ ಲೇಖನವು ಪ್ರಮುಖವಾದವುಗಳನ್ನೆಲ್ಲ ವಿವರಿಸುತ್ತದೆ ಹಾಗೂ ನೀವು ಕೆಲವೇ ನಿಮಿಷಗಳಲ್ಲಿ ಸನ್ನದ್ದರಾಗುವಂತೆ ಮಾಡುತ್ತದೆ. ನೀವು ನಂತರ ಅನ್ವೇಷಿಸಲು ಇಚ್ಛಿಸುವಬಹುದಾದ ಇತರೆ ಅತ್ಯುತ್ತಮ ಲೇಖನಗಳಿಗೂ ಇದು ಕೊಂಡಿಗಳನ್ನು ಒಳಗೊಂಡಿದೆ.\
</p>\
<div id="toc"><h2>Table of Contents</h2><ul><li class="toclevel-1"><a href="#w_hehlhghuhg-hghahihehahahihehuheha-hihohahdhlhihl-hehchiha-hehdhhhlhihl"><span class="tocnumber">1</span> <span class="toctext">ನಿಮ್ಮ ಮುಖಪುಟವನ್ನು ಹೊಂದಿಸಿ ಅಥವಾ ಬದಲಿಸಿ</span></a></li><li class="toclevel-1"><a href="#w_huhahhhihehuheha-hihahahahihl"><span class="tocnumber">2</span> <span class="toctext">ಜಾಲವನ್ನು ಹುಡುಕಿ</span></a></li><li class="toclevel-1"><a href="#w_huhahhhchahchihohahdhehuheha-hehahahuhahuhahcha-hihahihl"><span class="tocnumber">3</span> <span class="toctext">ಜಾಲತಾಣವೊಂದನ್ನು ಪುಟಗುರುತು ಹಾಕಿ</span></a></li><li class="toclevel-1"><a href="#w_hshhhuhhhihehuheha-hihihuauhihghu-hehahuhuauhehlhahd-hihahahahihl"><span class="tocnumber">4</span> <span class="toctext">ಎಲ್ಲವನ್ನೂ ಆವ್‌ಸಮ್ ಬಾರ್‌ನಿಂದ ಹುಡುಕಿ</span></a></li><li class="toclevel-1"><a href="#w_hihahihuhl-huhahhhaha"><span class="tocnumber">5</span> <span class="toctext">ಖಾಸಗಿ ಜಾಲಾಟ</span></a></li><li class="toclevel-1"><a href="#w_hghiheha-hehchiha-hihhhihuhchi-hehahuhahlhghehuheha-hehuhchuhghahehahuhahchuhohhhlhihl"><span class="tocnumber">6</span> <span class="toctext">ಮೆನು ಅಥವಾ ಸಲಕರಣೆ ಪಟ್ಟಿಯನ್ನು ಅಗತ್ಯಾನುಗುಣಗೊಳಿಸಿ</span></a></li><li class="toclevel-1"><a href="#w_hihahu-auhehehuauhuhhhohahdhlhuhi-firefoxauhuhi-hihnhihlhihuhahuhghuhhhehuheha-hehhhihahlhihl"><span class="tocnumber">7</span> <span class="toctext">ಆಡ್-‌ಅನ್‌ಗಳೊಂದಿಗೆ Firefox‌ಗೆ ವೈಶಿಷ್ಟ್ಯಗಳನ್ನು ಅಳವಡಿಸಿ</span></a></li><li class="toclevel-1"><a href="#w_hehlhghuhg-firefox-hehehuheha-hihlhahihu-hghahahlhahl"><span class="tocnumber">8</span> <span class="toctext">ನಿಮ್ಮ Firefox ಅನ್ನು ಸಿಂಕ್ ಮಾಡಿಡಿ</span></a></li><li class="toclevel-1"><a href="#w_hehlhghuhg-huhihhhihghuhohahdhlhuhi-hihlhahlhgho-hghahhhi-hihahehuhuhihdhhhuhhhlhuhl"><span class="tocnumber">9</span> <span class="toctext">ನಿಮ್ಮ ಗೆಳೆಯರೊಂದಿಗೆ ವಿಡಿಯೋ ಮೂಲಕ ಸಂಪರ್ಕದಲ್ಲಿರಿ</span></a></li><li class="toclevel-1"><a href="#w_hihihahg-hehahihghlhuhl"><span class="tocnumber">10</span> <span class="toctext">ಸಹಾಯ ಪಡೆಯಿರಿ</span></a></li><li class="toclevel-1"><a href="#w_browsing-the-web"><span class="tocnumber">11</span> <span class="toctext">Browsing the web</span></a><ul><li class="toclevel-2"><a href="#w_setting-your-home-page"><span class="tocnumber">11.1</span> <span class="toctext">Setting your home page</span></a></li><li class="toclevel-2"><a href="#w_one-click-bookmarking"><span class="tocnumber">11.2</span> <span class="toctext">One-click bookmarking</span></a></li><li class="toclevel-2"><a href="#w_finding-everything-with-the-awesome-bar"><span class="tocnumber">11.3</span> <span class="toctext">Finding everything with the Awesome Bar</span></a></li><li class="toclevel-2"><a href="#w_searching-the-web"><span class="tocnumber">11.4</span> <span class="toctext">Searching the web</span></a></li><li class="toclevel-2"><a href="#w_tabs-tabs-tabs"><span class="tocnumber">11.5</span> <span class="toctext">Tabs tabs tabs!</span></a><ul><li class="toclevel-3"><a href="#w_pinned-tabs"><span class="tocnumber">11.5.1</span> <span class="toctext">Pinned Tabs</span></a></li></ul></li><li class="toclevel-2"><a href="#w_private-browsing"><span class="tocnumber">11.6</span> <span class="toctext">Private Browsing</span></a></li></ul></li><li class="toclevel-1"><a href="#w_customizing-firefox-with-add-ons"><span class="tocnumber">12</span> <span class="toctext">Customizing Firefox with Add-ons</span></a><ul><li class="toclevel-2"><a href="#w_themes"><span class="tocnumber">12.1</span> <span class="toctext">Themes</span></a></li></ul></li><li class="toclevel-1"><a href="#w_staying-in-sync"><span class="tocnumber">13</span> <span class="toctext">Staying in Sync</span></a></li></ul></div>\
<div class="for" data-for="fx29">\
<h1 id="w_hehlhghuhg-hghahihehahahihehuheha-hihohahdhlhihl-hehchiha-hehdhhhlhihl">ನಿಮ್ಮ ಮುಖಪುಟವನ್ನು ಹೊಂದಿಸಿ ಅಥವಾ ಬದಲಿಸಿ</h1>\
<p><em>ನೀವು Firefox ಪ್ರಾರಂಭಿಸಿದಾಗ ಅಥವಾ ಮುಖಪುಟ ಗುಂಡಿಯನ್ನು ಕ್ಲಿಕ್ಕಿಸಿದಾಗ ತೆರೆಯುವ ಪುಟವನ್ನು ಆಯ್ಕೆಮಾಡಿ.</em>\
\
<div class="youtube-embed">\
  <iframe src="//www.youtube.com/embed/Nnu0A-jIh-U?wmode=transparent&amp;rel=0" frameborder="0" allowfullscreen></iframe>\
</div>\
</p>\
<ol><li> ನೀವು ಮುಖಪುಟವಾಗಿ ಬಳಸಲು ಇಚ್ಛಿಸುವ ಜಾಲಪುಟದೊಂದಿಗೆ ಹಾಳೆಯೊಂದನ್ನು ತೆರೆಯಿರಿ.\
</li><li> ಆ ಹಾಳೆಯನ್ನು ಎಳೆದು ಮುಖಪುಟದ \
\
\
  \
\
\
\
\
\
\
\
<img alt="Home Button" class="wiki-image frameless lazy" data-original-src="https://user-media-stage-cdn.itsre-sumo.mozilla.net/uploads/gallery/images/2014-02-05-12-41-52-59781d.png" src="https://static-media-stage-cdn.itsre-sumo.mozilla.net/static/sumo/img/placeholder.gif" title="">\
\
\
 ಗುಂಡಿಯ ಮೇಲೆ ಹಾಕಿ.\
<dl><dt><span class="for" data-for="win">\
\
\
  \
\
\
\
\
\
\
\
<img alt="Home Page 29 - Win8" class="wiki-image frameless lazy" data-original-src="https://user-media-stage-cdn.itsre-sumo.mozilla.net/uploads/gallery/images/2014-03-21-09-03-25-5f5a17.png" src="https://static-media-stage-cdn.itsre-sumo.mozilla.net/static/sumo/img/placeholder.gif" title="">\
\
\
</span><span class="for" data-for="mac">\
\
\
  \
\
\
\
\
\
\
\
<img alt="Home Page 29 - Mac" class="wiki-image frameless lazy" data-original-src="https://user-media-stage-cdn.itsre-sumo.mozilla.net/uploads/gallery/images/2014-02-05-14-57-03-c4e0de.png" src="https://static-media-stage-cdn.itsre-sumo.mozilla.net/static/sumo/img/placeholder.gif" title="">\
\
\
</span><span class="for" data-for="linux">\
\
\
  \
\
\
\
\
\
\
\
<img alt="Home Page 29 - Linux" class="wiki-image frameless lazy" data-original-src="https://user-media-stage-cdn.itsre-sumo.mozilla.net/uploads/gallery/images/2014-02-05-14-56-32-a4db24.png" src="https://static-media-stage-cdn.itsre-sumo.mozilla.net/static/sumo/img/placeholder.gif" title="">\
\
\
</span>\
</dt></dl>\
</li><li> <span class="button">ಹೌದು</span> ಕ್ಲಿಕ್ಕಿಸಿ ಇದನ್ನು ನಿಮ್ಮ ಮುಖಪುಟವಾಗಿ ಹೊಂದಿಸಿ.\
</li></ol>\
<p>ಮತ್ತಷ್ಟು ಆಯ್ಕೆಗಳನ್ನು ಇಲ್ಲಿ ಕಾಣಬಹುದು <a href="/kn/kb/%E0%B2%AE%E0%B3%81%E0%B2%96%E0%B2%AA%E0%B3%81%E0%B2%9F%20%E0%B2%B9%E0%B3%8A%E0%B2%82%E0%B2%A6%E0%B2%BF%E0%B2%B8%E0%B3%81%E0%B2%B5%E0%B3%81%E0%B2%A6%E0%B3%81%20%E0%B2%B9%E0%B3%87%E0%B2%97%E0%B3%86">ಮುಖ ಪುಟ ಲೇಖನ</a>.\
</p>\
<h1 id="w_huhahhhihehuheha-hihahahahihl">ಜಾಲವನ್ನು ಹುಡುಕಿ</h1>\
<p><em>ನಿಮ್ಮ ಮೆಚ್ಚಿನ ಸರ್ಚ್ ಇಂಜಿನ್ ಅನ್ನು Firefox'ನ ಅಂತರ್‌ನಿರ್ಮಿತ ಹುಡುಕು ಪಟ್ಟಿಯೊಂದಿಗೆ ಆಯ್ಕೆ ಮಾಡಿಕೊಳ್ಳಿ.</em>\
</p><div class="for" data-for="not fx34"><p>\
<div class="youtube-embed">\
  <iframe src="//www.youtube.com/embed/3vgza48s5Xw?wmode=transparent&amp;rel=0" frameborder="0" allowfullscreen></iframe>\
</div>\
</p>\
<ul><li> ನಿಮಗೆ ಬೇಕಾದನ್ನು ಆಯ್ದುಕೊಳ್ಳಲು, ಹುಡುಕು ಪಟ್ಟಿಯ ಎಡಭಾಗದಲ್ಲಿ, ಹುಡುಕು ಚಿನ್ಹೆಯ ಮೇಲೆ ಕ್ಲಿಕ್ ಮಾಡಬೇಕಷ್ಟೇ. \
<dl><dt><span class="for" data-for="win">\
\
\
  \
\
\
\
\
\
\
\
<img alt="Search2 29 - Win" class="wiki-image frameless lazy" data-original-src="https://user-media-stage-cdn.itsre-sumo.mozilla.net/uploads/gallery/images/2014-03-21-09-24-14-b48303.png" src="https://static-media-stage-cdn.itsre-sumo.mozilla.net/static/sumo/img/placeholder.gif" title="">\
\
\
</span><span class="for" data-for="mac">\
\
\
  \
\
\
\
\
\
\
\
<img alt="Search2 29 - Mac" class="wiki-image frameless lazy" data-original-src="https://user-media-stage-cdn.itsre-sumo.mozilla.net/uploads/gallery/images/2014-03-21-09-23-52-70aca6.png" src="https://static-media-stage-cdn.itsre-sumo.mozilla.net/static/sumo/img/placeholder.gif" title="">\
\
\
</span><span class="for" data-for="linux">\
\
\
  \
\
\
\
\
\
\
\
<img alt="Search2 29 - Lin" class="wiki-image frameless lazy" data-original-src="https://user-media-stage-cdn.itsre-sumo.mozilla.net/uploads/gallery/images/2014-03-21-09-24-43-a43fcd.png" src="https://static-media-stage-cdn.itsre-sumo.mozilla.net/static/sumo/img/placeholder.gif" title="">\
\
\
</span>\
</dt></dl>\
</li></ul>\
</div><div class="for" data-for="fx34">\
<ul><li> ಹುಡುಕು ಪಟ್ಟಿಯಲ್ಲಿ ಟೈಪಿಸಲು ಪ್ರಾರಂಭಿಸಿ ಮತ್ತು ನಿಮಗೆ ಬೇಕಾದ ಸರ್ಚ್ ಇಂಜಿನ್ ಆಯ್ದುಕೊಳ್ಳಿ.\
<dl><dt>\
\
\
  \
\
\
\
\
\
\
\
<img alt="quick search fx34" class="wiki-image frameless lazy" data-original-src="https://user-media-stage-cdn.itsre-sumo.mozilla.net/uploads/gallery/images/2014-12-26-18-27-58-f99b5f.png" src="https://static-media-stage-cdn.itsre-sumo.mozilla.net/static/sumo/img/placeholder.gif" title="">\
\
\
\
</dt></dl>\
</li></ul>\
</div><p>ಮತ್ತಷ್ಟು ಹುಡುಕು ತಂತ್ರಗಳನ್ನು ಇಲ್ಲಿ ಕಲಿಯಿರಿ <a href="/kn/kb/use-search-bar-firefox">ಹುಡುಕು ಪಟ್ಟಿ ಲೇಖನ</a>.\
</p>\
<h1 id="w_huhahhhchahchihohahdhehuheha-hehahahuhahuhahcha-hihahihl">ಜಾಲತಾಣವೊಂದನ್ನು ಪುಟಗುರುತು ಹಾಕಿ</h1>\
<p><em>ನಿಮ್ಮ ನೆಚ್ಚಿನ ತಾಣಗಳನ್ನು ಉಳಿಸಿ.</em>\
\
<div class="youtube-embed">\
  <iframe src="//www.youtube.com/embed/F3uMpJ0YzqM?wmode=transparent&amp;rel=0" frameborder="0" allowfullscreen></iframe>\
</div>\
</p>\
<ul><li> To create a bookmark, click the star in the toolbar. The star will turn blue and a bookmark for the page you're on will be created in the Unsorted Bookmarks folder. That's it!\
<dl><dt><span class="for" data-for="win">\
\
\
  \
\
\
\
\
\
\
\
<img alt="Bookmark 29 Win" class="wiki-image frameless lazy" data-original-src="https://user-media-stage-cdn.itsre-sumo.mozilla.net/uploads/gallery/images/2014-03-20-13-34-31-f41173.gif" src="https://static-media-stage-cdn.itsre-sumo.mozilla.net/static/sumo/img/placeholder.gif" title="">\
\
\
</span><span class="for" data-for="mac">\
\
\
  \
\
\
\
\
\
\
\
<img alt="Bookmark 29 Mac" class="wiki-image frameless lazy" data-original-src="https://user-media-stage-cdn.itsre-sumo.mozilla.net/uploads/gallery/images/2014-03-20-13-33-45-a40c58.gif" src="https://static-media-stage-cdn.itsre-sumo.mozilla.net/static/sumo/img/placeholder.gif" title="">\
\
\
</span><span class="for" data-for="linux">\
\
\
  \
\
\
\
\
\
\
\
<img alt="Bookmark 29 Lin" class="wiki-image frameless lazy" data-original-src="https://user-media-stage-cdn.itsre-sumo.mozilla.net/uploads/gallery/images/2014-03-20-13-33-12-9ed00b.gif" src="https://static-media-stage-cdn.itsre-sumo.mozilla.net/static/sumo/img/placeholder.gif" title="">\
\
\
</span>\
</dt></dl>\
</li></ul>\
<div class="note"><strong>Tip:</strong> Drag a tab directly to your <a href="/kn/kb/bookmarks-firefox#w_how-do-i-turn-on-the-bookmarks-toolbar">bookmarks toolbar</a> to save it there. </div>\
<p>For more information, see the <a href="/kn/kb/bookmarks-firefox">ಪುಟಗುರುತುಗಳ ಲೇಖನ</a>.\
</p>\
<h1 id="w_hshhhuhhhihehuheha-hihihuauhihghu-hehahuhuauhehlhahd-hihahahahihl">ಎಲ್ಲವನ್ನೂ ಆವ್‌ಸಮ್ ಬಾರ್‌ನಿಂದ ಹುಡುಕಿ</h1>\
<p><em>We like to call Firefox’s address bar the "Awesome Bar" because it quickly finds places you've visited before.</em>\
\
<div class="youtube-embed">\
  <iframe src="//www.youtube.com/embed/U7stmWKvk64?wmode=transparent&amp;rel=0" frameborder="0" allowfullscreen></iframe>\
</div>\
</p>\
<ul><li> Start typing in the address bar and you'll see a list of pages from your browsing history and bookmarks. When you see the page you want, just click on it.\
<dl><dt><span class="for" data-for="win">\
\
\
  \
\
\
\
\
\
\
\
<img alt="Bookmark3 29 Win" class="wiki-image frameless lazy" data-original-src="https://user-media-stage-cdn.itsre-sumo.mozilla.net/uploads/gallery/images/2014-03-20-17-42-52-c9f287.png" src="https://static-media-stage-cdn.itsre-sumo.mozilla.net/static/sumo/img/placeholder.gif" title="">\
\
\
</span><span class="for" data-for="mac">\
\
\
  \
\
\
\
\
\
\
\
<img alt="Bookmark3 29 Mac" class="wiki-image frameless lazy" data-original-src="https://user-media-stage-cdn.itsre-sumo.mozilla.net/uploads/gallery/images/2014-03-20-17-42-16-8075c7.png" src="https://static-media-stage-cdn.itsre-sumo.mozilla.net/static/sumo/img/placeholder.gif" title="">\
\
\
</span><span class="for" data-for="linux">\
\
\
  \
\
\
\
\
\
\
\
<img alt="Bookmark3 29 Lin" class="wiki-image frameless lazy" data-original-src="https://user-media-stage-cdn.itsre-sumo.mozilla.net/uploads/gallery/images/2014-03-20-17-42-37-847616.png" src="https://static-media-stage-cdn.itsre-sumo.mozilla.net/static/sumo/img/placeholder.gif" title="">\
\
\
</span>\
</dt></dl>\
</li></ul>\
<div class="note"><strong>Tip:</strong> You can also do a web search from here. Give it a try.</div>\
<p>To learn more tricks, see the <a href="/kn/kb/awesome-bar-search-firefox-bookmarks-history-tabs">Awesome Bar article</a>.\
</p>\
<h1 id="w_hihahihuhl-huhahhhaha">ಖಾಸಗಿ ಜಾಲಾಟ</h1>\
<p><em>Firefox’s Private Browsing feature allows you to browse the Internet without saving any information on your computer about which sites and pages you’ve visited.</em>\
\
<div class="youtube-embed">\
  <iframe src="//www.youtube.com/embed/r3s-zDwLjb0?wmode=transparent&amp;rel=0" frameborder="0" allowfullscreen></iframe>\
</div>\
</p>\
<ul><li>Click the menu button \
\
\
  \
\
\
\
\
\
\
\
<img alt="New Fx Menu" class="wiki-image frameless lazy" data-original-src="https://user-media-stage-cdn.itsre-sumo.mozilla.net/uploads/gallery/images/2014-01-10-13-08-08-f52b8c.png" src="https://static-media-stage-cdn.itsre-sumo.mozilla.net/static/sumo/img/placeholder.gif" title="">\
\
\
 and then click <span class="button">New Private Window</span>.\
<dl><dt><span class="for" data-for="winxp">\
\
\
  \
\
\
\
\
\
\
\
<img alt="private browsing - fx29 - winxp" class="wiki-image frameless lazy" data-original-src="https://user-media-stage-cdn.itsre-sumo.mozilla.net/uploads/gallery/images/2014-01-24-11-08-31-59fe16.png" src="https://static-media-stage-cdn.itsre-sumo.mozilla.net/static/sumo/img/placeholder.gif" title="">\
\
\
</span><span class="for" data-for="win7,win8">\
\
\
  \
\
\
\
\
\
\
\
<img alt="private browsing - fx29 - win8" class="wiki-image frameless lazy" data-original-src="https://user-media-stage-cdn.itsre-sumo.mozilla.net/uploads/gallery/images/2014-01-24-11-07-26-b05e27.png" src="https://static-media-stage-cdn.itsre-sumo.mozilla.net/static/sumo/img/placeholder.gif" title="">\
\
\
</span><span class="for" data-for="mac">\
\
\
  \
\
\
\
\
\
\
\
<img alt="private browsing - fx29 - mac" class="wiki-image frameless lazy" data-original-src="https://user-media-stage-cdn.itsre-sumo.mozilla.net/uploads/gallery/images/2014-01-24-11-05-45-da4668.png" src="https://static-media-stage-cdn.itsre-sumo.mozilla.net/static/sumo/img/placeholder.gif" title="">\
\
\
</span><span class="for" data-for="linux">\
\
\
  \
\
\
\
\
\
\
\
<img alt="private browsing - fx29 - linux" class="wiki-image frameless lazy" data-original-src="https://user-media-stage-cdn.itsre-sumo.mozilla.net/uploads/gallery/images/2014-01-24-11-08-01-3ad625.png" src="https://static-media-stage-cdn.itsre-sumo.mozilla.net/static/sumo/img/placeholder.gif" title="">\
\
\
</span>\
</dt></dl>\
</li></ul>\
<p>Learn more about how <a href="/kn/kb/private-browsing-use-firefox-without-history">Private Browsing</a> works.\
</p>\
<h1 id="w_hghiheha-hehchiha-hihhhihuhchi-hehahuhahlhghehuheha-hehuhchuhghahehahuhahchuhohhhlhihl">ಮೆನು ಅಥವಾ ಸಲಕರಣೆ ಪಟ್ಟಿಯನ್ನು ಅಗತ್ಯಾನುಗುಣಗೊಳಿಸಿ</h1>\
<p><em>You can change the items that appear in the menu or your toolbar.</em>\
\
<div class="youtube-embed">\
  <iframe src="//www.youtube.com/embed/94tAqUObEfc?wmode=transparent&amp;rel=0" frameborder="0" allowfullscreen></iframe>\
</div>\
</p>\
<ol><li>Click the menu button \
\
\
  \
\
\
\
\
\
\
\
<img alt="new fx menu" class="wiki-image frameless lazy" data-original-src="https://user-media-stage-cdn.itsre-sumo.mozilla.net/uploads/gallery/images/2014-01-10-13-08-08-f52b8c.png" src="https://static-media-stage-cdn.itsre-sumo.mozilla.net/static/sumo/img/placeholder.gif" title="">\
\
\
 and choose <span class="button">Customize</span>. \
<ul><li>A special tab will open which allows you to drag and drop items in or out of the menu and the toolbar. \
</li></ul>\
<dl><dt>\
\
\
  \
\
\
\
\
\
\
\
<img alt="Customize Fx 29 Win8" class="wiki-image frameless lazy" data-original-src="https://user-media-stage-cdn.itsre-sumo.mozilla.net/uploads/gallery/images/2014-02-19-11-46-33-009d0e.png" src="https://static-media-stage-cdn.itsre-sumo.mozilla.net/static/sumo/img/placeholder.gif" title="">\
\
\
\
</dt></dl>\
</li><li>When you are done, click the green <span class="button">Exit Customize</span> button.\
</li></ol>\
<p>Learn more about <a href="/kn/kb/customize-firefox-controls-buttons-and-toolbars">customizing Firefox</a>.\
</p>\
<h1 id="w_hihahu-auhehehuauhuhhhohahdhlhuhi-firefoxauhuhi-hihnhihlhihuhahuhghuhhhehuheha-hehhhihahlhihl">ಆಡ್-‌ಅನ್‌ಗಳೊಂದಿಗೆ Firefox‌ಗೆ ವೈಶಿಷ್ಟ್ಯಗಳನ್ನು ಅಳವಡಿಸಿ</h1>\
<p><em>Add-ons are like apps that you can install to make Firefox work the way you want.</em>\
\
<div class="youtube-embed">\
  <iframe src="//www.youtube.com/embed/i4y_CeifV2s?wmode=transparent&amp;rel=0" frameborder="0" allowfullscreen></iframe>\
</div>\
</p>\
<ol><li> <p>Click the menu button <span class="for" data-for="fx57">\
\
\
  \
\
\
\
\
\
\
\
<img alt="Fx57menu" class="wiki-image frameless lazy" data-original-src="https://user-media-stage-cdn.itsre-sumo.mozilla.net/uploads/gallery/images/2017-10-22-15-37-15-18c775.png" src="https://static-media-stage-cdn.itsre-sumo.mozilla.net/static/sumo/img/placeholder.gif" title="">\
\
\
</span><span class="for" data-for="not fx57">\
\
\
  \
\
\
\
\
\
\
\
<img alt="New Fx Menu" class="wiki-image frameless lazy" data-original-src="https://user-media-stage-cdn.itsre-sumo.mozilla.net/uploads/gallery/images/2014-01-10-13-08-08-f52b8c.png" src="https://static-media-stage-cdn.itsre-sumo.mozilla.net/static/sumo/img/placeholder.gif" title="">\
\
\
</span> and choose <span class="for" data-for="not fx57"><span class="menu">Add-ons</span></span><span class="for" data-for="fx57"><span class="menu">\
\
\
  \
\
\
\
\
\
\
\
<img alt="Fx57Addons-icon" class="wiki-image frameless lazy" data-original-src="https://user-media-stage-cdn.itsre-sumo.mozilla.net/uploads/gallery/images/2017-10-30-08-25-40-b7327f.png" src="https://static-media-stage-cdn.itsre-sumo.mozilla.net/static/sumo/img/placeholder.gif" title="">\
\
\
 Add-ons</span></span>. The Add-ons Manager tab will open.\
</p>\
</li><li>In the Add-ons Manager tab, select the <span class="menu">Get Add-ons</span> panel.</li>\
<li> To see more information on a Featured Add-on or Theme, click it. You can then click the green <span class="button">Add to Firefox</span> button to install it.\
<ul><li>You can also search for specific add-ons by using the search box at the top. You can then install any add-ons you find with the <span class="button">Install</span> button.\
<dl><dt><span class="for" data-for="win">\
\
\
  \
\
\
\
\
\
\
\
<img alt="Addon1 29 Win" class="wiki-image frameless lazy" data-original-src="https://user-media-stage-cdn.itsre-sumo.mozilla.net/uploads/gallery/images/2014-03-20-12-26-16-8fd308.png" src="https://static-media-stage-cdn.itsre-sumo.mozilla.net/static/sumo/img/placeholder.gif" title="">\
\
\
\
\
\
  \
\
\
\
\
\
\
\
<img alt="Addon2 29 Win" class="wiki-image frameless lazy" data-original-src="https://user-media-stage-cdn.itsre-sumo.mozilla.net/uploads/gallery/images/2014-03-20-12-25-57-f5b615.png" src="https://static-media-stage-cdn.itsre-sumo.mozilla.net/static/sumo/img/placeholder.gif" title="">\
\
\
</span><span class="for" data-for="mac">\
\
\
  \
\
\
\
\
\
\
\
<img alt="Addon1 29 Mac" class="wiki-image frameless lazy" data-original-src="https://user-media-stage-cdn.itsre-sumo.mozilla.net/uploads/gallery/images/2014-03-20-12-24-55-54f335.png" src="https://static-media-stage-cdn.itsre-sumo.mozilla.net/static/sumo/img/placeholder.gif" title="">\
\
\
\
\
\
  \
\
\
\
\
\
\
\
<img alt="Addon2 29 Mac" class="wiki-image frameless lazy" data-original-src="https://user-media-stage-cdn.itsre-sumo.mozilla.net/uploads/gallery/images/2014-03-20-12-24-29-eed4aa.png" src="https://static-media-stage-cdn.itsre-sumo.mozilla.net/static/sumo/img/placeholder.gif" title="">\
\
\
</span><span class="for" data-for="linux">\
\
\
  \
\
\
\
\
\
\
\
<img alt="Addon1 29 Lin" class="wiki-image frameless lazy" data-original-src="https://user-media-stage-cdn.itsre-sumo.mozilla.net/uploads/gallery/images/2014-03-20-12-25-40-08aac1.png" src="https://static-media-stage-cdn.itsre-sumo.mozilla.net/static/sumo/img/placeholder.gif" title="">\
\
\
\
\
\
  \
\
\
\
\
\
\
\
<img alt="Addon2 29 Lin" class="wiki-image frameless lazy" data-original-src="https://user-media-stage-cdn.itsre-sumo.mozilla.net/uploads/gallery/images/2014-03-20-12-25-16-64d515.png" src="https://static-media-stage-cdn.itsre-sumo.mozilla.net/static/sumo/img/placeholder.gif" title="">\
\
\
</span>\
</dt></dl>\
</li></ul>\
</li><li>Firefox will download the requested add-on and may ask you to confirm that you want to install it.\
</li><li> Click <span class="button">Restart Now</span> if it pops up. Your tabs will be saved and restored after the restart.\
</li></ol>\
<p>To learn more about add-ons, see <a href="/kn/kb/find-and-install-add-ons-add-features-to-firefox">Find and install add-ons to add features to Firefox</a>.\
</p>\
<div class="note"><strong>Tip:</strong> Some add-ons place a button in the toolbar after installation. You can remove those or move them into the menu if you want – see <a href="/kn/kb/customize-firefox-controls-buttons-and-toolbars">Customize Firefox controls, buttons and toolbars</a>.</div>\
<h1 id="w_hehlhghuhg-firefox-hehehuheha-hihlhahihu-hghahahlhahl">ನಿಮ್ಮ Firefox ಅನ್ನು ಸಿಂಕ್ ಮಾಡಿಡಿ</h1>\
<p><em>Access your bookmarks, history, passwords and more from any device.</em>\
\
<div class="youtube-embed">\
  <iframe src="//www.youtube.com/embed/wSVJrWzoq7E?wmode=transparent&amp;rel=0" frameborder="0" allowfullscreen></iframe>\
</div>\
</p>\
<ol><li>First create a Firefox account:\
<ul><li>Click the menu button \
\
\
  \
\
\
\
\
\
\
\
<img alt="New Fx Menu" class="wiki-image frameless lazy" data-original-src="https://user-media-stage-cdn.itsre-sumo.mozilla.net/uploads/gallery/images/2014-01-10-13-08-08-f52b8c.png" src="https://static-media-stage-cdn.itsre-sumo.mozilla.net/static/sumo/img/placeholder.gif" title="">\
\
\
 and choose <span class="button">Sign in to Sync</span> and follow the instructions to create your account.\
</li></ul>\
<dl><dt>\
\
\
  \
\
\
\
\
\
\
\
<img alt="Sync 29" class="wiki-image frameless lazy" data-original-src="https://user-media-stage-cdn.itsre-sumo.mozilla.net/uploads/gallery/images/2014-03-21-11-47-32-4281dc.png" src="https://static-media-stage-cdn.itsre-sumo.mozilla.net/static/sumo/img/placeholder.gif" title="">\
\
\
\
</dt></dl>\
</li><li>Then just sign in to connect another device.\
</li></ol>\
<p>For detailed instructions, see <a href="/kn/kb/how-do-i-set-sync-my-computer">How do I set up Sync on my computer?</a>\
</p><div class="for" data-for="fx35">\
<h1 id="w_hehlhghuhg-huhihhhihghuhohahdhlhuhi-hihlhahlhgho-hghahhhi-hihahehuhuhihdhhhuhhhlhuhl">ನಿಮ್ಮ ಗೆಳೆಯರೊಂದಿಗೆ ವಿಡಿಯೋ ಮೂಲಕ ಸಂಪರ್ಕದಲ್ಲಿರಿ</h1>\
<p><em>Enjoy free video calls directly on your browser with <a href="/kn/kb/firefox-hello-video-and-voice-conversations-online"> Firefox Hello</a>.</em>\
</p>\
<ol><li>Click on the Hello button \
\
\
  \
\
\
\
\
\
\
\
<img alt="hello button" class="wiki-image frameless lazy" data-original-src="https://user-media-stage-cdn.itsre-sumo.mozilla.net/uploads/gallery/images/2014-10-30-17-37-19-5d4140.png" src="https://static-media-stage-cdn.itsre-sumo.mozilla.net/static/sumo/img/placeholder.gif" title="">\
\
\
 at the top of the browser to create a conversation room.\
</li><li>Send the conversation link to a friend.\
</li><li>Firefox will notify you when your friend joins the conversation.\
</li></ol>\
<p>To learn more about video calls, see <a href="/kn/kb/firefox-hello-video-and-voice-conversations-online">Firefox Hello - video and voice conversations online</a>.\
</p></div>\
<h1 id="w_hihihahg-hehahihghlhuhl">ಸಹಾಯ ಪಡೆಯಿರಿ</h1>\
<p><em>If you have more questions or ever need help with Firefox, you're on the right website.</em> \
</p>\
<ul><li><a href="/products/firefox">This site</a> has hundreds of articles that cover nearly every Firefox question you might have. \
</li></ul>\
<dl><dt>\
\
\
  \
\
\
\
\
\
\
\
  <a href="/products/firefox">\
\
<img alt="Get Help" class="wiki-image frameless lazy" data-original-src="https://user-media-stage-cdn.itsre-sumo.mozilla.net/uploads/gallery/images/2014-03-21-12-12-34-a682e1.png" src="https://static-media-stage-cdn.itsre-sumo.mozilla.net/static/sumo/img/placeholder.gif">\
\
  </a>\
\
\
\
</dt></dl>\
</div><div class="for" data-for="not fx29">\
<h1 id="w_browsing-the-web">Browsing the web</h1>\
<h2 id="w_setting-your-home-page">Setting your home page</h2>\
<p>Setting your home page in Firefox is easy. <strong>Just drag the site's icon to the Home button.</strong> For more information about your home page and to set what tabs show when you open Firefox, see <a href="/kn/kb/%E0%B2%AE%E0%B3%81%E0%B2%96%E0%B2%AA%E0%B3%81%E0%B2%9F%20%E0%B2%B9%E0%B3%8A%E0%B2%82%E0%B2%A6%E0%B2%BF%E0%B2%B8%E0%B3%81%E0%B2%B5%E0%B3%81%E0%B2%A6%E0%B3%81%20%E0%B2%B9%E0%B3%87%E0%B2%97%E0%B3%86">ಮುಖಪುಟ ಹೊಂದಿಸುವುದು ಹೇಗೆ</a>.\
<span class="for" data-for="win"><br>\
\
\
  \
\
\
\
\
\
\
\
<img alt="Home page Win1" class="wiki-image frameless lazy" data-original-src="https://user-media-stage-cdn.itsre-sumo.mozilla.net/uploads/gallery/images/2011-01-25-13-07-31-d77a5e.png" src="https://static-media-stage-cdn.itsre-sumo.mozilla.net/static/sumo/img/placeholder.gif" title="">\
\
\
</span>\
<span class="for" data-for="mac"><br><br>\
\
\
  \
\
\
\
\
\
\
\
<img alt="Home page Mac1" class="wiki-image frameless lazy" data-original-src="https://user-media-stage-cdn.itsre-sumo.mozilla.net/uploads/gallery/images/2011-01-25-13-01-31-6b385d.png" src="https://static-media-stage-cdn.itsre-sumo.mozilla.net/static/sumo/img/placeholder.gif" title="">\
\
\
</span>\
<span class="for" data-for="linux"><br>\
\
\
  \
\
\
\
\
\
\
\
<img alt="Home page Lin1" class="wiki-image frameless lazy" data-original-src="https://user-media-stage-cdn.itsre-sumo.mozilla.net/uploads/gallery/images/2011-01-25-13-00-12-3c02e3.png" src="https://static-media-stage-cdn.itsre-sumo.mozilla.net/static/sumo/img/placeholder.gif" title="">\
\
\
</span>\
</p>\
<h2 id="w_one-click-bookmarking">One-click bookmarking</h2>\
<p><strong>To create a bookmark, click on the star icon in the Location bar.</strong> That's it! For more about using bookmarks, including tagging and organizing, see <a href="/kn/kb/bookmarks-firefox">Bookmarks in Firefox</a>.\
<span class="for" data-for="win"><br>\
\
\
  \
\
\
\
\
\
\
\
<img alt="bookmarks-win1" class="wiki-image frameless lazy" data-original-src="https://user-media-stage-cdn.itsre-sumo.mozilla.net/uploads/gallery/images/2011-03-03-06-40-34-1316e5.png" src="https://static-media-stage-cdn.itsre-sumo.mozilla.net/static/sumo/img/placeholder.gif" title="">\
\
\
</span>\
<span class="for" data-for="mac"><br>\
\
\
  \
\
\
\
\
\
\
\
<img alt="bookmarks-mac1" class="wiki-image frameless lazy" data-original-src="https://user-media-stage-cdn.itsre-sumo.mozilla.net/uploads/gallery/images/2011-03-03-22-12-58-64a32c.png" src="https://static-media-stage-cdn.itsre-sumo.mozilla.net/static/sumo/img/placeholder.gif" title="">\
\
\
</span>\
</p>\
<h2 id="w_finding-everything-with-the-awesome-bar">Finding everything with the Awesome Bar</h2>\
<p><strong>We like to call Firefox’s Location bar the "Awesome Bar" because when you start to type the name or address of a website you’ve been to before, it finds it for you in an instant.</strong> And the more you use it, the better it gets. To learn more Awesome Bar tricks, including searching through your open tabs and searching the web, see <a href="/kn/kb/awesome-bar-search-firefox-bookmarks-history-tabs">Awesome Bar - Search your Firefox bookmarks, history and tabs from the address bar</a>.\
<span class="for" data-for="win"><br>\
\
\
  \
\
\
\
\
\
\
\
<img alt="Awesome Bar dropdown1 win" class="wiki-image frameless lazy" data-original-src="https://user-media-stage-cdn.itsre-sumo.mozilla.net/uploads/gallery/images/2011-03-15-09-15-55-c2633b.png" src="https://static-media-stage-cdn.itsre-sumo.mozilla.net/static/sumo/img/placeholder.gif" title="">\
\
\
</span>\
<span class="for" data-for="mac"><br>\
\
\
  \
\
\
\
\
\
\
\
<img alt="Awesome Bar dropdown1 mac" class="wiki-image frameless lazy" data-original-src="https://user-media-stage-cdn.itsre-sumo.mozilla.net/uploads/gallery/images/2011-03-15-10-35-18-e4f281.png" src="https://static-media-stage-cdn.itsre-sumo.mozilla.net/static/sumo/img/placeholder.gif" title="">\
\
\
</span>\
<span class="for" data-for="linux"><br>\
\
\
  \
\
\
\
\
\
\
\
<img alt="Awesome Bar dropdown1 lin" class="wiki-image frameless lazy" data-original-src="https://user-media-stage-cdn.itsre-sumo.mozilla.net/uploads/gallery/images/2011-03-15-10-55-29-08d381.png" src="https://static-media-stage-cdn.itsre-sumo.mozilla.net/static/sumo/img/placeholder.gif" title="">\
\
\
</span>\
</p>\
<h2 id="w_searching-the-web">Searching the web</h2>\
<p><strong>Search the web with your favorite search site in Firefox’s built-in Search bar.</strong> Just click the icon on the left to switch search engines. Learn more search tricks with the <a href="/kn/kb/use-search-bar-firefox">Use the Search bar in Firefox</a> article.\
<span class="for" data-for="win"><br>\
\
\
  \
\
\
\
\
\
\
\
<img alt="Search Win" class="wiki-image frameless lazy" data-original-src="https://user-media-stage-cdn.itsre-sumo.mozilla.net/uploads/gallery/images/2011-03-18-11-47-48-96e31e.png" src="https://static-media-stage-cdn.itsre-sumo.mozilla.net/static/sumo/img/placeholder.gif" title="">\
\
\
</span>\
<span class="for" data-for="mac"><br>\
\
\
  \
\
\
\
\
\
\
\
<img alt="Search Mac" class="wiki-image frameless lazy" data-original-src="https://user-media-stage-cdn.itsre-sumo.mozilla.net/uploads/gallery/images/2011-03-18-11-47-29-be7a89.png" src="https://static-media-stage-cdn.itsre-sumo.mozilla.net/static/sumo/img/placeholder.gif" title="">\
\
\
</span>\
<span class="for" data-for="linux"><br>\
\
\
  \
\
\
\
\
\
\
\
<img alt="Search Lin" class="wiki-image frameless lazy" data-original-src="https://user-media-stage-cdn.itsre-sumo.mozilla.net/uploads/gallery/images/2011-03-18-11-47-06-00576c.png" src="https://static-media-stage-cdn.itsre-sumo.mozilla.net/static/sumo/img/placeholder.gif" title="">\
\
\
</span>\
</p>\
<h2 id="w_tabs-tabs-tabs">Tabs tabs tabs!</h2>\
<p><strong>Tabs let you have multiple websites open inside a single window, keeping your screen clutter-free and making it easy to switch between sites.</strong>\
To add a new tab, click the new tab button (+) on the right side of the last tab.\
To learn more about working with tabs, see <a href="/kn/kb/tabs-organize-websites-single-window">Use tabs to organize lots of websites in a single window</a>.\
<span class="for" data-for="win"><br>\
\
\
  \
\
\
\
\
\
\
\
<img alt="Tabs Win2" class="wiki-image frameless lazy" data-original-src="https://user-media-stage-cdn.itsre-sumo.mozilla.net/uploads/gallery/images/2011-03-13-16-03-44-4117e3.png" src="https://static-media-stage-cdn.itsre-sumo.mozilla.net/static/sumo/img/placeholder.gif" title="">\
\
\
</span>\
<span class="for" data-for="mac"><br>\
\
\
  \
\
\
\
\
\
\
\
<img alt="Tabs Mac2" class="wiki-image frameless lazy" data-original-src="https://user-media-stage-cdn.itsre-sumo.mozilla.net/uploads/gallery/images/2011-03-13-16-01-20-7ec3d8.png" src="https://static-media-stage-cdn.itsre-sumo.mozilla.net/static/sumo/img/placeholder.gif" title="">\
\
\
</span>\
</p>\
<h3 id="w_pinned-tabs">Pinned Tabs</h3>\
<p><strong>Pinned Tabs let you keep your favorite web apps like Facebook, Gmail and Twitter open and just a click away.</strong> To create a Pinned Tab, <span class="for" data-for="win,linux">right-click</span><span class="for" data-for="mac">control-click</span> on the tab and select <span class="menu">Pin Tab</span> from the menu. To learn more about how Pinned Tabs work, see <a href="/kn/kb/pinned-tabs-keep-favorite-websites-open">Pinned Tabs - keep favorite websites open and just a click away</a>.\
<span class="for" data-for="win"><br>\
\
\
  \
\
\
\
\
\
\
\
<img alt="Pin App Tab Win" class="wiki-image frameless lazy" data-original-src="https://user-media-stage-cdn.itsre-sumo.mozilla.net/uploads/gallery/images/2011-03-18-12-04-40-bf112b.png" src="https://static-media-stage-cdn.itsre-sumo.mozilla.net/static/sumo/img/placeholder.gif" title="">\
\
\
</span>\
<span class="for" data-for="mac"><br>\
\
\
  \
\
\
\
\
\
\
\
<img alt="Pin App Tab Mac" class="wiki-image frameless lazy" data-original-src="https://user-media-stage-cdn.itsre-sumo.mozilla.net/uploads/gallery/images/2011-03-18-12-04-15-b9e63d.png" src="https://static-media-stage-cdn.itsre-sumo.mozilla.net/static/sumo/img/placeholder.gif" title="">\
\
\
</span>\
<span class="for" data-for="linux"><br>\
\
\
  \
\
\
\
\
\
\
\
<img alt="Pin App Tab Lin" class="wiki-image frameless lazy" data-original-src="https://user-media-stage-cdn.itsre-sumo.mozilla.net/uploads/gallery/images/2011-03-18-12-03-52-89e81d.png" src="https://static-media-stage-cdn.itsre-sumo.mozilla.net/static/sumo/img/placeholder.gif" title="">\
\
\
</span>\
</p>\
<h2 id="w_private-browsing">Private Browsing</h2>\
<p><strong>Firefox’s Private Browsing feature allows you to browse the Internet without saving any information on your computer about which sites and pages you’ve visited.</strong> \
</p><div class="for" data-for="not fx20"><p>To start Private Browsing, go to <span class="for" data-for="win,linux">the top of the Firefox window, </span><span class="for" data-for="mac">the menu bar,</span> click the <span class="for" data-for="win7,win8"><span class="button">Firefox</span> button</span><span class="for" data-for="winxp,mac,linux"><span class="menu">Tools</span> menu</span> and select <span class="menu">Start Private Browsing</span>. Read the <a href="/kn/kb/private-browsing-use-firefox-without-history">Private Browsing - Use Firefox without saving history</a> article to learn more.\
<span class="for" data-for="win"><br>\
\
\
  \
\
\
\
\
\
\
\
<img alt="Private Browsing Win1" class="wiki-image frameless lazy" data-original-src="https://user-media-stage-cdn.itsre-sumo.mozilla.net/uploads/gallery/images/2011-01-25-04-55-02-5f2a8f.png" src="https://static-media-stage-cdn.itsre-sumo.mozilla.net/static/sumo/img/placeholder.gif" title="">\
\
\
</span>\
<span class="for" data-for="mac"><br><br>\
\
\
  \
\
\
\
\
\
\
\
<img alt="Private Browsing Mac1" class="wiki-image frameless lazy" data-original-src="https://user-media-stage-cdn.itsre-sumo.mozilla.net/uploads/gallery/images/2011-01-25-07-16-27-711272.png" src="https://static-media-stage-cdn.itsre-sumo.mozilla.net/static/sumo/img/placeholder.gif" title="">\
\
\
</span>\
<span class="for" data-for="linux"><br>\
\
\
  \
\
\
\
\
\
\
\
<img alt="Private Browsing Lin1" class="wiki-image frameless lazy" data-original-src="https://user-media-stage-cdn.itsre-sumo.mozilla.net/uploads/gallery/images/2011-01-25-07-14-11-287e8d.png" src="https://static-media-stage-cdn.itsre-sumo.mozilla.net/static/sumo/img/placeholder.gif" title="">\
\
\
</span>\
</p></div><div class="for" data-for="fx20"><p>To open a Private Browsing window, go to <span class="for" data-for="win,linux">the top of the Firefox window, </span><span class="for" data-for="mac">the menu bar,</span> click the <span class="for" data-for="win7,win8"><span class="button">Firefox</span> button</span><span class="for" data-for="winxp,mac,linux"><span class="menu">File</span> menu</span> and select <span class="menu">New Private Window</span>. Read the <a href="/kn/kb/private-browsing-use-firefox-without-history">Private Browsing - Use Firefox without saving history</a> article to learn more.\
<span class="for" data-for="winxp"><br>\
\
\
  \
\
\
\
\
\
\
\
<img alt="fx20 new private window - file menu" class="wiki-image frameless lazy" data-original-src="https://user-media-stage-cdn.itsre-sumo.mozilla.net/uploads/gallery/images/2013-03-13-20-42-42-26fb5d.png" src="https://static-media-stage-cdn.itsre-sumo.mozilla.net/static/sumo/img/placeholder.gif" title="">\
\
\
</span>\
<span class="for" data-for="win7,win8"><br>\
\
\
  \
\
\
\
\
\
\
\
<img alt="New Private Window Fx20 Win7" class="wiki-image frameless lazy" data-original-src="https://user-media-stage-cdn.itsre-sumo.mozilla.net/uploads/gallery/images/2013-03-13-14-49-30-842bb8.png" src="https://static-media-stage-cdn.itsre-sumo.mozilla.net/static/sumo/img/placeholder.gif" title="">\
\
\
</span>\
<span class="for" data-for="mac"><br>\
\
\
  \
\
\
\
\
\
\
\
<img alt="New Private Window Fx20 Mac" class="wiki-image frameless lazy" data-original-src="https://user-media-stage-cdn.itsre-sumo.mozilla.net/uploads/gallery/images/2013-03-13-15-32-34-8b20e9.png" src="https://static-media-stage-cdn.itsre-sumo.mozilla.net/static/sumo/img/placeholder.gif" title="">\
\
\
</span>\
<span class="for" data-for="linux"><br>\
\
\
  \
\
\
\
\
\
\
\
<img alt="New Private Window Fx20 Lin" class="wiki-image frameless lazy" data-original-src="https://user-media-stage-cdn.itsre-sumo.mozilla.net/uploads/gallery/images/2013-03-13-20-59-58-83097a.png" src="https://static-media-stage-cdn.itsre-sumo.mozilla.net/static/sumo/img/placeholder.gif" title="">\
\
\
</span>\
</p></div>\
<h1 id="w_customizing-firefox-with-add-ons">Customizing Firefox with Add-ons</h1>\
<p><strong>Add-ons are like apps that you install to add bells &amp; whistles to Firefox.</strong> You can get add-ons that compare prices, check the weather, change the look of Firefox, listen to music, or even update your Facebook profile. To learn more about Add-ons and how to install them, see <a href="/kn/kb/find-and-install-add-ons-add-features-to-firefox">Find and install add-ons to add features to Firefox</a>. \
</p>\
<h2 id="w_themes">Themes</h2>\
<p><strong>Easily personalize Firefox's appearance.</strong> Try some themes on at <a href="https://addons.mozilla.org/en-US/firefox/themes/">Mozilla's add-on website</a>.\
</p>\
<h1 id="w_staying-in-sync">Staying in Sync</h1>\
<p><strong>Firefox Sync lets you securely access your history, bookmarks, tabs and passwords across all of your devices.</strong> See <a href="/kn/kb/how-do-i-set-sync-my-computer">How do I set up Sync on my computer?</a> to learn more or just go straight to <a href="/kn/kb/how-do-i-set-sync-my-computer">syncing your computers</a> or your <a href="/kn/kb/use-sync-share-bookmarks-and-more-with-firefox-mobile">Android device</a>.\
</p></div>	kn
<p>This article describes the major changes that are visible to users in Thunderbird version 38. Full details of all the changes can be found in the Thunderbird 38 <a href="https://www.mozilla.org/en-US/thunderbird/38.0.1/releasenotes/">release notes</a>.\
</p>\
<div id="toc"><h2>Table of Contents</h2><ul><li class="toclevel-1"><a href="#w_hohahahu-hghahiha-hghihihihahuhuhu-hehihahehhhlhihahchuhchdhi"><span class="tocnumber">1</span> <span class="toctext">ಚಾಟ್ ಯಾಹೂ ಮೆಸೆಂಜರ್ ಬೆಂಬಲಿಸುತ್ತದೆ</span></a></li><li class="toclevel-1"><a href="#w_filtering-sentarchived-messages"><span class="tocnumber">2</span> <span class="toctext">Filtering sent/archived messages</span></a></li><li class="toclevel-1"><a href="#w_hchahdhihuhihlhahc-hihihohuhoha-hihlhhhahi-hehahihuhchihuhhhehuheha-hihahahahiha"><span class="tocnumber">3</span> <span class="toctext">ಒಂದಕ್ಕಿಂತ ಹೆಚ್ಚು ವಿಳಾಸ ಪುಸ್ತಕಗಳನ್ನು ಹುಡುಕು</span></a></li><li class="toclevel-1"><a href="#w_expanded-folder-pane-columns"><span class="tocnumber">4</span> <span class="toctext">Expanded Folder Pane columns</span></a></li><li class="toclevel-1"><a href="#w_huhahuhhhu-oauth2"><span class="tocnumber">5</span> <span class="toctext">ಗೂಗಲ್ OAuth2</span></a></li><li class="toclevel-1"><a href="#w_hihuhghahhhihahahuhu-hchahdhahuhahihlhihi"><span class="tocnumber">6</span> <span class="toctext">ಕ್ಯಾಲೆಂಡರ್ ಒಂದಾಗುವಿಕೆ</span></a></li><li class="toclevel-1"><a href="#w_mail-composition-fixes"><span class="tocnumber">7</span> <span class="toctext">Mail Composition Fixes</span></a></li><li class="toclevel-1"><a href="#w_font-handling-on-linux"><span class="tocnumber">8</span> <span class="toctext">Font Handling on Linux</span></a></li></ul></div>\
<h1 id="w_hohahahu-hghahiha-hghihihihahuhuhu-hehihahehhhlhihahchuhchdhi">ಚಾಟ್ ಯಾಹೂ ಮೆಸೆಂಜರ್ ಬೆಂಬಲಿಸುತ್ತದೆ</h1>\
<p>Thunderbird chat now supports <a href="https://bugzilla.mozilla.org/show_bug.cgi?id=955574">Yahoo Messenger</a>.\
</p>\
<h1 id="w_filtering-sentarchived-messages">Filtering sent/archived messages</h1>\
<p>You can now filter on <a href="https://bugzilla.mozilla.org/show_bug.cgi?id=11039">sent</a> and <a href="https://bugzilla.mozilla.org/show_bug.cgi?id=479823">archived</a> messages.\
</p>\
<h1 id="w_hchahdhihuhihlhahc-hihihohuhoha-hihlhhhahi-hehahihuhchihuhhhehuheha-hihahahahiha">ಒಂದಕ್ಕಿಂತ ಹೆಚ್ಚು ವಿಳಾಸ ಪುಸ್ತಕಗಳನ್ನು ಹುಡುಕು</h1>\
<p>You can now <a href="https://bugzilla.mozilla.org/show_bug.cgi?id=170270">search multiple address books</a>!\
</p>\
<h1 id="w_expanded-folder-pane-columns">Expanded Folder Pane columns</h1>\
<p>In the folder pane (the list of folders on the left), you can now show the column picker for expanded options (Unread, Total and Size) without using the Extra Folder Columns add-on, which is now incompatible. To show the column picker using the traditional menu bar, select <span class="menu">View|Layout|Folder Pane Columns</span>.  Or, click the toolbar menu button \
\
\
  \
\
\
\
\
\
\
\
<img alt="New Fx Menu" class="wiki-image frameless lazy" data-original-src="https://user-media-stage-cdn.itsre-sumo.mozilla.net/uploads/gallery/images/2014-01-10-13-08-08-f52b8c.png" src="https://static-media-stage-cdn.itsre-sumo.mozilla.net/static/sumo/img/placeholder.gif" title="">\
\
\
 and then select <span class="for" data-for="win"><span class="menu">Options|Layout|Folder Pane Columns</span></span><span class="for" data-for="linux,mac"><span class="menu">Preferences|Layout|Folder Pane Columns</span></span>.\
</p>\
<h1 id="w_huhahuhhhu-oauth2">ಗೂಗಲ್ OAuth2</h1>\
<p>Thunderbird 38 <a href="/kn/kb/thunderbird-and-gmail">now supports</a> the <a href="https://developers.google.com/gmail/oauth_overview">OAuth 2.0 protocol</a> now used by Google for authentication.\
</p>\
<h1 id="w_hihuhghahhhihahahuhu-hchahdhahuhahihlhihi">ಕ್ಯಾಲೆಂಡರ್ ಒಂದಾಗುವಿಕೆ</h1>\
<p>Starting in Thunderbird 38, the <a href="/kn/kb/calendar-integration-thunderbird">Lightning</a> calendar add-on is bundled with Thunderbird.\
</p>\
<h1 id="w_mail-composition-fixes">Mail Composition Fixes</h1>\
<p>Some idiosyncrasies in the message compose window have been addressed: The composition font is no longer lost after clicking elsewhere in the message and then returning to the end of the line of the text being entered. Also, the composition font is no longer lost after pasting a bitmap from the clipboard. The inline spell checker no longer loses red underlines.\
</p><p>Inline spell checking: New messages will now always be spell-checked in the language selected in <span class="menu">Tools|Options|Composition|Spelling|Language</span> and not as before in the last language used. Also, the spell checking language is now always synchronised between subject and message body. You can even compose messages in different languages concurrently now without having to switch dictionaries.\
</p>\
<h1 id="w_font-handling-on-linux">Font Handling on Linux</h1>\
<p>Linux provides system fonts "sans-serif", "serif" and "monospace". These font names conflict with the generic CSS font family names. Therefore and for compatibility with Thunderbirds on other platforms, the ability to compose messages using these three fonts was removed on Linux. Users who had selected one of these fonts as their default composition font have to select a different font. Instead of "sans-serif", "serif" or "monospace" users should select "Helvetica, Arial", "Times" or "Courier" (or "Fixed Width") respectively.\
</p><p>The three aforementioned Linux system fonts can still be used as default display fonts.\
</p>	kn
<p>ಸಾಮಾನ್ಯವಾಗಿ, Firefox ಸ್ವಯಂಚಾಲಿತವಾಗಿ ಪರಿಷ್ಕರಣೆಗೊಳ್ಳಲು ಹೊಂದಿಸಲಾಗಿದ್ದರೂ ನೀವದನ್ನು ಬೇಕೆಂದಾಗ ಪರಿಷ್ಕರಿಸಬಹುದು. ಹೇಗೆ ಇಲ್ಲಿ ತಿಳಿಯಿರಿ:\
</p><div class="for" data-for="linux">\
<div class="note"><strong>ಟಿಪ್ಪಣಿ:</strong> ನೀವು ನಿಮ್ಮ ಲಿನಕ್ಸ್ ಡಿಸ್ಟ್ರಿಬ್ಯೂಷನ್ ಜೊತೆ ಪ್ಯಾಕೇಜ್ ಆಗಿ ಬಂದಿರುವ Firefox ಅನ್ನು ಬಳಸುತ್ತಿದ್ದಲ್ಲಿ, ನೀವು ಪರಿಷ್ಕರಿಸಿದ ಆವೃತ್ತಿ ಪ್ಯಾಕೇಜ್ ಸಂಗ್ರಹಕ್ಕೆ ಬಿಡುಗಡೆಗೊಳ್ಳುವವರೆಗೆ ಕಾಯಬೇಕಾಗುವುದು. ಈ ಲೇಖನವು ನೀವು ಕೈಯಾರೆ Firefox ಅನುಸ್ಥಾಪಿಸಿದ್ದಲ್ಲಿ ಮಾತ್ರ ಅನ್ವಯವಾಗುತ್ತದೆ (ನಿಮ್ಮ ಡಿಸ್ಟ್ರಿಬ್ಯೂಷನ್‌ನ ಪ್ಯಾಕೇಜ್ ಮ್ಯಾನೇಜರ್ ಬಳಸದೆ).</div>\
</div>\
<ol><li><span class="for" data-for="win,linux">\
\
\
  \
\
\
\
\
\
\
\
<img alt="New Fx Menu" class="wiki-image frameless lazy" data-original-src="https://user-media-stage-cdn.itsre-sumo.mozilla.net/uploads/gallery/images/2014-01-10-13-08-08-f52b8c.png" src="https://static-media-stage-cdn.itsre-sumo.mozilla.net/static/sumo/img/placeholder.gif" title="">\
\
\
 ಮೆನು ಗುಂಡಿ ಕ್ಲಿಕ್ಕಿಸಿ, \
\
\
  \
\
\
\
\
\
\
\
<img alt="Help-29" class="wiki-image frameless lazy" data-original-src="https://user-media-stage-cdn.itsre-sumo.mozilla.net/uploads/gallery/images/2014-01-10-13-10-08-eaa722.png" src="https://static-media-stage-cdn.itsre-sumo.mozilla.net/static/sumo/img/placeholder.gif" title="">\
\
\
 ಸಹಾಯ ಕ್ಲಿಕ್ಕಿಸಿ ಮತ್ತು <span class="menu">Firefox ಬಗ್ಗೆ</span> ಆಯ್ಕೆ ಮಾಡಿ.</span><span class="for" data-for="mac">ಮೆನು ಪಟ್ಟಿಯಲ್ಲಿ <span class="menu">Firefox</span> ಮೆನು ಕ್ಲಿಕ್ ಮಾಡಿ ಮತ್ತು <span class="menu">Firefox ಬಗ್ಗೆ</span> ಆಯ್ಕೆ ಮಾಡಿ.</span>\
</li><li><strong>Firefox ಬಗ್ಗೆ</strong> ಕಿಟಕಿ ತೆರೆಯುತ್ತದೆ ಮತ್ತು Firefox ಪರಿಷ್ಕರಣೆಗೆ ಹುಡುಕುವುದನ್ನು ಮತ್ತು ಅವುಗಳನ್ನು ಸ್ವಯಂಚಾಲಿತವಾಗಿ ಡೌನ್ಲೋಡ್ ಮಾಡುವುದನ್ನು ಪ್ರಾರಂಭಿಸುತ್ತದೆ. \
<dl><dt><span class="for" data-for="win">\
\
\
  \
\
\
\
\
\
\
\
<img alt="Update Win1 Fx14" class="wiki-image frameless lazy" data-original-src="https://user-media-stage-cdn.itsre-sumo.mozilla.net/uploads/gallery/images/2013-11-01-14-54-24-fe04af.png" src="https://static-media-stage-cdn.itsre-sumo.mozilla.net/static/sumo/img/placeholder.gif" title="">\
\
\
</span>\
</dt></dl>\
</li><li>ಪರಿಷ್ಕರಣೆಗಳು ಅನುಸ್ಥಾಪನೆಗೆ ಸಿದ್ಧವಾದಾಗ, <span class="button"><span class="for" data-for="not fx34">ಪರಿಷ್ಕರಣೆಗೆ ಮರು ಪ್ರಾರಂಭಿಸಿ</span><span class="for" data-for="fx34">ಪರಿಷ್ಕರಣೆಗೆ Firefox ಮರು ಪ್ರಾರಂಭಿಸಿ</span></span> ಕ್ಲಿಕ್ ಮಾಡಿ. \
<dl><dt><span class="for" data-for="win"><span class="for" data-for="not fx34">\
\
\
  \
\
\
\
\
\
\
\
<img alt="Update Win2 Fx14" class="wiki-image frameless lazy" data-original-src="https://user-media-stage-cdn.itsre-sumo.mozilla.net/uploads/gallery/images/2013-11-01-14-53-55-567992.png" src="https://static-media-stage-cdn.itsre-sumo.mozilla.net/static/sumo/img/placeholder.gif" title="">\
\
\
</span><span class="for" data-for="fx34">\
\
\
  \
\
\
\
\
\
\
\
<img alt="Update Win2 Fx34" class="wiki-image frameless lazy" data-original-src="https://user-media-stage-cdn.itsre-sumo.mozilla.net/uploads/gallery/images/2015-01-18-07-45-57-7528d8.png" src="https://static-media-stage-cdn.itsre-sumo.mozilla.net/static/sumo/img/placeholder.gif" title="">\
\
\
</span></span>\
</dt></dl>\
</li></ol>\
<div class="warning"><strong>ಮಹತ್ವದ್ದು:</strong> ಪರಿಷ್ಕರಣೆ ಪ್ರಾರಂಭವಾಗದಿದ್ದಲ್ಲಿ, ಸಂಪೂರ್ಣವಾಗದಿದ್ದಲ್ಲಿ ಅಥವಾ ಬೇರಾವುದೇ ತೊಂದರೆ ಇದ್ದಲ್ಲಿ, ದಯವಿಟ್ಟು www.mozilla.orgಗೆ ಭೇಟಿಕೊಟ್ಟು ನಿಮ್ಮ ಆಪರೇಟಿಂಗ್ ಸಿಸ್ಟಂಗೆ ಮತ್ತು ಭಾಷೆಗೆ ಇತ್ತೀಚಿನ Firefox ಆವೃತ್ತಿಯನ್ನು ಡೌನ್‌ಲೋಡ್ ಮಾಡಿ ಅನುಸ್ಥಾಪಿಸಿಕೊಳ್ಳಿ (ಹೆಚ್ಚಿನ ಸೂಚನೆಗಳಿಗೆ ನೋಡಿ <span class="for" data-for="win"><a href="/kn/kb/how-download-and-install-firefox-windows">How to download and install Firefox on Windows</a></span><span class="for" data-for="linux"><a href="/kn/kb/install-firefox-linux">Install Firefox on Linux</a></span><span class="for" data-for="mac"><a href="/kn/kb/how-download-and-install-firefox-mac">How to download and install Firefox on Mac</a></span>)</div>\
<p>ಪರಿಷ್ಕರಣೆ ಸಿದ್ಧತೆಗಳನ್ನು ಬದಲಾಯಿಸಲು, ನೋಡಿ <a href="/kn/kb/advanced-panel-settings-in-firefox#w_update-tab">Advanced panel - Accessibility, browsing, network, updates, and other advanced settings in Firefox</a>.\
</p>	kn
	kn
	kn
<p>We'll show you how to automatically open any web page you want when you launch Firefox or click the Home button \
\
\
  \
\
\
\
\
\
\
\
<img alt="Home Button" class="wiki-image frameless lazy" data-original-src="https://user-media-stage-cdn.itsre-sumo.mozilla.net/uploads/gallery/images/2014-02-05-12-41-52-59781d.png" src="https://static-media-stage-cdn.itsre-sumo.mozilla.net/static/sumo/img/placeholder.gif" title="">\
\
\
.\
</p><p>\
</p><div class="for" data-for="not fx34"><p><div class="youtube-embed">\
  <iframe src="//www.youtube.com/embed/Nnu0A-jIh-U?wmode=transparent&amp;rel=0" frameborder="0" allowfullscreen></iframe>\
</div>\
</p></div>\
<div id="toc"><h2>Table of Contents</h2><ul><li class="toclevel-1"><a href="#w_hehlhghuhg-hghahihehaha-hihohahdhlhihl-hehchiha-hehdhhhlhihl"><span class="tocnumber">1</span> <span class="toctext">ನಿಮ್ಮ ಮುಖಪುಟ ಹೊಂದಿಸಿ ಅಥವಾ ಬದಲಿಸಿ</span></a></li><li class="toclevel-1"><a href="#w_hehlhghuhg-hehahuhuhihehlhghohuhlhc-hghahihehaha-hghuhahihohahdhlhihl"><span class="tocnumber">2</span> <span class="toctext">ನಿಮ್ಮ ಪೂರ್ವನಿಯೋಜಿತ ಮುಖಪುಟ ಮರುಹೊಂದಿಸಿ</span></a></li><li class="toclevel-1"><a href="#w_hchohahdhuhihuhhha-hshdhahuhahuhahchuhchlhihihghi"><span class="tocnumber">3</span> <span class="toctext">ತೊಂದರೆಗಳು ಎದುರಾಗುತ್ತಿವೆಯೇ?</span></a></li></ul></div>\
<h1 id="w_hehlhghuhg-hghahihehaha-hihohahdhlhihl-hehchiha-hehdhhhlhihl">ನಿಮ್ಮ ಮುಖಪುಟ ಹೊಂದಿಸಿ ಅಥವಾ ಬದಲಿಸಿ</h1>\
<div class="for" data-for="not fx29">\
<ol><li> Open the web page that you want to set as your home page.\
</li><li> Click on the icon at the left side of the web address, drag it to the Home button, and release it.<br><span class="for" data-for="win">\
\
\
  \
\
\
\
\
\
\
\
<img alt="Home page Win1" class="wiki-image frameless lazy" data-original-src="https://user-media-stage-cdn.itsre-sumo.mozilla.net/uploads/gallery/images/2011-01-25-13-07-31-d77a5e.png" src="https://static-media-stage-cdn.itsre-sumo.mozilla.net/static/sumo/img/placeholder.gif" title="">\
\
\
</span><span class="for" data-for="mac">\
\
\
  \
\
\
\
\
\
\
\
<img alt="Home page Mac1" class="wiki-image frameless lazy" data-original-src="https://user-media-stage-cdn.itsre-sumo.mozilla.net/uploads/gallery/images/2011-01-25-13-01-31-6b385d.png" src="https://static-media-stage-cdn.itsre-sumo.mozilla.net/static/sumo/img/placeholder.gif" title="">\
\
\
</span><span class="for" data-for="linux">\
\
\
  \
\
\
\
\
\
\
\
<img alt="Home page Lin1" class="wiki-image frameless lazy" data-original-src="https://user-media-stage-cdn.itsre-sumo.mozilla.net/uploads/gallery/images/2011-01-25-13-00-12-3c02e3.png" src="https://static-media-stage-cdn.itsre-sumo.mozilla.net/static/sumo/img/placeholder.gif" title="">\
\
\
</span>\
</li><li> Click <span class="button">Yes</span> to set this page as your home page.\
</li></ol>\
</div><div class="for" data-for="fx29"><p>\
</p>\
<ol><li> Open a tab with the web page you want to use as your home page.\
</li><li> Drag and drop that tab onto the Home button \
\
\
  \
\
\
\
\
\
\
\
<img alt="Home Button" class="wiki-image frameless lazy" data-original-src="https://user-media-stage-cdn.itsre-sumo.mozilla.net/uploads/gallery/images/2014-02-05-12-41-52-59781d.png" src="https://static-media-stage-cdn.itsre-sumo.mozilla.net/static/sumo/img/placeholder.gif" title="">\
\
\
.\
<dl><dt><span class="for" data-for="winxp">\
\
\
  \
\
\
\
\
\
\
\
<img alt="Home Page 29 - WinXP" class="wiki-image frameless lazy" data-original-src="https://user-media-stage-cdn.itsre-sumo.mozilla.net/uploads/gallery/images/2014-02-05-14-57-44-063314.png" src="https://static-media-stage-cdn.itsre-sumo.mozilla.net/static/sumo/img/placeholder.gif" title="">\
\
\
</span><span class="for" data-for="win7,win8">\
\
\
  \
\
\
\
\
\
\
\
<img alt="Home Page 29 - Win8" class="wiki-image frameless lazy" data-original-src="https://user-media-stage-cdn.itsre-sumo.mozilla.net/uploads/gallery/images/2014-03-21-09-03-25-5f5a17.png" src="https://static-media-stage-cdn.itsre-sumo.mozilla.net/static/sumo/img/placeholder.gif" title="">\
\
\
</span><span class="for" data-for="mac">\
\
\
  \
\
\
\
\
\
\
\
<img alt="Home Page 29 - Mac" class="wiki-image frameless lazy" data-original-src="https://user-media-stage-cdn.itsre-sumo.mozilla.net/uploads/gallery/images/2014-02-05-14-57-03-c4e0de.png" src="https://static-media-stage-cdn.itsre-sumo.mozilla.net/static/sumo/img/placeholder.gif" title="">\
\
\
</span><span class="for" data-for="linux">\
\
\
  \
\
\
\
\
\
\
\
<img alt="Home Page 29 - Linux" class="wiki-image frameless lazy" data-original-src="https://user-media-stage-cdn.itsre-sumo.mozilla.net/uploads/gallery/images/2014-02-05-14-56-32-a4db24.png" src="https://static-media-stage-cdn.itsre-sumo.mozilla.net/static/sumo/img/placeholder.gif" title="">\
\
\
</span>\
</dt></dl>\
</li><li> Click <span class="button">Yes</span> to set this page as your home page.\
</li></ol>\
</div>\
<div class="note">\
<p><strong>ಸಲಹೆ:</strong> More home page settings are available in the <span class="for" data-for="win">Options</span><span class="for" data-for="mac,linux">Preferences</span>\
 window.\
</p><div class="for" data-for="not fx29">\
<ul><li><span class="for" data-for="win7,win8">Click on the <span class="button">Firefox</span> button, select <span class="menu">Options</span> and then choose the <span class="menu">General</span> panel.</span><span class="for" data-for="winxp">Click on the <span class="menu">Tools</span> menu, select <span class="menu">Options</span> and then choose the <span class="menu">General</span> panel.</span><span class="for" data-for="mac">Click on the <span class="menu">Firefox</span> menu, select <span class="menu">Preferences…</span> and then choose the <span class="menu">General</span> panel.</span><span class="for" data-for="linux">Click on the <span class="menu">Edit</span> menu, select <span class="menu">Preferences</span> and then choose the <span class="menu">General</span> panel.</span>\
<ul><li>From the drop-down menu you can choose to have Firefox <strong>show a blank page</strong> on startup or show all of your <strong>windows and tabs from your previous session</strong>.\
</li><li>You can also set multiple pages as your home page: Open each page in a separate tab and click on <span class="button">Use Current Pages</span>.\
</li></ul>\
</li></ul>\
</div><div class="for" data-for="fx29">\
<ul><li>Click the menu button \
\
\
  \
\
\
\
\
\
\
\
<img alt="New Fx Menu" class="wiki-image frameless lazy" data-original-src="https://user-media-stage-cdn.itsre-sumo.mozilla.net/uploads/gallery/images/2014-01-10-13-08-08-f52b8c.png" src="https://static-media-stage-cdn.itsre-sumo.mozilla.net/static/sumo/img/placeholder.gif" title="">\
\
\
, select <span class="for" data-for="win"><span class="button">Options</span></span><span class="for" data-for="mac,linux"><span class="button">Preferences</span></span> and then choose the <span class="menu">General</span> panel.\
<ul><li>From the drop-down menu you can choose to have Firefox <strong>show a blank page</strong> on startup or show all of your <strong>windows and tabs from your previous session</strong>.\
</li><li>You can also set multiple pages as your home page: Open each page in a separate tab and click on <span class="button">Use Current Pages</span>.\
</li></ul>\
</li></ul>\
</div>\
</div>\
<h1 id="w_hehlhghuhg-hehahuhuhihehlhghohuhlhc-hghahihehaha-hghuhahihohahdhlhihl">ನಿಮ್ಮ ಪೂರ್ವನಿಯೋಜಿತ ಮುಖಪುಟ ಮರುಹೊಂದಿಸಿ</h1>\
<div class="for" data-for="not fx34"><p><em>ನೀವು ನಿಮ್ಮ ಮುಖಪುಟದ ಅಗತ್ಯಾನುಗುಣಗಳನ್ನು ಅಳಿಸಬೇಕು ಎಂದಿದ್ದಲ್ಲಿ, ನೀವು ಅದನ್ನು ಹೀಗೆ ಮಾಡಬಹುದು:</em>\
</p>\
<ol><li> Click the menu button <span class="for" data-for="not fx57">\
\
\
  \
\
\
\
\
\
\
\
<img alt="New Fx Menu" class="wiki-image frameless lazy" data-original-src="https://user-media-stage-cdn.itsre-sumo.mozilla.net/uploads/gallery/images/2014-01-10-13-08-08-f52b8c.png" src="https://static-media-stage-cdn.itsre-sumo.mozilla.net/static/sumo/img/placeholder.gif" title="">\
\
\
</span><span class="for" data-for="fx57">\
\
\
  \
\
\
\
\
\
\
\
<img alt="Fx57Menu" class="wiki-image frameless lazy" data-original-src="https://user-media-stage-cdn.itsre-sumo.mozilla.net/uploads/gallery/images/2017-10-22-15-37-15-18c775.png" src="https://static-media-stage-cdn.itsre-sumo.mozilla.net/static/sumo/img/placeholder.gif" title="">\
\
\
</span> and choose <span class="for" data-for="win"><span class="button">Options</span>.</span><span class="for" data-for="mac,linux"><span class="button">Preferences</span>.</span>\
\
</li><li> ಆಯ್ಕೆ ಮಾಡಿ <span class="menu">General</span> ಪ್ಯಾನೆಲ್.\
</li><li> ಸ್ಟಾರ್ಟಪ್ ಬಾಕ್ಸ್‌ನಲ್ಲಿ, <span class="button">Restore to Default</span> ಕ್ಲಿಕ್ ಮಾಡಿ.<br><span class="for" data-for="win">\
\
\
  \
\
\
\
\
\
\
\
<img alt="Home page Win3" class="wiki-image frameless lazy" data-original-src="https://user-media-stage-cdn.itsre-sumo.mozilla.net/uploads/gallery/images/2011-01-25-13-08-24-d63f73.png" src="https://static-media-stage-cdn.itsre-sumo.mozilla.net/static/sumo/img/placeholder.gif" title="">\
\
\
</span><span class="for" data-for="mac">\
\
\
  \
\
\
\
\
\
\
\
<img alt="Home page Mac3" class="wiki-image frameless lazy" data-original-src="https://user-media-stage-cdn.itsre-sumo.mozilla.net/uploads/gallery/images/2011-01-25-13-03-16-89fbaa.png" src="https://static-media-stage-cdn.itsre-sumo.mozilla.net/static/sumo/img/placeholder.gif" title="">\
\
\
</span><span class="for" data-for="linux">\
\
\
  \
\
\
\
\
\
\
\
<img alt="Home page Lin3" class="wiki-image frameless lazy" data-original-src="https://user-media-stage-cdn.itsre-sumo.mozilla.net/uploads/gallery/images/2011-01-25-13-01-07-e90cd3.png" src="https://static-media-stage-cdn.itsre-sumo.mozilla.net/static/sumo/img/placeholder.gif" title="">\
\
\
</span>\
</li><li> Close the <em>about:preferences</em> page. Any changes you've made will automatically be saved.\
\
</li></ol>\
</div><div class="for" data-for="=fx34,=fx35,=fx36,=fx37"><p><em>ನೀವು ನಿಮ್ಮ ಮುಖಪುಟದ ಅಗತ್ಯಾನುಗುಣಗಳನ್ನು ಅಳಿಸಬೇಕು ಎಂದಿದ್ದಲ್ಲಿ, ನೀವು ಅದನ್ನು ಹೀಗೆ ಮಾಡಬಹುದು:</em>\
</p>\
<ol><li> Click the menu button <span class="for" data-for="not fx57">\
\
\
  \
\
\
\
\
\
\
\
<img alt="New Fx Menu" class="wiki-image frameless lazy" data-original-src="https://user-media-stage-cdn.itsre-sumo.mozilla.net/uploads/gallery/images/2014-01-10-13-08-08-f52b8c.png" src="https://static-media-stage-cdn.itsre-sumo.mozilla.net/static/sumo/img/placeholder.gif" title="">\
\
\
</span><span class="for" data-for="fx57">\
\
\
  \
\
\
\
\
\
\
\
<img alt="Fx57Menu" class="wiki-image frameless lazy" data-original-src="https://user-media-stage-cdn.itsre-sumo.mozilla.net/uploads/gallery/images/2017-10-22-15-37-15-18c775.png" src="https://static-media-stage-cdn.itsre-sumo.mozilla.net/static/sumo/img/placeholder.gif" title="">\
\
\
</span> and choose <span class="for" data-for="win"><span class="button">Options</span>.</span><span class="for" data-for="mac,linux"><span class="button">Preferences</span>.</span>\
\
</li><li> ಆಯ್ಕೆ ಮಾಡಿ <span class="menu">General</span> ಪ್ಯಾನೆಲ್.\
</li><li> In the Startup box under <em>Home Page:</em> click <span class="button">Restore to Default</span>.<br><span class="for" data-for="win">\
\
\
  \
\
\
\
\
\
\
\
<img alt="HomePage-Fx34Win" class="wiki-image frameless lazy" data-original-src="https://user-media-stage-cdn.itsre-sumo.mozilla.net/uploads/gallery/images/2014-12-15-03-01-12-de37fd.png" src="https://static-media-stage-cdn.itsre-sumo.mozilla.net/static/sumo/img/placeholder.gif" title="">\
\
\
</span><span class="for" data-for="mac">\
\
\
  \
\
\
\
\
\
\
\
<img alt="HomePage-Fx34Mac" class="wiki-image frameless lazy" data-original-src="https://user-media-stage-cdn.itsre-sumo.mozilla.net/uploads/gallery/images/2014-12-15-11-44-24-96889a.png" src="https://static-media-stage-cdn.itsre-sumo.mozilla.net/static/sumo/img/placeholder.gif" title="">\
\
\
 </span><span class="for" data-for="linux">\
\
\
  \
\
\
\
\
\
\
\
<img alt="HomePage-Fx34Lin" class="wiki-image frameless lazy" data-original-src="https://user-media-stage-cdn.itsre-sumo.mozilla.net/uploads/gallery/images/2014-12-16-10-35-40-d8c296.png" src="https://static-media-stage-cdn.itsre-sumo.mozilla.net/static/sumo/img/placeholder.gif" title="">\
\
\
</span>\
</li><li> Close the <em>about:preferences</em> page. Any changes you've made will automatically be saved.\
\
</li></ol>\
</div><div class="for" data-for="fx38"><p><em>ನೀವು ನಿಮ್ಮ ಮುಖಪುಟದ ಅಗತ್ಯಾನುಗುಣಗಳನ್ನು ಅಳಿಸಬೇಕು ಎಂದಿದ್ದಲ್ಲಿ, ನೀವು ಅದನ್ನು ಹೀಗೆ ಮಾಡಬಹುದು:</em>\
</p>\
<ol><li> Click the menu button <span class="for" data-for="not fx57">\
\
\
  \
\
\
\
\
\
\
\
<img alt="New Fx Menu" class="wiki-image frameless lazy" data-original-src="https://user-media-stage-cdn.itsre-sumo.mozilla.net/uploads/gallery/images/2014-01-10-13-08-08-f52b8c.png" src="https://static-media-stage-cdn.itsre-sumo.mozilla.net/static/sumo/img/placeholder.gif" title="">\
\
\
</span><span class="for" data-for="fx57">\
\
\
  \
\
\
\
\
\
\
\
<img alt="Fx57Menu" class="wiki-image frameless lazy" data-original-src="https://user-media-stage-cdn.itsre-sumo.mozilla.net/uploads/gallery/images/2017-10-22-15-37-15-18c775.png" src="https://static-media-stage-cdn.itsre-sumo.mozilla.net/static/sumo/img/placeholder.gif" title="">\
\
\
</span> and choose <span class="for" data-for="win"><span class="button">Options</span>.</span><span class="for" data-for="mac,linux"><span class="button">Preferences</span>.</span>\
\
</li><li> ಆಯ್ಕೆ ಮಾಡಿ <span class="menu">General</span> ಪ್ಯಾನೆಲ್.\
</li><li> In the Startup box under <em>Home Page:</em> click <span class="button">Restore to Default</span>.<br>\
\
\
  \
\
\
\
\
\
\
\
<img alt="restore default fx38" class="wiki-image frameless lazy" data-original-src="https://user-media-stage-cdn.itsre-sumo.mozilla.net/uploads/gallery/images/2015-05-11-19-58-02-074d5b.png" src="https://static-media-stage-cdn.itsre-sumo.mozilla.net/static/sumo/img/placeholder.gif" title="">\
\
\
\
</li><li> Close the <em>about:preferences</em> page. Any changes you've made will automatically be saved.\
\
</li></ol>\
</div>\
<h1 id="w_hchohahdhuhihuhhha-hshdhahuhahuhahchuhchlhihihghi">ತೊಂದರೆಗಳು ಎದುರಾಗುತ್ತಿವೆಯೇ?</h1>\
<p>ನಾವು ಉತ್ತರಗಳನ್ನು ಹೊಂದಿದ್ದೇವೆ:\
</p>\
<ul><li>If you keep getting the "Firefox has just updated" tab every time Firefox starts, see the article <a href="/kn/kb/firefox-says-its-just-updated-every-time-it-starts">Firefox says it's just updated every time it starts - how to fix</a>.\
</li><li> If your home page settings are not saved, see <a href="/kn/kb/how-to-fix-preferences-wont-save">How to fix preferences that won't save</a>.\
</li><li> If you can't see the Home button, have a look at <a href="/kn/kb/customize-firefox-controls-buttons-and-toolbars">Customize Firefox controls, buttons and toolbars</a>\
</li><li> If your home page was hijacked or automatically changed, see  <a href="/kn/kb/remove-toolbar-has-taken-over-your-firefox-search">Remove a toolbar that has taken over your Firefox search or home page</a>. \
</li></ul>\
<div class="for" data-for="win">\
<ul><li> If a page keeps opening even after you've removed a third-party toolbar and restored your home page, see <a href="/kn/kb/wrong-home-page-opens-when-i-start-firefox-how-fix">Wrong home page opens when I start Firefox - How to fix</a>\
</li></ul>\
</div>	kn
<p>REDIRECT <a href="/kn/kb/%E0%B2%AE%E0%B3%81%E0%B2%96%E0%B2%AA%E0%B3%81%E0%B2%9F%20%E0%B2%B9%E0%B3%8A%E0%B2%82%E0%B2%A6%E0%B2%BF%E0%B2%B8%E0%B3%81%E0%B2%B5%E0%B3%81%E0%B2%A6%E0%B3%81%20%E0%B2%B9%E0%B3%87%E0%B2%97%E0%B3%86">ಮುಖಪುಟ ಹೊಂದಿಸುವುದು ಹೇಗೆ</a>\
</p>	kn
<div class="for" data-for="not fx35"><div class="warning">This feature has been improved in the latest version of Firefox. <a href="/kn/kb/%E0%B2%AA%E0%B2%B0%E0%B2%BF%E0%B2%B7%E0%B3%8D%E0%B2%95%E0%B2%B0%E0%B2%A3%E0%B3%86-%E0%B2%AB%E0%B3%88%E0%B2%B0%E0%B3%8D%E0%B2%AB%E0%B2%BE%E0%B2%95%E0%B3%8D%E0%B2%B8%E0%B3%8D-%E0%B2%87%E0%B2%A4%E0%B3%8D%E0%B2%A4%E0%B3%80%E0%B2%9A%E0%B2%BF%E0%B2%A8-%E0%B2%86%E0%B2%B5%E0%B3%83%E0%B2%A4%E0%B3%8D%E0%B2%A4%E0%B2%BF">Firefox ಅನ್ನು ಇತ್ತೀಚಿನ ಆವೃತ್ತಿಗೆ ಪರಿಷ್ಕರಿಸಿ</a> to use the improved version.</div></div>\
<p></p>\
ನಿಮಗೆ Firefox ನೊಂದಿಗೆ ತೊಂದರೆಗಳಿದ್ದಲ್ಲಿ, ಪುನಶ್ಚೇತನಗೊಳಿಸುವುದು ಸಹಾಯಕವಾಗಬಲ್ಲದು. ಪುನಶ್ಚೇತನ ವೈಶಿಷ್ಟ್ಯ Firefox ಅನ್ನು ಅದರ ಪೂರ್ವನಿಯೋಜಿತ ಸಿದ್ಧತೆಗಳಿಗೆ ಮರಳಿಹೊಂದಿಸುವುದರೊಂದಿಗೆ ನಿಮ್ಮ ಅತಿ ಅವಶ್ಯ ದತ್ತಾಂಶಗಳಾದ ಪುಟಗುರುತುಗಳು, ಗುಪ್ತಪದಗಳು, ಮತ್ತು ತೆರೆದ ಹಾಳೆಗಳನ್ನು ಉಳಿಸಿಕೊಳ್ಳುತ್ತದೆ.. <div class="note"><strong>ಟಿಪ್ಪಣಿ:</strong> ಎಕ್ಸ್‌ಟೆನ್ಷನ್ ಮತ್ತು ಎಕ್ಸ್‌ಟೆನ್ಷನ್ ದತ್ತಾಂಶಗಳನ್ನು ತೆಗೆದುಹಾಕಲಾಗುತ್ತದೆ.</div>\
<h1 id="w_firefox-hehahehihuhohihchehuhohhhlhiha">Firefox ಪುನಶ್ಚೇತನಗೊಳಿಸು</h1>\
<p></p><ol><li>Click this <a class="btn btn-submit" data-mozilla-ui-reset="reset" href="#">Refresh Firefox</a> button directly, if you are viewing this page in Firefox.<br><strong>This won't work if you are using a different browser or on a mobile device.</strong>\
<ul><li>You can also find a Refresh Firefox button at the top of the Firefox <em>about:support</em> <a href="/kn/kb/use-troubleshooting-information-page-fix-firefox">Troubleshooting Information</a> page.  \
</li></ul>\
</li><li>To continue, click <span class="button">Refresh Firefox</span> in the confirmation window that opens.\
</li><li>Firefox will close to refresh itself. When finished, a window will list your imported information. Click <span class="button">Finish</span> and Firefox will open.\
</li></ol>\
<p>\
\
</p><div class="note"><strong>Note:</strong> There's also a Refresh Firefox button in the <a href="/kn/kb/troubleshoot-firefox-issues-using-safe-mode">Firefox Safe Mode</a> window, if you can't start Firefox normally. If you are unable to find the Refresh Firefox button on your version of Firefox, you can also do a manual refresh by creating a new profile. See <a href="/kn/kb/recovering-important-data-from-an-old-profile#w_create-a-new-firefox-profile">instructions on how to create a new profile</a>.</div>\
<p></p>\
<h1 id="w_hehahehihuhohihche-hihnhihlhihuhchuhg-haheha-hghahahahchuhchdhi">ಪುನಶ್ಚೇತನ ವೈಶಿಷ್ತ್ಯ ಏನು ಮಾಡುತ್ತದೆ.?</h1>\
<p>All of your Firefox settings and personal information are stored in a <a href="/kn/kb/profiles-where-firefox-stores-user-data">profile folder</a>. The refresh feature works by creating a new profile folder for you while saving your important data.\
</p><p>Add-ons which are normally stored inside the Firefox profile folder, such as <a href="https://addons.mozilla.org/firefox/extensions/">extensions</a> and <a href="/kn/kb/use-themes-change-look-of-firefox">themes</a>, will be removed. Add-ons stored in other locations, such as <a href="/kn/kb/use-plugins-play-audio-video-games">plugins</a>, will not be removed but any modified preferences (such as plugins you have disabled) will be reset.\
</p>\
<h2 id="w_firefox-hn-hihihhhuhlhehihahuhhhehuheha-hohhhlhihahchuhchdhi">Firefox ಈ ಕೆಳಗಿನವುಗಳನ್ನು ಉಳಿಸುತ್ತದೆ:</h2>\
<ul><li>ಪುಟಗುರುತುಗಳು\
</li><li>ಜಾಲಾಟದ ಇತಿಹಾಸ\
</li><li>ಗುಪ್ತಪದಗಳು\
</li><li>ತೆರೆದ ಕಿಟಕಿಗಳು, ಹಾಳೆಗಳು ಮತ್ತು ಹಾಳೆಗಳ ಗುಂಪುಗಳು\
</li><li>ಕುಕಿಗಳು\
</li><li>ವೆಬ್ ಪಾರ್ಮ್ ಸ್ವಯಂ ತುಂಬುವಿಕೆ ಮಾಹಿತಿ\
</li><li>ವೈಯುಕ್ತಿಕ ನಿಘಂಟು\
</li></ul>\
<h2 id="w_these-items-and-settings-will-be-removed">These items and settings will be removed:</h2>\
<ul><li><a href="/kn/kb/find-and-install-add-ons-add-features-to-firefox">Extensions and themes</a>, website permissions, modified preferences, <a href="/kn/kb/add-or-remove-search-engine-firefox#w_add-a-search-engine">added search engines</a>, <a href="/kn/kb/where-find-and-manage-downloaded-files-firefox">download history</a>, DOM storage, <a href="/kn/kb/advanced-panel-settings-in-firefox#w_certificates-tab">security certificate and device settings</a>, <a href="/kn/kb/change-firefox-behavior-when-open-file">download actions</a>, plugin settings, <a href="/kn/kb/customize-firefox-controls-buttons-and-toolbars">toolbar customizations</a>, user styles and <a href="/kn/kb/add-social-features-firefox-sidebar">social features</a> will be removed.\
</li></ul>\
<div class="note"><strong>Note:</strong> Your old Firefox profile will be placed on your desktop in a folder named "Old Firefox Data". If the <span class="for" data-for="not fx35">reset</span><span class="for" data-for="fx35">refresh</span> didn't fix your problem you can restore some of the information not saved by <a href="/kn/kb/recovering-important-data-from-an-old-profile#w_copying-files-between-profile-folders">copying files to the new profile that was created</a>. If you don't need this folder any longer, you should delete it as it contains sensitive information.</div>	kn
	kn
<p>(ಇದು <a href="/kn/kb/firefox-menu-icon-missing-android-how-access-menu"> below the screen on some devices</a> ಅಥವಾ ವೀಕ್ಷಕದ ಮೇಲ್ಬಾಗದ ಬಲಬದಿಯಲ್ಲಿ)\
</p>	kn
<p>(ನೀವು ಮೊದಲಿಗೆ <span class="menu">ಮತ್ತಷ್ಟು</span> ಇದನ್ನು ತಟ್ಟಬೇಕಾಗಬಹುದು)\
</p>	kn
<div class="note"><strong>ಟಿಪ್ಪಣಿ: ಈ ಲೇಖನವು ನಿಮ್ಮ Firefox ಆವೃತ್ತಿಗೆ ಅನ್ವಯಿಸುವುದಿಲ್ಲ.</strong> ಇದಕ್ಕೆ ಇತ್ತೀಚಿನ Firefox {{{channel}}} ಆವೃತ್ತಿ ಅವಶ್ಯವಿದ್ದು ಅದನ್ನು ಇಲ್ಲಿಂದ ಡೌನ್‌ಲೋಡ್ ಮಾಡಿಕೊಳ್ಳಬಹುದು <a href="http://www.mozilla.org/{{{slug}}}">mozilla.org/{{{slug}}}</a>.</div>	kn
<ol><li><a href="http://helpx.adobe.com/flash-player/kb/video-playback-issues.html#main_Solve_video_playback_issues">this Adobe Flash Player Help page</a>ಗೆ ಹೋಗಿ.  \
</li><li>ಆ ಪುಟದ <span class="for" data-for="win,linux">Right-click</span><span class="for" data-for="mac">Hold down the <span class="key">Ctrl</span> key while you click</span>\
 ಫ್ಲಾಷ್ ಪ್ಲೇಯರ್ ಲೋಗೋ ಮೇಲೆ, ನಂತರ <span class="menu">ಸಿದ್ಧತೆಗಳು</span> ಮೇಲೆ ಸಂದರ್ಭ ಮೆನುವಿನಲ್ಲಿ ಕ್ಲಿಕ್ಕಿಸಿ. ಅಡೋಬ್ ಪ್ಲಾಷ್ ಪ್ಲೇಯರ್ ಸಿದ್ಧತೆಗಳು ತೆರೆಯು ಮೇಲೆ ತೆರೆದುಕೊಳ್ಳುತ್ತದೆ.\
</li><li> ಅಡೋಬ್ ಪ್ಲಾಷ್ ಪ್ಲೇಯರ್ ಸಿದ್ಧತೆಗಳ ಕಿಟಕಿಯ ಕೆಳಭಾಗದ ಚಿನ್ಹೆ ಮೇಲೆ ಕ್ಲಿಕ್ ಮಾಡಿ ಪ್ರದರ್ಶಕ ಪ್ಯಾನೆಲ್ ತೆರೆಯಿರಿ.\
</li><li> <strong>ಹಾರ್ಡ್‌ವೇರ್ ಆಕ್ಸಲರೇಷನ್ ಸಕ್ರಿಯಗೊಳಿಸಿ</strong>ನಿಂದ ಚೆಕ್ ಗುರುತು ತೆಗೆಯಿರಿ. <br> <br>\
\
\
  \
\
\
\
\
\
\
\
<img alt="fpSettings1.PNG" class="wiki-image frameless lazy" data-original-src="https://user-media-stage-cdn.itsre-sumo.mozilla.net/uploads/gallery/images/fpSettings1.png" src="https://static-media-stage-cdn.itsre-sumo.mozilla.net/static/sumo/img/placeholder.gif" title="">\
\
\
 <br>\
</li><li> <span class="button">ಮುಚ್ಚು</span> ಕ್ಲಿಕ್ಕಿಸಿ ಅಡೋಬ್ ಫ್ಲಾಷ್ ಪ್ಲೇಯರ್ ಸಿದ್ದತೆಗಳ ಕಿಟಕಿಯನ್ನು ಮುಚ್ಚಿ.\
</li><li> Firefox ಮತ್ತೆ ಪ್ರಾರಂಭಿಸಿ.\
</li></ol>	kn
<p><span class="menu">ಅಗತ್ಯಾನುಗುಣಗೊಳಿಸುವಿಕೆ ನಿರ್ಗಮನ</span> ಕ್ಲಿಕ್ಕಿಸಿ ನಿಮ್ಮ ಬದಲಾವಣೆಗಳನ್ನು ಉಳಿಸಿ.\
</p>	kn
	kn
	kn
	kn
