<p>Sassöy nawigëe ci web bi, seu nawigatër daflay dìmbali ci fatèlèku ay informaçion yu bàari ci site yi nge diotà diar.\
</p><p>Batàxal bi dafàlay wône nakëe nay fompé sày xibaru diàr-diàr, jumtukàyu sàytu ak jàangat yuñu diñtie.\
</p><div class="for" data-for="not fxos2.1">\
<h1 id="w_fompae-diar-diar">Fompë diar-diar</h1>\
<p>jëeriñiol sùumb bi so bëegé Firefox fatè site yi nge diotà diar.\
</p>\
<ol><li> Ubìl nawigatër bu Firefox.\
</li><li> Bësal ci tiatù nawigatër bi, ci wétu barû URL bi.\
<dl><dt>\
\
\
  \
\
\
\
\
\
\
\
<img alt="browser-tab" class="wiki-image frameless lazy" data-original-src="https://user-media-stage-cdn.itsre-sumo.mozilla.net/uploads/gallery/images/2014-09-17-13-57-56-8e3f1b.png" src="https://static-media-stage-cdn.itsre-sumo.mozilla.net/static/sumo/img/placeholder.gif" title="">\
\
\
 \
</dt></dl>\
</li><li> Bësal ci ranièwukay machìine <span class="for" data-for="not fxos2.0">\
\
\
  \
\
\
\
\
\
\
\
<img alt="gear icon" class="wiki-image frameless lazy" data-original-src="https://user-media-stage-cdn.itsre-sumo.mozilla.net/uploads/gallery/images/2014-06-13-01-42-16-c1469d.png" src="https://static-media-stage-cdn.itsre-sumo.mozilla.net/static/sumo/img/placeholder.gif" title="">\
\
\
</span><span class="for" data-for="fxos2.0">\
\
\
  \
\
\
\
\
\
\
\
<img alt="fxos gear" class="wiki-image frameless lazy" data-original-src="https://user-media-stage-cdn.itsre-sumo.mozilla.net/uploads/gallery/images/2014-09-19-15-29-14-fae005.png" src="https://static-media-stage-cdn.itsre-sumo.mozilla.net/static/sumo/img/placeholder.gif" title="">\
\
\
</span> \
</li><li> Bësal ci buton <span class="button">Clear browsing history</span>, so parè nge bëss buton <span class="button">OK</span> ngìr dëgàl.\
</li></ol>\
<h1 id="w_fompae-jumtukayu-saytu-yi-ak-djaaagat-yuagu-diagtie">Fompë jumtukayu saytu yi ak djàagat yuñu diñtie</h1>\
<p>Sumb bi dafày fompë karàngëe yu site web yi diñtie ci say jàr-jàr, bolëçi ngëenél yi nge amône pour site web yoyùu.\
</p>\
<ol><li> Ubìl nawigatër bu Firefox.\
</li><li> Bësal ci tiatù nawigatër bi, ci wétu baruu URL bi.\
<dl><dt>\
\
\
  \
\
\
\
\
\
\
\
<img alt="browser-tab" class="wiki-image frameless lazy" data-original-src="https://user-media-stage-cdn.itsre-sumo.mozilla.net/uploads/gallery/images/2014-09-17-13-57-56-8e3f1b.png" src="https://static-media-stage-cdn.itsre-sumo.mozilla.net/static/sumo/img/placeholder.gif" title="">\
\
\
\
</dt></dl>\
</li><li> Bësal ci ranièwukay machìine <span class="for" data-for="not fxos2.0">\
\
\
  \
\
\
\
\
\
\
\
<img alt="gear icon" class="wiki-image frameless lazy" data-original-src="https://user-media-stage-cdn.itsre-sumo.mozilla.net/uploads/gallery/images/2014-06-13-01-42-16-c1469d.png" src="https://static-media-stage-cdn.itsre-sumo.mozilla.net/static/sumo/img/placeholder.gif" title="">\
\
\
</span><span class="for" data-for="fxos2.0">\
\
\
  \
\
\
\
\
\
\
\
<img alt="fxos gear" class="wiki-image frameless lazy" data-original-src="https://user-media-stage-cdn.itsre-sumo.mozilla.net/uploads/gallery/images/2014-09-19-15-29-14-fae005.png" src="https://static-media-stage-cdn.itsre-sumo.mozilla.net/static/sumo/img/placeholder.gif" title="">\
\
\
</span>.\
</li><li> Sò parè nge bëss buton {buton fompë jumtukày saytu ak jàngat yuñu diñtie}, so nopè nge bëss <span class="button">OK</span> pour dëgal.\
</li></ol>\
</div><div class="for" data-for="fxos2.1">\
<h1 id="w_fompae-jaar-jaar-wi">Fompë jàr-jàr wi</h1>\
<p>Jëefàndikol sùumb bi so bëggè Firefox fatè site web yi nge diotëe jàar.\
</p>\
<ol><li> Bëssal ci rañièwukay karàngëe sissà ékran akëëy. \
</li><li> Watièl te bëss ci <em>Nawiggë ci sutura</em>.\
</li><li> Bëssal ci buton  {buton Fompë jàr-jàr nawigaçion}.\
</li><li> Bëssal ci {buton Fompë} ngìir dëggal.\
</li></ol>\
<h1 id="w_fompae-jumtukayu-saytu-yi-ak-djaaagat-yuagu-diagtie_2">Fompë jumtukayu saytu yi ak djàagat yuñu diñtie</h1>\
<p>Sumb bi dafày fompë karàngëe yu site web yi diñtie ci say jàr-jàr, bolëçi ngëenél yi nge amône pour site web yoyùu.\
</p>\
<ol><li> Bëssal ci rañièwukay karàngëe sissà ékran akëëy. \
</li><li> Watièl te bëss ci <em>Nawiggë ci sutura</em>.\
</li><li> Bëssal ci buton {buton Fompë jùmtukayu saytu ak jangàt yiñu diñtie}.\
</li><li> Bëssal {buton  Fompë} ngir dëgàl .\
</li></ol>\
</div>	wo
<h1 id="w_soppi-laaak-bimu-nieuwae">Soppi làak bimu nieuwè</h1>\
<p>Wérifiel bubax ndax ya ngi ci se page akëey. \
</p>\
<ol><li> Ubil aplikaçion réglaçi <span class="for" data-for="not fxos1.4">\
\
\
  \
\
\
\
\
\
\
\
<img alt="the Settings app" class="wiki-image frameless lazy" data-original-src="https://user-media-stage-cdn.itsre-sumo.mozilla.net/uploads/gallery/images/2013-02-09-08-06-27-f4f707.png" src="https://static-media-stage-cdn.itsre-sumo.mozilla.net/static/sumo/img/placeholder.gif">\
\
\
</span><span class="for" data-for="=fxos1.4">\
\
\
  \
\
\
\
\
\
\
\
<img alt="Settings 1.4" class="wiki-image frameless lazy" data-original-src="https://user-media-stage-cdn.itsre-sumo.mozilla.net/uploads/gallery/images/2014-09-17-14-12-05-a6673a.png" src="https://static-media-stage-cdn.itsre-sumo.mozilla.net/static/sumo/img/placeholder.gif" title="">\
\
\
</span><span class="for" data-for="fxos2.0">\
\
\
  \
\
\
\
\
\
\
\
<img alt="Settings- 2.0 (small)" class="wiki-image frameless lazy" data-original-src="https://user-media-stage-cdn.itsre-sumo.mozilla.net/uploads/gallery/images/2014-09-13-13-26-11-5254e7.png" src="https://static-media-stage-cdn.itsre-sumo.mozilla.net/static/sumo/img/placeholder.gif" title="">\
\
\
</span>.\
</li><li> Watial ci walù <strong>Perssonalization</strong> nge bëss ci làk bi.\
<dl><dt><span class="for" data-for="not fxos2.0">\
\
\
  \
\
\
\
\
\
\
\
<img alt="(Screenshot)" class="wiki-image frameless lazy" data-original-src="https://user-media-stage-cdn.itsre-sumo.mozilla.net/uploads/gallery/images/2013-02-09-09-13-30-555e32.png" src="https://static-media-stage-cdn.itsre-sumo.mozilla.net/static/sumo/img/placeholder.gif">\
\
\
</span><span class="for" data-for="fxos2.0">\
\
\
  \
\
\
\
\
\
\
\
<img alt="V2.0" class="wiki-image frameless lazy" data-original-src="https://user-media-stage-cdn.itsre-sumo.mozilla.net/uploads/gallery/images/2013-02-09-09-13-30-555e32.png" src="https://static-media-stage-cdn.itsre-sumo.mozilla.net/static/sumo/img/placeholder.gif">\
\
\
</span> \
</dt></dl>\
</li><li> Cii ékran bi tòop, Bëssal ci mënu watièkay bi ngìr guiss list bu làak yo mëna am yëep.\
<dl><dt>\
\
\
  \
\
\
\
\
\
\
\
<img alt="change_language" class="wiki-image frameless lazy" data-original-src="https://user-media-stage-cdn.itsre-sumo.mozilla.net/uploads/gallery/images/2013-04-23-16-51-37-e07b18.png" src="https://static-media-stage-cdn.itsre-sumo.mozilla.net/static/sumo/img/placeholder.gif" title="">\
\
\
\
</dt></dl>\
<ul><li>Mark bi  mi ngilay rañié lo làak biñie jëel fimnè.\
</li></ul>\
</li><li> Bëssal ci làk bila gënal, so nopé nge bëss <span class="button">OK</span> pour firnèl li nge tàne.\
</li></ol>\
<div class="note"> <strong>Da nge bëgg bok?</strong> Pour jàngat sistèmu Firefox ci se làk, xolal <a href="/get-involved/l10n">Translate Help Articles!</a> </div>	wo
<p>Lìdi <a class="new" href="/wo/kb/new?title=l%C3%A0ne+moy+Marketplace+bu+Firefox%3F" title="Xët wii amul.">Marketplace</a> bène magassìn boüy bagé ay aplikaçion yuñiu dëfar pour seu téléfònu sitém Firefox. Bàtaxal bi daflay wöone nakëe nàalène di raniéwé bä inçtalélène.\
</p>\
<div id="toc"><h2>Tablo Ëmbiit yi</h2><ul><li class="toclevel-1"><a href="#w_raagiae-aplikaadion-yu-djaeggi-dayo"><span class="tocnumber">1</span> <span class="toctext">Rañié aplikaçion yu djéggi dayo</span></a></li><li class="toclevel-1"><a href="#w_instalae-aplikaadion"><span class="tocnumber">2</span> <span class="toctext">Instalè aplikaçion</span></a></li><li class="toclevel-1"><a href="#w_laane-mo-wuutelae-marketplace-bi-ak-seet-baedi-sopeku"><span class="tocnumber">3</span> <span class="toctext">Làne mo wuutelè Marketplace bi ak Seet bìdi sopeku ?</span></a></li></ul></div>\
<h1 id="w_raagiae-aplikaadion-yu-djaeggi-dayo">Rañié aplikaçion yu djéggi dayo</h1>\
<p>So ibbè Marketplace bi di në giss listù aplikaçion yiñiu le xélal ak ci siiw.\
</p>\
<dl><dd>\
\
\
  \
\
\
\
\
\
\
\
<img alt="Marketplace Home" class="wiki-image frameless lazy" data-original-src="https://user-media-stage-cdn.itsre-sumo.mozilla.net/uploads/gallery/images/2014-10-09-17-42-19-bc5986.png" src="https://static-media-stage-cdn.itsre-sumo.mozilla.net/static/sumo/img/placeholder.gif" title="">\
\
\
\
</dd></dl>\
<ul><li> Yòne wi ci kaw dinalë diimbali nge saytu aplikaçion yi ci sène bëssay, sène cìway, walëe hèet biñiu bok.\
</li><li>Cii louler, kanamu Marketplace bunè amnà kàzu seetukay bulay diimbali nge giss li ngë nek di wëer\
<dl><dd>\
\
\
  \
\
\
\
\
\
\
\
<img alt="new marketplace search" class="wiki-image frameless lazy" data-original-src="https://user-media-stage-cdn.itsre-sumo.mozilla.net/uploads/gallery/images/2014-09-19-15-30-13-06a943.png" src="https://static-media-stage-cdn.itsre-sumo.mozilla.net/static/sumo/img/placeholder.gif" title="">\
\
\
\
</dd></dl>\
</li><li>So néké di saytu, bëssal ci aplikaçion bumù mëenti nek ngiir hol détày yu melni  ay kapture ékran,  essplikaçion yu gëena léér ak xalàt yussi am.\
</li></ul>\
<h1 id="w_instalae-aplikaadion">Instalè aplikaçion</h1>\
<p><em>Instalè aplikaçion gawnëe té yombnë.</em>\
</p>\
<ol><li> So gissé aplikaçion bo bëeg instalè, bëssal ci buton bu bleu bi. Soudé aplikaçion bi amul faay, buton bi dinalàko wax. Soudé aplikaçion bi daafay latiè xaliss, djëek bi dinà fèñie ci buton bi.\
<dl><dd>\
\
\
  \
\
\
\
\
\
\
\
<img alt="Free and paid apps" class="wiki-image frameless lazy" data-original-src="https://user-media-stage-cdn.itsre-sumo.mozilla.net/uploads/gallery/images/2013-10-16-09-36-06-d16ac2.png" src="https://static-media-stage-cdn.itsre-sumo.mozilla.net/static/sumo/img/placeholder.gif" title="">\
\
\
\
</dd><dd><div class="note"><strong>xamaal:</strong> Yòne biñiuy djëende aplikaçion dafay wuttë cii fimuy diaar ak dëek bi ne nek. Tòpal rek tektàl yii ci ékran bi.</div>\
</dd></dl>\
</li><li>Dëegalal ni da në bëgg inçtalè aplikaçion bi cii kàw nge bëss buton <span class="button">Install</span>.\
<ul><li> Së aplikaçion bi dinañiu lako jëlil te bene rañiéwukay dinà féñie ci ekran akeuy bi.\
<dl><dd>\
\
\
  \
\
\
\
\
\
\
\
<img alt="Twitter installed" class="wiki-image frameless lazy" data-original-src="https://user-media-stage-cdn.itsre-sumo.mozilla.net/uploads/gallery/images/2013-10-16-09-38-04-4a0c43.png" src="https://static-media-stage-cdn.itsre-sumo.mozilla.net/static/sumo/img/placeholder.gif" title="">\
\
\
 \
</dd></dl>\
</li></ul>\
</li></ol>\
<h1 id="w_laane-mo-wuutelae-marketplace-bi-ak-seet-baedi-sopeku">Làne mo wuutelè Marketplace bi ak Seet bìdi sopeku ?</h1>\
<p>Marketplace bi ak seet bìdi sopeku dañuy dioxé niari jàngat yu wuutè pour jëli aplikaçion yi. Marketplace bi bene marssé le buñiu tahawaal ngiir téléfòn sistému Firefox. Seet bìdi sopeku dafay giss site web yu téléfòn yù mëna instalè wu ak di doxe kom ay aplikaçion\
</p>\
<ul><li>So bëgge am yénéne xibaar, xolal <a class="new" href="/wo/kb/new?title=j%C3%ABf%C3%A0ndiko+Seet+b%C3%ACdi+sopeku+ngir+ra%C3%B1i%C3%A9+aplika%C3%A7ion+yi" title="Xët wii amul.">jëfàndiko Seet bìdi sopeku ngir rañié aplikaçion yi</a>.\
</li></ul>	wo
<p>Xélal yi dafadone list aplikaçion buñiu yëssal djalèlko askan wi. Xélal yòyu daniuko tëg ci ay suumb yuñu jëelé ci sutura ci xibarù instalaçion wu askân yu nek ci Marketplace bi.\
</p><p>\
\
\
  \
\
\
\
\
\
\
\
<img alt="app recommendations" class="wiki-image frameless lazy" data-original-src="https://user-media-stage-cdn.itsre-sumo.mozilla.net/uploads/gallery/images/2015-08-17-14-56-32-0aef2d.png" src="https://static-media-stage-cdn.itsre-sumo.mozilla.net/static/sumo/img/placeholder.gif" title="">\
\
\
\
</p>\
<div id="toc"><h2>Tablo Ëmbiit yi</h2><ul><li class="toclevel-1"><a href="#w_kane-mahoy-giis-xaelalu-aplikaadion-yi"><span class="tocnumber">1</span> <span class="toctext">Kane mòoy giis xélalu aplikaçion yi?</span></a></li><li class="toclevel-1"><a href="#w_nakaa-ngay-talae-sakmb-bi-walaaa-faayko"><span class="tocnumber">2</span> <span class="toctext">Nakà ngay talè sümb bi walàa faayko ?</span></a></li><li class="toclevel-1"><a href="#w_nakalaaa-sistaemu-xaelal-yi-di-doxae"><span class="tocnumber">3</span> <span class="toctext">Nakalàa sistèmu xélal yi di doxé?</span></a></li><li class="toclevel-1"><a href="#w_naka-lanuy-dajjaalae-xibar-yi-ak-diko-jeuriagio"><span class="tocnumber">4</span> <span class="toctext">Naka lanuy dajjàlé xibar yi ak diko jeuriñio?</span></a></li></ul></div>\
<h1 id="w_kane-mahoy-giis-xaelalu-aplikaadion-yi">Kane mòoy giis xélalu aplikaçion yi?</h1>\
<p>Xélalu aplikaçion yu nek cii Markeplace bi dañukay baxé ndaw yi :\
</p>\
<ul><li> àm komptù Firefox tëy çii duug suñuy jeufàndiko Marketplace\
</li><li> Naangù djot ci xélal yi\
</li></ul>\
<h1 id="w_nakaa-ngay-talae-sakmb-bi-walaaa-faayko">Nakà ngay talè sümb bi walàa faayko ?</h1>\
<p>Mëene nge tane bok wala banià bok sasounè. Tàane banià bok dinëe tah tamit ñiuy bañië di jëfànediko säy xibar (ci sutürà) pour saytù xélal yi.\
</p>\
<ol><li> Sabo duggë, bëssal ci ranièwukay bu réglass yi, so nopé nge tàne {menû Sopi Réglasu Kompt}.\
<dl><dt>\
\
\
  \
\
\
\
\
\
\
\
<img alt="account settings marketplace" class="wiki-image frameless lazy" data-original-src="https://user-media-stage-cdn.itsre-sumo.mozilla.net/uploads/gallery/images/2014-11-21-14-29-30-2e5d8a.png" src="https://static-media-stage-cdn.itsre-sumo.mozilla.net/static/sumo/img/placeholder.gif" title="">\
\
\
\
</dt></dl>\
</li><li> Kossël ci <em>Waw, nañu may wone ay xélal ci aplikaçion yima inçtalé.</em> bul kossë so beugoul.\
</li></ol>\
<h1 id="w_nakalaaa-sistaemu-xaelal-yi-di-doxae">Nakalàa sistèmu xélal yi di doxé?</h1>\
<p>Sistèmu xélal bu Marketplace Firefox di jariñio ndaw yi nioka tahawàal <a href="http://www.tid.es/research/areas/recommender-systems">Telefonica Research Labs</a>.\
Sistèm bi  dafäy dioxé aplikaçion yu gëne tëy ñu ranié ko çi yu bàari. Bàala ngay tahawàal béne aplikaçion sistèm bi dafläy xélal ay aplikaçion yu sïw tëy ndawyi diko jeufànediko.\
</p><p><br>\
Yone bi ñiu gëuna raniè te sistèmu xélal bi dikò jeufàndiko ngi tuud\
<a href="http://en.wikipedia.org/wiki/Collaborative_filtering"><em>collaborative filtering</em> (CF)</a>. Doon ne sistèm buy dioxé ay xélal yuñu ranié pour jeufàndikukat yi, mukay jeulë ci xalatu yenene ndaw yusi am béne chäfka bi.\
</p><p><br>\
Xam-xam bu CF bu ranié bimuy jeufàndiko mi ngi tùud Matrice Factorizaçion, mi ngi joggë ci <a href="http://sifter.org/~simon/journal/20061211.html">here</a>. Sùumb binuy jeufàndiko ci bopàm niu ngikay firi ci <a href="http://www.karenchurch.com/blog/wp-content/uploads/2012/02/tensorcofi-cikm12.pdf">this research paper</a>. Danuy rek di jeufàndiko ci soutourà instalaçion wu aplikaçion bu ndaw yi wantii duniu jëel bénéne xétu xibaar biñu firi ci kàayit bi lu mèlni  wüt se këer waleu beureubu liggÿukay.\
</p>\
<div class="note"><strong>Pour ñii di déwelopé:</strong> Kode (bu ùbëku) pour motalli sumb bi mi ngi nek ci:\
<a href="https://github.com/grafos-ml/test.fm/blob/master/src/testfm/models/tensorcofi.py">https://github.com/grafos-ml/test.fm/blob/master/src/testfm/models/tensorcofi.py</a>. Guìinaw kode  bu serwëer  (tuud Frappe) bu sistèmu xélal yi ngi nék çi: <a href="https://github.com/grafos-ml/frappe">https://github.com/grafos-ml/frappe</a>. .</div>\
<h1 id="w_naka-lanuy-dajjaalae-xibar-yi-ak-diko-jeuriagio">Naka lanuy dajjàlé xibar yi ak diko jeuriñio?</h1>\
<p>So duggë ci Marketplace bi nge tahawàal say aplikaçion, Marketplace bi dafay dintie aplikaçion bi, dëek biñiuko tahawalè, bëesbi ak wahtu bu instalaçion bi, ak tamit laàk biñu tamuu, walàa diñdi aplikaçion bi.\
</p><p>Xibaru ndaw yiñuy jeufàndiko ci säytu xalat yi amneu:\
</p>\
<ul><li> aplikaçion ak bëes instalàçion bi\
</li><li> lakku dëek bu banékhukat bi\
</li><li> lakku banékhukat bi\
</li></ul>\
<p>So jeufàandiko aplikaçion yi te duggo ci sistèm bi, Marketplace bi bobà du mëna dintie say instalaçion tëy du dintie bénéne xibar budùul aplikaçion bène ndäw bu nékk ci bène dëek moka instalè.\
</p><p>Xibaar yëep ñiu ngikay dìntie tëy diko jàagat ci bìr Mozilla Virtual Private Network. Duñiu mëessa sëed béne xibar ak ngiiy tahäwal aplikaçion yi tëy ñiu ngi nangù dox ci chartù yònu sutuura Bu Marketplace bi wàahni duñu jeufàandiko xibar yi loudoul pour yok banéhù ndaw yiikay jëerniò.\
</p>	wo
<p>Kompt Firefox dinàlay bayi này jeuriño ci ay mayu Mozilla ci bëp téléfôn ak nawigätëer bu Firefox wala sistèmu Firefox ci kàw rek ngë dugg cii. Lëp li nge soxla pour tahàwaal kompt Firefox môy bène imeel ak batù jàl.\
</p>\
<h1 id="w_naaka-lay-ammae-ci-komptu-firefox-yi">Nàka lay ammè ci Komptu Firefox yi ?</h1>\
<p>Mëene nge dëm ci page bu bìindukay bi ci bëp serwiss Mozilla, wala sàaytu <a href="https://accounts.firefox.com/signup">Page bu bìindu ci Kompt Firefox</a> ak tòp jàar-jàar yi si sûuf:\
</p>\
<ol><li>Duggalàl  së batù imeel, batù jàal ak se atü judû, so parè nge bëss {buton dugg}.\
</li><li>Sou imeel nànggu bi dikkè, bëssal ci yonù saytu bi.\
</li><li> Sasù niu saytò seu Kompt bi,  dùggal ci mayù Mozilla yulà gëenal ak së Kompt bu bëes bi. \
</li></ol>\
<div class="note">Sò amé jàffè-jaffè ci saytu se kompt, niu ngilay niàne nge hol <a class="new" href="/wo/kb/new?title=Da+me+%C3%A0m+j%C3%A0ff%C3%A8-j%C3%A0ff%C3%A8+pour+d%C3%ABggal+sam%C3%A0+Kompt+Firefox+bu+b%C3%ABs+bi" title="Xët wii amul.">Da me àm jàffè-jàffè pour dëggal samà Kompt Firefox bu bës bi</a>.</div>\
<h1 id="w_yaane-maay-la-maeenaa-jeuriaguu-ak-kompt-mozilla">Yàne mày la mëenà jeuriñuu ak kompt Mozilla?</h1>\
<p>Màyu Mozilla yìy topë mëene ngakà äm fimné :\
</p><div class="for" data-for="not fx38">\
<ol><li><strong><a class="new" href="/wo/kb/new?title=%3C%2Fstrong%3EN%C3%A0kalaay+K%C3%B2nfig%C3%BCr%C3%A9+Firefox+Sync%26nbsp%3B%3F%3Cstrong%3E+" title="Xët wii amul."> Firefox Sync</a>:</strong> Dugggal ci say xibaru saytu, yü melni ay xamëwukày, jàar-jàar yi, batù jal ak übi ay page yu baari ci ay aparëey yu wutè ci kàw rek nge duug seu kompt Firefox.\
</li><li><strong><a class="new" href="/wo/kb/new?title=L%C3%A0ne+moy+Marketplace%3F+" title="Xët wii amul."> Firefox Marketplace</a>:</strong> jëundàl, fayal say aplikaçion ci ay anàm yu wöor, yökal tëy top guiss-guiss yussi àm, ak di duug ci biblìotèk aplikaçion yi ci say aparëy yëp.\
</li><li><strong><a class="new" href="/wo/kb/new?title=Firefox+Na+ng%C3%AB+def-+waxt%C3%A0nu+wideo+ak+b%C3%A0at+en+li%C3%B1ie+" title="Xët wii amul."> Firefox Na ngë def</a></strong>: Jëefàndikol wideo ak woté bàat bu Firefox ngir waxtàn ak say xarìit ak xétu waxtànu bàat. Kompt Firefox daflày mäy ngày jeuriño ci ay sumb yuñu rañié, lu mélni list Kontact wanti donùul luñiu latié pour jeuriño yu jëek yi.\
</li><li><strong><a class="new" href="/wo/kb/new?title=O%C3%B9t+sam%C3%A0+ap%C3%A0r%C3%ABy-+Nak%C3%A0+lay+w%C3%AB%C3%ABr%C3%A9+sam%C3%A0+ap%C3%A0r%C3%ABy+bu+sist%C3%A8mu+Firefox+" title="Xët wii amul."> Oùt sama apàrëy</a></strong>: Oùt, tëëj, walà éfacë bène apàrëy Firefox bu rëer lëp ak jeufàndiko se ordinatër rek.\
</li></ol>\
</div><div class="for" data-for="fx38">\
<ol><li><strong><a class="new" href="/wo/kb/new?title=%3C%2Fstrong%3EN%C3%A0kalaay+K%C3%B2nfig%C3%BCr%C3%A9+Firefox+Sync%26nbsp%3B%3F%3Cstrong%3E+" title="Xët wii amul."> Firefox Sync</a>:</strong> Dugggal ci say xibaru saytu, yü melni ay xamëwukày, jàar-jàar yi, batù jal ak übi ay page yu baari ci ay aparëey yu wutè ci kàw rek nge duug seu kompt Firefox.\
</li><li><strong><a class="new" href="/wo/kb/new?title=L%C3%A0ne+moy+Marketplace%3F+" title="Xët wii amul."> Firefox Marketplace</a>:</strong> jëendàl fayal say aplikaçion ci ay anàm yu wöor, yökkal tëy top guiss-guiss yussi àm, ak di duug ci biblìotèk aplikaçion yi ci say aparëy yëp.\
</li><li><strong><a class="new" href="/wo/kb/new?title=Firefox+Na+ng%C3%AB+def+-+waxt%C3%A0nu+wideo+ak+b%C3%A0at+en+li%C3%B1ie+" title="Xët wii amul."> Firefox Na ngë def</a></strong>: Jëfàndikol wideo ak woté bàat bu Firefox ngir waxtàn ak say xarìit ak xétu waxtànu bàat. Kompt Firefox daflày mäy ngày jeuriño ci ay sumb yuñu rañié, lu mélni list Kontact wanti donùul luñiu latié pour jeuriño yu jëek yi.\
</li><li><strong><a class="new" href="/wo/kb/new?title=O%C3%B9t+sam%C3%A0+ap%C3%A0r%C3%ABy-+Nak%C3%A0+lay+w%C3%AB%C3%ABr%C3%A9+sam%C3%A0+ap%C3%A0r%C3%ABy+bu+sist%C3%A8mu+Firefox+" title="Xët wii amul."> Oùt sama apàrëy</a></strong>: Oùt, tëëj, walà éfacë bène apàrëy Firefox bu rëer lëp ak jeufàndiko se ordinatër rek.\
</li><li><strong><a class="new" href="/wo/kb/new?title=D%C3%ACntie+j%C3%A0ngat+bi+pour+b%C3%A9n%C3%A9ne+y%C3%B6one+ak+Pocket+bu+Firefox+" title="Xët wii amul."> Pocket çi Firefox</a></strong>: Dìntie ay pàge web ci samëe list lektur. \
</li></ol>\
</div>	wo
<p>WhatsApp mënokò instalè direktëment ci se téléf\\on Firefox, wanti amnë yénéne yòne yu gàw, lu melni ConnectA2. Di nge jàngat tamit yenene yonù waxtane yu melni mèssage Facebook walë LINE.\
</p><p><br>\
</p>\
<div class="note"><strong>Xamlè:</strong> Mëna àm <a href="https://marketplace.firefox.com/search?q=whatsapp">third-party apps</a> ñiu mëna waxtane cii WhatsApp</div>\
<div id="toc"><h2>Tablo Ëmbiit yi</h2><ul><li class="toclevel-1"><a href="#w_client-bu-whatsapp-connecta2"><span class="tocnumber">1</span> <span class="toctext">Client bu WhatsApp: ConnectA2</span></a></li><li class="toclevel-1"><a href="#w_maessages-facebook"><span class="tocnumber">2</span> <span class="toctext">Mèssages Facebook</span></a></li><li class="toclevel-1"><a href="#w_maessazu-line"><span class="tocnumber">3</span> <span class="toctext">Mèssazu LINE</span></a></li></ul></div> \
<h1 id="w_client-bu-whatsapp-connecta2">Client bu WhatsApp: ConnectA2</h1>\
<p>ConnectA2 bène Client WhatsApp lë bu lay maay ngay yoni ak di diòte mèssage, natàl ak widéo  çi jëfàndiko protocol WhatsApp. \
</p>\
<ol><li> Instalè <a href="https://marketplace.firefox.com/app/connecta2">ConnectA2</a> cii  bu Firefox.\
</li><li> Ubìil ConnectA2 nge toop tèktàl yi ngiir duggäl se pseudo, deuk ak numèro téléfon. Bayiil rznièwukay ci ginaw <span class="menu">WhatsApp NET Experimental</span> so parè ne continuè çi ékran bi ci tòp.\
</li><li> Di nge diòt mèssage tèxt bu am numero dëegal. Duggalàl numero dëeggl bobu ci inwite bu ConnectA2.\
</li><li> So parè ne tòop inwite bi nge nekal se kompt, parè nge pour di waxtane!\
</li></ol>\
<div class="note">ConnectA2 aplikaçion bopam lë daara bolewuko ak WhatsApp. ConnectA2 mi ngi sogë dòr. So amè ay jàffè-jàffè ak aplikaçion bi, ñiu nilay niaane nge jokko ak dewelopër yu ConnectA2. </div>\
<h1 id="w_maessages-facebook">Mèssages Facebook</h1>\
<p><em>Gaawal mèssage këp ko xam ci Facebook.</em>\
</p>\
<ol><li>Instalèl Facebook ci <a href="https://marketplace.firefox.com/app/facebook-1">Facebook Firefox Marketplace</a> soudè amaguuloko.\
</li><li> Ubiil aplikaçion bu Facebook, bëssal ci raniéwukay bu mèssage nge tàne buton waxtane bu bès bi.<br>\
\
\
  \
\
\
\
\
\
\
\
<img alt="New FB Message" class="wiki-image frameless lazy" data-original-src="https://user-media-stage-cdn.itsre-sumo.mozilla.net/uploads/gallery/images/2013-09-27-15-04-24-a6d3d3.png" src="https://static-media-stage-cdn.itsre-sumo.mozilla.net/static/sumo/img/placeholder.gif" title="">\
\
\
\
</li><li>Tambaliil biinde turu nit ki nge bëeg rek bene list bu say xarit daadi fèñie. So giissè ki nge bëeg, bëessal ci tur bi.<br>\
\
\
  \
\
\
\
\
\
\
\
<img alt="Select a friend" class="wiki-image frameless lazy" data-original-src="https://user-media-stage-cdn.itsre-sumo.mozilla.net/uploads/gallery/images/2013-09-27-15-06-18-5e1aaa.png" src="https://static-media-stage-cdn.itsre-sumo.mozilla.net/static/sumo/img/placeholder.gif" title="">\
\
\
\
<ul><li>Pour yok kènène ci waxtane bi, bëessal ci ndèy-dioru tuur bu jëek après nge bëes turu bènène xarit. So nopé nge bëes ci turu ki ne bëeg yok.<br>\
\
\
  \
\
\
\
\
\
\
\
<img alt="Add a friend" class="wiki-image frameless lazy" data-original-src="https://user-media-stage-cdn.itsre-sumo.mozilla.net/uploads/gallery/images/2013-09-27-16-22-03-002ad6.png" src="https://static-media-stage-cdn.itsre-sumo.mozilla.net/static/sumo/img/placeholder.gif" title="">\
\
\
\
</li></ul>\
</li><li>Lèggi mëene nge tàmbali bawardè. Buul fate door buton <span class="button">Yonè</span> so parè biinde sa mèssage.\
</li></ol>\
<h1 id="w_maessazu-line">Mèssazu LINE</h1>\
<p><strong>Sëddol natal tey waxtane ak say xarit fep ci aduuna.</strong>\
</p>\
<div class="note"><strong>Xamlè:</strong> LINE amnà çi taag-taag bi ci ay kilian Telefónica ak jëefandukat yinek ci bènène dëek bu amuul Telefónica. Soudé Telefónica amna ci se dëek wanti do kilian, LINE dinà ma tamit pour iow fi ak jurom-bène weer.</div>\
<ol><li> Instalèl LINE cii yòone wi <a href="https://marketplace.firefox.com/app/line?#id=477640">Marketplace</a> ci së téléfon Firefox.\
</li><li> Dawalàl aplikaçion bu LINE bi. Topal tektàl yi ci ekran bi ngir biindu ci kompt bu bës walë nge duug soudè am nge kompt ba nopi.\
</li><li> So duugë ba parè, mëene nge tàne jëel ci sassi say xarit ci se karné wu téléfon. Pour yok say xarit bène-bène, demal ci ekran bu tòp, lalal  <span class="menu">xarit</span> ranièwukay ci menu bussi kaaw nge bëes <span class="menu">Yok Xarit</span> pour sét ak ID.<br> \
\
\
  \
\
\
\
\
\
\
\
<img alt="add friends line" class="wiki-image frameless lazy" data-original-src="https://user-media-stage-cdn.itsre-sumo.mozilla.net/uploads/gallery/images/2014-02-06-23-18-56-db8fc9.png" src="https://static-media-stage-cdn.itsre-sumo.mozilla.net/static/sumo/img/placeholder.gif" title="">\
\
\
 \
</li><li> So yokè se xarit ba paré, mëene nge tambali waxtàne! Lalal ci balon bu waxtane bi ci menu bissi kaw, so parè <span class="menu">Waxtane bu bess</span>. <br>\
\
\
  \
\
\
\
\
\
\
\
<img alt="start chat line" class="wiki-image frameless lazy" data-original-src="https://user-media-stage-cdn.itsre-sumo.mozilla.net/uploads/gallery/images/2014-02-07-00-21-04-60b0a2.png" src="https://static-media-stage-cdn.itsre-sumo.mozilla.net/static/sumo/img/placeholder.gif" title="">\
\
\
\
</li><li> Taànal xarit yi ne bëeg waxtanàl nge bëes <span class="menu">Waxtanr</span> ngir ùbii fenètre waxtane bi. <br> \
\
\
  \
\
\
\
\
\
\
\
<img alt="group chat line" class="wiki-image frameless lazy" data-original-src="https://user-media-stage-cdn.itsre-sumo.mozilla.net/uploads/gallery/images/2014-02-06-23-36-33-aa8af3.png" src="https://static-media-stage-cdn.itsre-sumo.mozilla.net/static/sumo/img/placeholder.gif" title="">\
\
\
\
</li><li> Soudè aràf yi doyuñiula, mëene nge wonè se bop ak ay natal. Cii kaaw fenètre waxtanukay bi, laalal fèlèch bi ngir giss yi mëena nek ci waxtane bobulé. Ci fofuu, mëene nge yonè natal, taal notifikaçion yi walà fayko walë blokè bene niit. <br> \
\
\
  \
\
\
\
\
\
\
\
<img alt="more chat options line" class="wiki-image frameless lazy" data-original-src="https://user-media-stage-cdn.itsre-sumo.mozilla.net/uploads/gallery/images/2014-02-06-23-56-44-93da65.png" src="https://static-media-stage-cdn.itsre-sumo.mozilla.net/static/sumo/img/placeholder.gif" title="">\
\
\
\
</li></ol>\
<div class="note"><strong>Tip:</strong> Nékalal gruup pour say xarit yilëe gëenal. Di nge mëena dem cei së gruupu waxtane ci lu yomb çii say listu kontakt list.</div>\
<p><br>\
</p><p> \
\
</p>	wo
<p>Sistemu Firefox daflay bayi ci lu yomb nge def Mussik, natal ak wideo çi së aparey ci kaw nge jëli lene ci së nawigatër. Xolal fi nimuy doxé.\
</p>\
<div class="warning"><strong>wideo YouTube:</strong> Ndax sopeku bu  bess ci konfiguraçion bu Youtube, jëfàndukat yi dotuniu mënati jëli ay wideo ci sene nawigatër.</div>\
<div class="for" data-for="not fxos1.1"><p></p><div class="note"><strong>Note:</strong> Djeuriñiu bi mi ngi am ci sistému Firefox toluwayu 1.1 bi ak yi ci téggü. Hamulo bane toluwayu sistému Firefox nge am? <a class="new" href="/wo/kb/new?title=Naka+la+meuna+xamm%C3%A9+sama+toluwayu+sist%C3%A9mu+Firefox" title="Xët wii amul.">Ni ngako meuna xamé.</a></div> \
<p></p></div>\
<h2 id="w_jaeli-waey-wideo-ak-natal"><strong>Jëli wëy, Wideo ak Natal</strong></h2>\
<div class="for" data-for="not fxos1.4">\
<ol><li>Balà tambali, nalë wör ni së reglass par defau dòne në dintie ci memoire telefon bi:\
<ul><li>Ci bir reglassi<em> aplikaçion, bësal ci <strong>Memoire dìntiubkay</strong>.\
</em>\
</li><li>Ci menu <em>bërabu dìntubkay par defau</em>, tanàl  <span class="menu">Ci biir</span>.\
<dl><dt>\
\
\
  \
\
\
\
\
\
\
\
<img alt="internal storage" class="wiki-image frameless lazy" data-original-src="https://user-media-stage-cdn.itsre-sumo.mozilla.net/uploads/gallery/images/2014-04-16-17-41-38-d1efad.png" src="https://static-media-stage-cdn.itsre-sumo.mozilla.net/static/sumo/img/placeholder.gif" title="">\
\
\
\
</dt></dl>\
</li><li>Bene bataxal dinalë xamal ni li nay def di në fenie ci fi nay dintie sày mejjàa. Kontinel ci kaw nge bës {buton Sopi}, ak ci ekran bi tòp <span class="button">Ok</span>.\
</li></ul>\
</li><li>Unil nawigatër Firefox nge jël, fichè wideo walë natal bi nge bëg dintie.\
</li><li>bës bu gudd (bës te teko) ci fichè bi lu tolòk niari (2) seconds pour indi pinc dintie bi.<br><br>Nataal "bës bu gudd fichè audio bi" amul.\
</li><li>bësal ci button <span class="button">Dintie</span> bene bataxal dinala nandal ni së fichè bi dintie naniuko.\
<dl><dt>\
\
\
  \
\
\
\
\
\
\
\
<img alt="Audio saved" class="wiki-image frameless lazy" data-original-src="https://user-media-stage-cdn.itsre-sumo.mozilla.net/uploads/gallery/images/2013-09-30-16-02-07-a25799.png" src="https://static-media-stage-cdn.itsre-sumo.mozilla.net/static/sumo/img/placeholder.gif" title="">\
\
\
\
</dt></dl>\
<ul><li>Fichè audio yi ñu nikay dintie ci aplikaçion Music.\
</li><li>Natal yi ñu nikay dinte ci aplikaçion Gallery.\
</li><li>Wideo  yi ñu nikay dinte ci aplikaçion Video.\
</li></ul>\
</li></ol>\
</div><div class="for" data-for="fxos1.4">\
<ol><li>Ubil nawigatër bu Firefox nge jëli wëy, fichè wideo walë natal bi nge bëg dintie.\
</li><li>bës bu gudd (bës te teko) ci fichè bi lu tolòk niari (2) seconds pour indi penc dintie bi.<br><br>Nataal "bës bu gudd fichè audio bi" amul.\
</li><li>bësal ci button <span class="button">Dintie</span> bene bataxal dinala nandal ni së fichè bi dintie naniuko.\
</li><li>Ubil aplikaçion bi yelo ngiir nge gis fichè bi nge dintie:\
<ul><li>Fichè Audio bi ñu nikay dintie ci aplikaçion Music.\
</li><li>Natal yi ñu nikay dintie ci aplikaçion Gallery.\
</li><li>Wideo yi ñu nikay dintie ci aplikaçion  Video.\
</li></ul>\
</li></ol>\
</div>	wo
<p>Aplikaçion imeel moy yone bi gëne pour ligëy ak imeel ci sistemu Firefox. Leral bi dalàay xamal nakë nay yoke se imeel ci se aplikaçion koompte.\
</p>\
<ol><li>Ubìl aplikaçion Imeel<span class="for" data-for="not fxos1.4">\
\
\
  \
\
\
\
\
\
\
\
<img alt="email 1.3" class="wiki-image frameless lazy" data-original-src="https://user-media-stage-cdn.itsre-sumo.mozilla.net/uploads/gallery/images/2014-09-17-15-06-27-25d416.png" src="https://static-media-stage-cdn.itsre-sumo.mozilla.net/static/sumo/img/placeholder.gif" title="">\
\
\
</span><span class="for" data-for="=fxos1.4">\
\
\
  \
\
\
\
\
\
\
\
<img alt="email 1.4" class="wiki-image frameless lazy" data-original-src="https://user-media-stage-cdn.itsre-sumo.mozilla.net/uploads/gallery/images/2014-09-17-15-06-57-56f4d3.png" src="https://static-media-stage-cdn.itsre-sumo.mozilla.net/static/sumo/img/placeholder.gif" title="">\
\
\
</span><span class="for" data-for="fxos2.0">\
\
\
  \
\
\
\
\
\
\
\
<img alt="email 2.0" class="wiki-image frameless lazy" data-original-src="https://user-media-stage-cdn.itsre-sumo.mozilla.net/uploads/gallery/images/2014-09-17-15-06-02-8674c4.png" src="https://static-media-stage-cdn.itsre-sumo.mozilla.net/static/sumo/img/placeholder.gif" title="">\
\
\
</span> ci se aparey. \
</li><li> Di ne gis ekran<em>Koompte bu bes</em> ci se ubì bu djëkk bu aplikaçion Imeel. duggàlal se tuur, adrès imeel ak kéréyé bàtu jal.\
<dl><dt><span class="for" data-for="not fxos2.0">\
\
\
  \
\
\
\
\
\
\
\
<img alt="email_setup" class="wiki-image frameless lazy" data-original-src="https://user-media-stage-cdn.itsre-sumo.mozilla.net/uploads/gallery/images/2013-04-19-07-26-33-65525f.png" src="https://static-media-stage-cdn.itsre-sumo.mozilla.net/static/sumo/img/placeholder.gif" title="">\
\
\
</span><span class="for" data-for="fxos2.0">\
\
\
  \
\
\
\
\
\
\
\
<img alt="email_setup 2.0" class="wiki-image frameless lazy" data-original-src="https://user-media-stage-cdn.itsre-sumo.mozilla.net/uploads/gallery/images/2014-09-17-15-14-36-0c83f5.png" src="https://static-media-stage-cdn.itsre-sumo.mozilla.net/static/sumo/img/placeholder.gif" title="">\
\
\
</span>\
</dt><dt><div class="note">So gissul ekran bu Koompt bu bes bi, bësal ci raniewukay \
\
\
  \
\
\
\
\
\
\
\
<img alt="Orange FxOS button" class="wiki-image frameless lazy" data-original-src="https://user-media-stage-cdn.itsre-sumo.mozilla.net/uploads/gallery/images/2013-09-27-17-38-08-4b4c66.png" src="https://static-media-stage-cdn.itsre-sumo.mozilla.net/static/sumo/img/placeholder.gif" title="">\
\
\
 ci së tiamôñu ekran, \
</div></dt></dl>\
</li></ol>\
<p>If you don't see the New Account screen, tap on the menu icon \
\
\
  \
\
\
\
\
\
\
\
<img alt="Orange FxOS button" class="wiki-image frameless lazy" data-original-src="https://user-media-stage-cdn.itsre-sumo.mozilla.net/uploads/gallery/images/2013-09-27-17-38-08-4b4c66.png" src="https://static-media-stage-cdn.itsre-sumo.mozilla.net/static/sumo/img/placeholder.gif" title="">\
\
\
 on the top left corner of the screen, topçi mandargawu parametar koompte \
\
\
  \
\
\
\
\
\
\
\
<img alt="Gray FxOS settings gear" class="wiki-image frameless lazy" data-original-src="https://user-media-stage-cdn.itsre-sumo.mozilla.net/uploads/gallery/images/2013-09-27-17-42-42-da44aa.png" src="https://static-media-stage-cdn.itsre-sumo.mozilla.net/static/sumo/img/placeholder.gif" title="">\
\
\
 ci suuf ci së tiamonie, bësal <span class="button">Yokk Koompte</span>.\
</p>\
<ol><li>Bësal <span class="button">Bi ci top</span> ngìr kéréyé së koompte imeel. Parè në lëp!\
<dl><dt><div class="for" data-for="fxos1.3"><div class="note"><strong>Koompte POP3</strong>: So amè imeel koompte POP3, bësal ci yonu <strong>Konfiguraçion manuel</strong>. Ci suuf <em>Tiip d Koompte,</em> tanàl <span class="menu">POP3+SMTP</span> nge diekkali ci se informaçion koompte yüla së fuurnissër mèssageri bu POP3.</div></div>\
</dt></dl>\
</li></ol>\
<p>Ngir yenene xibar ci nakalë imeel di doxé, xolal <a class="new" href="/wo/kb/new?title=Binde+k+yon%C3%A8+imeel+ci+sistemu+Firefox" title="Xët wii amul.">Binde k yonè imeel ci sistemu Firefox</a>.\
</p>\
<div class="note"><strong>Notes:</strong>\
<ol><li> S*ê telefòn warnë <a class="new" href="/wo/kb/new?title=Konektewu+-+yon%C3%B9+Wi-Fi+ak+reso+telef%C3%B2n" title="Xët wii amul.">konektewu ci Internet ak Wi-Fi walë reso telefòn</a> ngìr kéréyé  së koompte.\
</li><li>Aplikaçion imeel duulë màay nge kéréyé koompte imeel bu bes. Dafàlay rekk mày nge yokk koompte imeel bu àm be parè. So bëgge koompte imeel bu bes, ñu ngilày niane nge  kéréyé koompte bu bes ci së site fuurnissër mèssageri bàla ngakay yokk ci së aplikaçion imeel.\
</li><li>Fìmnè, bene fuurnissër site web biñuu atàne moy Hotmail, Yahoo ak Gmail. Mëne nge konfigure yenene koompte tamit ci k`w ne bës <span class="menu"><strong>Konfiguraçion manuel</strong></span> ci ekran koompte bu bes.\
</li></ol>\
</div>\
	wo
<p>Yène ci suñiu xibaru ndìmbël yi dañuy wax cii ay wersion sistému Firefox te mëna ya ngi bëgg xam bane wersion nge àm. Bùul jaxlè, yombnë xam. Ni nay def:\
</p>\
<ol><li>Ubìl réglassu aplikaçion yi çi se aparéy.\
</li><li>Watial nge tàne <strong>informaçion aparëy bi</strong>.\
</li><li>Ci ekran bu informaçion aparëy bi, xolal numèro wersion bi ci <em>Lozissièl</em>.\
<ul><li><em>Firefox OS 1.0.1.0</em> mi ngi tekki wersion 1.0.1 ne yor\
</li><li><em>Firefox OS 1.1.0.0</em> mi ngi tekki wersion 1.1 ne yor\
</li></ul>\
</li></ol>\
<p>Ngiir yénéne xibar ci naka ngay yëssalè se aparey, xolal <a class="new" href="/wo/kb/new?title=Nakk%C2%A8lay+xol%C3%A9+ndax+amn%C2%A8ay+y%C3%ABssalu+sist%C3%A9m+Firefox+ngir+instal%C3%A8+lene%3F" title="Xët wii amul.">Nakk¨lay xolé ndax amn¨ay yëssalu sistém Firefox ngir instalè lene?</a>\
</p>	wo
<p>Dalal ak jàmb ci sistemu Firefox! Leral bi  dafày firì bëp maay te dinalë tahawu ngir ne tambali. Mingo ne tamit ak ay leral yoy mëna saytu benene yone\
</p>\
<div id="toc"><h2>Tablo Ëmbiit yi</h2><ul><li class="toclevel-1"><a href="#w_konektewul"><span class="tocnumber">1</span> <span class="toctext">Konektewul!</span></a></li><li class="toclevel-1"><a href="#w_oait-ay-aplikaadion-yu-bax"><span class="tocnumber">2</span> <span class="toctext">Oùt ay aplikaçion yu bax</span></a><ul><li class="toclevel-2"><a href="#w_jaeli-ak-instale-ay-aplikaadion-yuy-jogae-ci-marketplace-bi"><span class="tocnumber">2.1</span> <span class="toctext">Jëli ak instale ay aplikaçion yuy jogé ci Marketplace bi</span></a></li><li class="toclevel-2"><a href="#w_seet-bidae-sopeku-dafalaay-bayae-ne-raagiae-aplikaadion-yuu-defaraat"><span class="tocnumber">2.2</span> <span class="toctext">Seet bidì sopeku dafalày bayì ne rañié aplikaçion yu~u defaraat</span></a></li></ul></li><li class="toclevel-1"><a href="#w_jaeli-ak-gaerae-say-kontakt"><span class="tocnumber">3</span> <span class="toctext">Jëli ak géré say Kontakt</span></a></li><li class="toclevel-1"><a href="#w_jaefaaandiko-maessaj-ngir-di-jokko"><span class="tocnumber">4</span> <span class="toctext">Jëfàandiko méssaj ngir di jokko</span></a></li><li class="toclevel-1"><a href="#w_konfigiraadion-imeel"><span class="tocnumber">5</span> <span class="toctext">Konfigiraçion imeel</span></a></li><li class="toclevel-1"><a href="#w_def-waey-ci-sae-telefon"><span class="tocnumber">6</span> <span class="toctext">Def wëy ci së telefon</span></a></li></ul></div>\
<h1 id="w_konektewul">Konektewul!</h1>\
<p>Së telefon Firefox dafày ñiëw ak konekçion buy tax nge nekk en liñie so neke ci yòne.\
Mëne nge tamit konektewu ci reso Wi-Fi bi nge xamni faràl ne di gàw te donè yi nay jëriño fofù  du bokk ak  së konekçion reso operatër.\
</p><p>Ngìr konektewu ci reso Wi-Fi:\
</p>\
<ol><li>Ubìl aplikaçion Parametar nge tàne <span class="menu">Wi-Fi</span>.\
</li><li>Talal Wi-Fi bi so nopè ne bës ci reso bu ubeku ngir konektewu ci.\
</li></ol>\
<p>Pour yenene xibar, xolal <a class="new" href="/wo/kb/new?title=Nakal%C3%A0y+konektewo+Wi-Fi+ci+sistemu+Firefox" title="Xët wii amul.">Nakalày konektewo Wi-Fi ci sistemu Firefox</a>.\
</p>\
<h1 id="w_oait-ay-aplikaadion-yu-bax">Oùt ay aplikaçion yu bax</h1>\
<p>Bene, ci ay mbìir yu gëne ci nakala së smartfòn di amè ay aplikaçion yuy yombalàl së duunde. Sistemu Firefox amnë niarì yone pour dimbalilë ngë xam aplikaçion yi.\
</p>\
<h2 id="w_jaeli-ak-instale-ay-aplikaadion-yuy-jogae-ci-marketplace-bi">Jëli ak instale ay aplikaçion yuy jogé ci Marketplace bi</h2>\
<p>Aplikaçion Marketplace amnë bëp xetu aplikaçion yu xarañe yulày xaar. Gawaal saytu aplikaçion yû siiw, bes ak yu mingo ak jamono. \
</p>\
<dl><dd>\
\
\
  \
\
\
\
\
\
\
\
<img alt="Marketplace Home" class="wiki-image frameless lazy" data-original-src="https://user-media-stage-cdn.itsre-sumo.mozilla.net/uploads/gallery/images/2014-10-09-17-42-19-bc5986.png" src="https://static-media-stage-cdn.itsre-sumo.mozilla.net/static/sumo/img/placeholder.gif" title="">\
\
\
\
</dd></dl>\
<p>Pour yenene xibar ci Marketplace bi,xolal <a class="new" href="/wo/kb/new?title=Nakal%C3%A0y+j%C3%ABle+ak+instal%C3%A8+aplika%C3%A7ion" title="Xët wii amul.">Nakalày jële ak instalè aplikaçion</a>.\
</p>\
<h2 id="w_seet-bidae-sopeku-dafalaay-bayae-ne-raagiae-aplikaadion-yuu-defaraat">Seet bidì sopeku dafalày bayì ne rañié aplikaçion yu~u defaraat</h2>\
<p>Sistemu Firefox amnë lu yombëe jëfàandiko, seet bidì sopeku. Bindal rek bene bàat, bu melni "sushi" ngir nge rañie aplikaçion mobil yuuni mel. Yene ci aplikaçion yi sax dañuy jëfàandiko lu melni fi ne nek ngir mëna defaràat liñu laay wone.\
</p>\
<ol><li>Bindal bene bàat ci penc seet bi.\
</li><li>So parè nge bës ci bene aplikaçion ngiir ne ésséyéko san nge téléssargé ko walë instalé ko.<br><br>\
<dl><dd><span class="for" data-for="not fxos2.0">\
\
\
  \
\
\
\
\
\
\
\
<img alt="Search apps" class="wiki-image frameless lazy" data-original-src="https://user-media-stage-cdn.itsre-sumo.mozilla.net/uploads/gallery/images/2013-10-02-00-11-30-7450e0.png" src="https://static-media-stage-cdn.itsre-sumo.mozilla.net/static/sumo/img/placeholder.gif" title="">\
\
\
</span><span class="for" data-for="fxos2.0">\
\
\
  \
\
\
\
\
\
\
\
<img alt="adaptive search 2.0" class="wiki-image frameless lazy" data-original-src="https://user-media-stage-cdn.itsre-sumo.mozilla.net/uploads/gallery/images/2014-10-10-17-30-34-9cfa7a.png" src="https://static-media-stage-cdn.itsre-sumo.mozilla.net/static/sumo/img/placeholder.gif" title="">\
\
\
</span>\
</dd></dl>\
</li></ol>\
<p>Ngiir ne jaang bëp mbir bo mëna def ak li, xolal <a class="new" href="/wo/kb/new?title=+j%C3%ABf%C3%A0ndiko+Seet+bib%C3%AC+sopeku+ngiir+ra%C3%B1ie+aplika%C3%A7ion+yi%C3%B1u+defaraat" title="Xët wii amul."> jëfàndiko Seet bibì sopeku ngiir rañie aplikaçion yiñu defaraat</a>.\
</p><p><br>\
</p>\
<h1 id="w_jaeli-ak-gaerae-say-kontakt">Jëli ak géré say Kontakt</h1>\
<p>Aplikaçion Kontact dafalày yombalaal wote walë méssage say niit.\
</p>\
<ul><li> Bësal buton mandarga  biçi ruuk bi ci kaw ci së ndèy-diooru aplikaçion kontakt ngiir ne jëli say kontakt sissë karte SIM, Facebook, Gmail, Outlook (ak Hotmail) walë ci se karte mémoire.<br><br>\
<dl><dd> <span class="for" data-for="not fxos2.0">\
\
\
  \
\
\
\
\
\
\
\
<img alt="Import contacts intro" class="wiki-image frameless lazy" data-original-src="https://user-media-stage-cdn.itsre-sumo.mozilla.net/uploads/gallery/images/2013-10-11-09-36-43-6d3ac2.png" src="https://static-media-stage-cdn.itsre-sumo.mozilla.net/static/sumo/img/placeholder.gif" title="">\
\
\
</span><span class="for" data-for="fxos2.0">\
\
\
  \
\
\
\
\
\
\
\
<img alt="firefox os contacts 2.0" class="wiki-image frameless lazy" data-original-src="https://user-media-stage-cdn.itsre-sumo.mozilla.net/uploads/gallery/images/2014-10-10-17-51-28-4136a9.png" src="https://static-media-stage-cdn.itsre-sumo.mozilla.net/static/sumo/img/placeholder.gif" title="">\
\
\
</span>\
</dd></dl>\
</li></ul>\
<p>Amnë yenene yu bàari yo mëna def - xolal  <a class="new" href="/wo/kb/new?title=j%C3%ABli%2C+yokk+ak+g%C3%A9r%C3%A9+say+kontakt+ci+sistemu+Firefox" title="Xët wii amul.">jëli, yokk ak géré say kontakt ci sistemu Firefox</a>\
</p>\
<h1 id="w_jaefaaandiko-maessaj-ngir-di-jokko">Jëfàandiko méssaj ngir di jokko</h1>\
<p>Aplikaçion message dafàlaay bayi nay yone ay méssaj yu gàt, natal ak wideo së ay xarit. Ngiir yone méssaj:\
</p>\
<ol><li> Ubìl aplikaçion méssaj <span class="for" data-for="not fxos2.0">\
\
\
  \
\
\
\
\
\
\
\
<img alt="sms app" class="wiki-image frameless lazy" data-original-src="https://user-media-stage-cdn.itsre-sumo.mozilla.net/uploads/gallery/images/2013-10-03-07-52-28-6ab771.png" src="https://static-media-stage-cdn.itsre-sumo.mozilla.net/static/sumo/img/placeholder.gif" title="">\
\
\
</span><span class="for" data-for="fxos2.0">\
\
\
  \
\
\
\
\
\
\
\
<img alt="messages 2.0" class="wiki-image frameless lazy" data-original-src="https://user-media-stage-cdn.itsre-sumo.mozilla.net/uploads/gallery/images/2014-10-10-18-05-31-de7093.png" src="https://static-media-stage-cdn.itsre-sumo.mozilla.net/static/sumo/img/placeholder.gif" title="">\
\
\
</span>.\
</li><li> Bësal button méssaj bu bes <span class="for" data-for="not fxos2.0">\
\
\
  \
\
\
\
\
\
\
\
<img alt="Editmessages" class="wiki-image frameless lazy" data-original-src="https://user-media-stage-cdn.itsre-sumo.mozilla.net/uploads/gallery/images/2013-10-03-07-53-46-705c8e.png" src="https://static-media-stage-cdn.itsre-sumo.mozilla.net/static/sumo/img/placeholder.gif" title="">\
\
\
</span><span class="for" data-for="fxos2.0">\
\
\
  \
\
\
\
\
\
\
\
<img alt="new email 2.0" class="wiki-image frameless lazy" data-original-src="https://user-media-stage-cdn.itsre-sumo.mozilla.net/uploads/gallery/images/2014-10-10-18-08-53-fbf995.png" src="https://static-media-stage-cdn.itsre-sumo.mozilla.net/static/sumo/img/placeholder.gif" title="">\
\
\
</span> ngìr tambali.\
</li><li> Ci penc <em>A :</em> mëne nge binde nimero telefon bu nit ki nge bëg yone méssaj bi walë nge bës ci buton kontakt <span class="for" data-for="not fxos2.0">\
\
\
  \
\
\
\
\
\
\
\
<img alt="contact button" class="wiki-image frameless lazy" data-original-src="https://user-media-stage-cdn.itsre-sumo.mozilla.net/uploads/gallery/images/2013-10-03-08-23-09-d7d18c.png" src="https://static-media-stage-cdn.itsre-sumo.mozilla.net/static/sumo/img/placeholder.gif" title="">\
\
\
</span><span class="for" data-for="fxos2.0">\
\
\
  \
\
\
\
\
\
\
\
<img alt="add contact 2.0" class="wiki-image frameless lazy" data-original-src="https://user-media-stage-cdn.itsre-sumo.mozilla.net/uploads/gallery/images/2014-10-10-18-15-00-3df0e6.png" src="https://static-media-stage-cdn.itsre-sumo.mozilla.net/static/sumo/img/placeholder.gif" title="">\
\
\
</span> ngìr yokk kène ci së aplikaçion kontakt.\
</li><li> Aprè nge binde ci penc méssaj bi nge bës  <span class="for" data-for="not fxos2.0"><span class="button">Yone</span> so parewè </span><span class="for" data-for="fxos2.0">\
\
\
  \
\
\
\
\
\
\
\
<img alt="send message 2.0" class="wiki-image frameless lazy" data-original-src="https://user-media-stage-cdn.itsre-sumo.mozilla.net/uploads/gallery/images/2014-10-10-18-18-17-2541d9.png" src="https://static-media-stage-cdn.itsre-sumo.mozilla.net/static/sumo/img/placeholder.gif" title="">\
\
\
 ngìr yone</span>.\
</li></ol>\
<p>xolal <a class="new" href="/wo/kb/new?title=Nakal%C3%A0ay+j%C3%ABfandiko+aplika%C3%A7ion+M%C3%A9ssaj" title="Xët wii amul.">Nakalàay jëfandiko aplikaçion Méssaj</a> pour bëp détay.\
</p>\
<h1 id="w_konfigiraadion-imeel">Konfigiraçion imeel</h1>\
<p>Sistemu Firefox \
Firefox OS dafày jël koompte Gmail, Yahoo ak Outlook (ak Hotmail) ci fimuuy géné ci boitàam.\
</p>\
<ul><li> Ubìl rek aplikaçion I-meel bi nge dugaal së tuur, adéress imeel, batù jaal nge bës <span class="button">Biçi tòp</span>. Li dess dafë automatik.<br><br>\
<dl><dd><span class="for" data-for="not fxos2.0">\
\
\
  \
\
\
\
\
\
\
\
<img alt="email_setup" class="wiki-image frameless lazy" data-original-src="https://user-media-stage-cdn.itsre-sumo.mozilla.net/uploads/gallery/images/2013-04-19-07-26-33-65525f.png" src="https://static-media-stage-cdn.itsre-sumo.mozilla.net/static/sumo/img/placeholder.gif" title="">\
\
\
</span><span class="for" data-for="fxos2.0">\
\
\
  \
\
\
\
\
\
\
\
<img alt="email_setup 2.0" class="wiki-image frameless lazy" data-original-src="https://user-media-stage-cdn.itsre-sumo.mozilla.net/uploads/gallery/images/2014-09-17-15-14-36-0c83f5.png" src="https://static-media-stage-cdn.itsre-sumo.mozilla.net/static/sumo/img/placeholder.gif" title="">\
\
\
</span>\
</dd></dl>\
</li></ul>\
<p>Da ne bëg yenene leral ci imeel? xolal <a class="new" href="/wo/kb/new?title=Binde+ak+Yone+Imeel+ci+Sistemu+Firefox" title="Xët wii amul.">Binde ak Yone Imeel ci Sistemu Firefox</a>\
</p><p><br>\
</p>\
<h1 id="w_def-waey-ci-sae-telefon">Def wëy ci së telefon</h1>\
<p>Yobu së mussik ak iow!\
</p>\
<ol><li> Taalàl dintiuu USB/\
<ul><li><span class="for" data-for="=fxos1.0"> Ubil aplikaçion Parametar, watial ci penc {dintie bimà gënal} ne bës <span class="menu">Unite mémoire</span>. Aparè, ci Unité d memoir, talaal <strong>dintiuu USB</strong>.</span><span class="for" data-for="fxos1.1"> Ubil Parametar aplikaçion yi, watiàl ci penc {dintie bimà gënal} nge tàal <strong>dintuu USB</strong>.</span>\
<dl><dt><span class="for" data-for="not fxos2.0">\
\
\
  \
\
\
\
\
\
\
\
<img alt="USB 1.1" class="wiki-image frameless lazy" data-original-src="https://user-media-stage-cdn.itsre-sumo.mozilla.net/uploads/gallery/images/2013-10-01-12-55-18-f3f6ed.png" src="https://static-media-stage-cdn.itsre-sumo.mozilla.net/static/sumo/img/placeholder.gif" title="">\
\
\
</span><span class="for" data-for="fxos2.0">\
\
\
  \
\
\
\
\
\
\
\
<img alt="usb storage 2.0" class="wiki-image frameless lazy" data-original-src="https://user-media-stage-cdn.itsre-sumo.mozilla.net/uploads/gallery/images/2014-10-10-18-34-57-c6370e.png" src="https://static-media-stage-cdn.itsre-sumo.mozilla.net/static/sumo/img/placeholder.gif" title="">\
\
\
</span>\
</dt></dl>\
</li></ul>\
</li><li> Konekté se aparey ci se ordinatër ak bene kabal USB.\
</li><li> Gilissel say wëy ci së karte memoire.\
<dl><dt><span class="for" data-for="win,linux">\
\
\
  \
\
\
\
\
\
\
\
<img alt="Drag music Win7" class="wiki-image frameless lazy" data-original-src="https://user-media-stage-cdn.itsre-sumo.mozilla.net/uploads/gallery/images/2013-10-01-15-16-01-5bb650.png" src="https://static-media-stage-cdn.itsre-sumo.mozilla.net/static/sumo/img/placeholder.gif" title="">\
\
\
</span><span class="for" data-for="mac">\
\
\
  \
\
\
\
\
\
\
\
<img alt="Drag music Mac" class="wiki-image frameless lazy" data-original-src="https://user-media-stage-cdn.itsre-sumo.mozilla.net/uploads/gallery/images/2013-10-01-18-56-14-798a14.png" src="https://static-media-stage-cdn.itsre-sumo.mozilla.net/static/sumo/img/placeholder.gif" title="">\
\
\
</span>\
</dt></dl>\
</li></ol>\
<p>Mëne nge tamit jëli ay wëy ci se nawigatër walë jòotko ci Bluetooth. xolal <a class="new" href="/wo/kb/new?title=Nak%C3%A0lay+defe++music+ci+sama+telefon+sist%C3%A9mu+Firefox" title="Xët wii amul.">Nakàlay defe  music ci sama telefon sistému Firefox</a> ngìr jàng nakala.\
</p>	wo
<p>Sa bo neke fou së telefon mëna amé réso (béne be djuromi bar ci kaw se ékran \
\
\
  \
\
\
\
\
\
\
\
<img alt="data-connection" class="wiki-image frameless lazy" data-original-src="https://user-media-stage-cdn.itsre-sumo.mozilla.net/uploads/gallery/images/2013-10-18-10-07-33-0a3e5a.png" src="https://static-media-stage-cdn.itsre-sumo.mozilla.net/static/sumo/img/placeholder.gif" title="">\
\
\
) di nge mëna yoné ak jot <a class="new" href="/wo/kb/new?title=naka+nay+def+beu+wot%C3%A9+" title="Xët wii amul."> apélu telefon] ak [[naka ngay djefanediko aplikaçion bu messaj</a>. Wanti pour lenene loumou mëne ti nék, lou melni jëriniuu ci web bi, imeel, walë xam doxinu karte yi, di nge soxla konekxion bu sa opérator. Ni nay def pour mëna xamni sassouné ya ngi konecté.\
</p><p><br> \
</p>\
 <div id="toc"><h2>Tablo Ëmbiit yi</h2><ul><li class="toclevel-1"><a href="#w_tal-seu-konekxion-bu-opaerator"><span class="tocnumber">1</span> <span class="toctext">Tal seu konekxion bu opérator</span></a></li><li class="toclevel-1"><a href="#w_konektaewu-cii-reso-wi-fi"><span class="tocnumber">2</span> <span class="toctext">Konektéwu cii reso Wi-Fi</span></a></li><li class="toclevel-1"><a href="#w_reglae-problemu-konekxion-yi"><span class="tocnumber">3</span> <span class="toctext">Reglé problemu konekxion yi</span></a><ul><li class="toclevel-2"><a href="#w_xolal-ndax-am-nge-konekxion-wi-fi-wala-raeso-operator-bi-ba-pare-ne-diaemat"><span class="tocnumber">3.1</span> <span class="toctext">xolal ndax am nge konekxion Wi-Fi wala réso operator bi ba pare ne diémat</span></a></li><li class="toclevel-2"><a href="#w_fompe-jumtukayou-saytu-yi-ak-xibar-yiniu-dintie-te-diaemaat"><span class="tocnumber">3.2</span> <span class="toctext">Fompe jumtukayou saytu yi ak xibar yiniu dintie te diémàt</span></a></li></ul></li></ul></div>\
<h1 id="w_tal-seu-konekxion-bu-opaerator">Tal seu konekxion bu opérator</h1>\
<p>"Talal gaw së konekxion walë fayko ci së ekran notifikaçion."\
</p>\
<ol><li>hëtial ci suf së barou notifikaçion bi nek ci kaw ci së ekran.\
</li><li>Bësal raniéwukay bu konekxion operator bi pour talko (koulor bleu) wala fayko (koulor gri).\
<dl><dt>\
\
\
  \
\
\
\
\
\
\
\
<img alt="Toggle data" class="wiki-image frameless lazy" data-original-src="https://user-media-stage-cdn.itsre-sumo.mozilla.net/uploads/gallery/images/2013-10-18-10-52-58-d93923.png" src="https://static-media-stage-cdn.itsre-sumo.mozilla.net/static/sumo/img/placeholder.gif" title="">\
\
\
\
</dt></dl>\
</li></ol>\
<div class="note"><strong>xamal:</strong> Raniéwukay konekxion bi dafay faral di dieul ay koulor yu nourowuul par rapor ak telefon bi nay konekté.</div> \
<div class="note"> <strong>xamal:</strong> utilissel <a class="new" href="/wo/kb/new?title=hol+don%C3%A9+ak+credi+ci+sist%C3%A9mu+Firefox" title="Xët wii amul.">xayma djëek bi</a> applikaçion pour saytu se toluway ak dileu yëgal sassòy wajjà jëxal.</div>\
<h1 id="w_konektaewu-cii-reso-wi-fi">Konektéwu cii reso Wi-Fi</h1>\
<p>Doné yùy diale ci <a href="http://en.wikipedia.org/wiki/Wi-fi">rézo Wi-Fi</a> douniu faral di dial ak konekxion bu reso telefon bi ndah reso Wi-Fi bi moy faral di gëna gaw. Pour konektéwu ak rézo Wi-Fi bi: \
</p>\
<ol><li>Ubil say reglàssu aplikaçion<span class="for" data-for="not fxos1.4">\
\
\
  \
\
\
\
\
\
\
\
<img alt="Settings 1.3" class="wiki-image frameless lazy" data-original-src="https://user-media-stage-cdn.itsre-sumo.mozilla.net/uploads/gallery/images/2014-09-17-14-14-42-a6673a.png" src="https://static-media-stage-cdn.itsre-sumo.mozilla.net/static/sumo/img/placeholder.gif" title="">\
\
\
</span><span class="for" data-for="=fxos1.4">\
</span></li></ol>\
<p>}\
\
\
  \
\
\
\
\
\
\
\
<img alt="Settings 1.4" class="wiki-image frameless lazy" data-original-src="https://user-media-stage-cdn.itsre-sumo.mozilla.net/uploads/gallery/images/2014-09-17-14-12-05-a6673a.png" src="https://static-media-stage-cdn.itsre-sumo.mozilla.net/static/sumo/img/placeholder.gif" title="">\
\
\
<span class="for" data-for="fxos2.0">\
\
\
  \
\
\
\
\
\
\
\
<img alt="Settings- 2.0 (small)" class="wiki-image frameless lazy" data-original-src="https://user-media-stage-cdn.itsre-sumo.mozilla.net/uploads/gallery/images/2014-09-13-13-26-11-5254e7.png" src="https://static-media-stage-cdn.itsre-sumo.mozilla.net/static/sumo/img/placeholder.gif" title="">\
\
\
</span> nge tane {mënu Wi-Fi}.\
</p>\
<ol><li>bu weso, bësal ci buton Wi-Fi bi pour talko, nge mëna tane reso you übéku ngìr konektéwu ci.\
<ul><li>soudé reso bouniu sekurissé le, fok nge duggàl batu jàal bi.\
</li></ul>\
</li></ol>\
<p>Së konekxion bu jëk ci reso Wi-Fi, cila sistému Firefox di dìntie lëp lou reso bobu di latié pour nga m*êne ci konektéwuwat benene yone sabo neké foy jàpè bobu konekxion mu defaral leu lëp loussi war.&lt;/div&gt;\
</p>\
<h1 id="w_reglae-problemu-konekxion-yi">Reglé problemu konekxion yi</h1>\
<p>Soudé da ngay diemë ubi ay site web walë nay jëfàne diko ay aplikaçion fek konektewo ci internet di nge gis méssaj bouy wah<em><strong>"gisuniu serweur bi"</strong></em> walë "konekxion bi jàfenë".\
</p>\
<dl><dt>\
\
\
  \
\
\
\
\
\
\
\
<img alt="No network connection" class="wiki-image frameless lazy" data-original-src="https://user-media-stage-cdn.itsre-sumo.mozilla.net/uploads/gallery/images/2013-10-18-11-45-25-478c09.png" src="https://static-media-stage-cdn.itsre-sumo.mozilla.net/static/sumo/img/placeholder.gif" title="">\
\
\
\
</dt></dl>\
<h2 id="w_xolal-ndax-am-nge-konekxion-wi-fi-wala-raeso-operator-bi-ba-pare-ne-diaemat">xolal ndax am nge konekxion Wi-Fi wala réso operator bi ba pare ne diémat</h2>\
<ol><li>Hëtial ci suf barou notifikaçion bi nek ci kaw ci së ékran.\
<dl><dt>\
\
\
  \
\
\
\
\
\
\
\
<img alt="Internet connection" class="wiki-image frameless lazy" data-original-src="https://user-media-stage-cdn.itsre-sumo.mozilla.net/uploads/gallery/images/2013-10-18-11-53-42-d6688a.png" src="https://static-media-stage-cdn.itsre-sumo.mozilla.net/static/sumo/img/placeholder.gif" title="">\
\
\
\
</dt></dl>\
</li><li>Soudé raniéwukay bou konekxion Wi-Fi bi walë réso opérator bi nékul koulor bu bleu, bësko ndah nge konektéwuwat.\
</li><li>Bësal ci {buton besatàal} ndah ngë dawalat page bi walë applikaçion bi.\
</li></ol>\
<div class="note"><strong>xalat:</strong>soy Konektéwuwat mënna jël bene walë niari minute pour dox "Diématal".</div> \
<h2 id="w_fompe-jumtukayou-saytu-yi-ak-xibar-yiniu-dintie-te-diaemaat">Fompe jumtukayou saytu yi ak xibar yiniu dintie te diémàt</h2>\
<p>Soudé xol nge ni ya ngi am konekxion bou Wi-Fi walë bu réso operator te terewul di gis eror <em>gissuniu serweur bi</em> soy diéma dawalat béne page web, mëna am site bobu mo am jàfè-jàfè.Fompal jumtukayu saytu yi ak doné yi seu ordinatër dintie meunala dimbali.\
</p>\
<ol><li>Bësal {buton menu} ci kaw ci seu ndéy dior pour oubi barou navigateur bi.\
</li><li>Bësal {buton menu} ci kaw pour oubi réglazu Firefox.\
</li><li>Bësal {buton diindi samay xibaru out ak jumtukay saytu yi}\
</li><li>Bësal <span class="button">OK</span>.\
</li><li>tëjàl fenetre bi nga bës {buton diémat} ci Firefox ngir mëna dawalat site bi.\
</li></ol>\
<p>Pour yenene xibar, xolal <a class="new" href="/wo/kb/new?title=Diindi+samay+xibaru+wout+ak+jumtukayu+saytu+yi+nek+ci+sist%C3%A9mu+Firefox" title="Xët wii amul.">Diindi samay xibaru wout ak jumtukayu saytu yi nek ci sistému Firefox</a>.\
</p>	wo
<p>Par defo, komopte Hotmail ak Outlool dañuy wonè ay imeel yu limite ci bene waxtu. Ngìr nge gis së imeel yëp, sopil parametar bu koompte bi ngìr indi së message yëp:\
</p><div class="for" data-for="not fxos2.0">\
<ol><li>Ubil aplikaçion imeel bi, nge bës button menu \
\
\
  \
\
\
\
\
\
\
\
<img alt="Orange FxOS button" class="wiki-image frameless lazy" data-original-src="https://user-media-stage-cdn.itsre-sumo.mozilla.net/uploads/gallery/images/2013-09-27-17-38-08-4b4c66.png" src="https://static-media-stage-cdn.itsre-sumo.mozilla.net/static/sumo/img/placeholder.gif" title="">\
\
\
 ci kàw  ci rouku tiamoñe bi.\
</li><li>Bësal mandàarga parametar koompte \
\
\
  \
\
\
\
\
\
\
\
<img alt="Gray FxOS settings gear" class="wiki-image frameless lazy" data-original-src="https://user-media-stage-cdn.itsre-sumo.mozilla.net/uploads/gallery/images/2013-09-27-17-42-42-da44aa.png" src="https://static-media-stage-cdn.itsre-sumo.mozilla.net/static/sumo/img/placeholder.gif" title="">\
\
\
 ci suuf ci se tiamoñe.\
</li><li>Tanàl koompte Hotmail walë Outlook bi ne bëg sopi.\
</li><li>Bësal menu bi ci suuf penc <strong>Synkronissè</strong> ne tane <strong>Message yëp</strong>.\
</li></ol>\
<p><br>\
\
\
  \
\
\
\
\
\
\
\
<img alt="Outlook Sync" class="wiki-image frameless lazy" data-original-src="https://user-media-stage-cdn.itsre-sumo.mozilla.net/uploads/gallery/images/2013-09-27-17-59-39-7334ab.png" src="https://static-media-stage-cdn.itsre-sumo.mozilla.net/static/sumo/img/placeholder.gif" title="">\
\
\
 \
</p>\
<ol><li>So parè ne bës <span class="button">OK</span>.\
</li></ol>\
</div><div class="for" data-for="fxos2.0">\
<ol><li>Ubìl aplikaçion imeel, nge bës menu buton \
\
\
  \
\
\
\
\
\
\
\
<img alt="email menu 2.0" class="wiki-image frameless lazy" data-original-src="https://user-media-stage-cdn.itsre-sumo.mozilla.net/uploads/gallery/images/2014-11-02-18-10-46-b1a514.png" src="https://static-media-stage-cdn.itsre-sumo.mozilla.net/static/sumo/img/placeholder.gif" title="">\
\
\
 ci kàw ci rouku tiamoñe bi.\
</li><li>Bësal mandàarga parametar koompte \
\
\
  \
\
\
\
\
\
\
\
<img alt="Settings- 2.0 (small)" class="wiki-image frameless lazy" data-original-src="https://user-media-stage-cdn.itsre-sumo.mozilla.net/uploads/gallery/images/2014-09-13-13-26-11-5254e7.png" src="https://static-media-stage-cdn.itsre-sumo.mozilla.net/static/sumo/img/placeholder.gif" title="">\
\
\
 bi nek ci suuf së ekran bi.\
</li><li>Tanàl koompte Hotmail walë Outlookbi ne bëg sopi.\
</li><li>Bësal ci tàane <em>Bësu sync</em> nge jël <span class="menu">message yëp</span>.\
</li><li>bësal <span class="button">OK</span> ngìr diexal.\
</li></ol>\
</div>\
<div class="note"><strong>Xamle:</strong> So ame ay imeel yu barì, mëne ne jël ay simili yu ndàw ngir sinkronissé lëp.</div>	wo
	wo
<p>=Tur 1= Marketplace bi bene butik le bouy wonè aplikaçion yinu defar pour bëp telefon bouy doxe ak sistému Firefox, Firefox pour Android walë Firefox pour ordinatër. Daflày maay ne gis aplikaçion yulà gënal ak ne rañé aplikaçion yu bes ci lu yomb. Lussi neh moy aplikaçion yinay telessarzé walë jëende mëne nako jëfandiko ci ay aparey bu bari ak palat-form yu wuté.\
Ngìr yenene leral, nu nilay ñane nge xol:\
</p>\
<ul><li><a href="/wo/kb/tahawaal-ay-matuuway"> How to install apps for Firefox OS</a>\
</li><li><a href="/wo/kb/marketplace-apps-firefox-desktop">Marketplace apps for Firefox Desktop</a>\
</li><li><a href="/wo/kb/install-android-apps-using-marketplace">Install Android apps using the Marketplace</a>\
</li></ul>\
<dl><dt>\
\
\
  \
\
\
\
\
\
\
\
<img alt="Marketplace Home" class="wiki-image frameless lazy" data-original-src="https://user-media-stage-cdn.itsre-sumo.mozilla.net/uploads/gallery/images/2014-10-09-17-42-19-bc5986.png" src="https://static-media-stage-cdn.itsre-sumo.mozilla.net/static/sumo/img/placeholder.gif" title="">\
\
\
\
</dt></dl>\
<h1 id="w_konektewu-ci-marketplace-bi-ngaer-jaefandiko-say-aplikaadion-ci-ay-aparey-yu-bari">Konektewu ci Marketplace bi ngìr jëfandiko say aplikaçion ci ay aparey yu bari</h1>\
<p>Soxlawul nay Konektewu ci Marketplace bi ngìr mëna telessarzé aplikaçion yu lajul fay waanti so bëgé jëende bene aplikaçion, dinà soxla ne konektewu. So konektewo ci Marketplace bi, bëp aplikaçion bo telessazé (yu soxlawul fay ak yineu jëende) dinañu ko yok ci se kompte. Bobàa ci lu yomb dine ci mëna dug ak benène aparey bu sistému Firefox walë ci <a href="/wo/kb/how-access-firefox-marketplace">an Android device</a>.\
</p>\
<ul><li> Mëne nge konektewu ci Marketplace bi ci kàw ne bës ci buton ranièwukay ci kaw ci se nèy joruu ekran bu jëk so parè ne tàane <span class="button">Konektewu/Binduu</span>.\
</li></ul>\
<dl><dt>\
\
\
  \
\
\
\
\
\
\
\
<img alt="Sign-in marketplace" class="wiki-image frameless lazy" data-original-src="https://user-media-stage-cdn.itsre-sumo.mozilla.net/uploads/gallery/images/2014-10-09-17-40-35-e26844.png" src="https://static-media-stage-cdn.itsre-sumo.mozilla.net/static/sumo/img/placeholder.gif" title="">\
\
\
\
</dt></dl>\
<p>So konektewo rek, dine mëne sassunè dugg ci aplikaçion yinë telessarzé: \
</p>\
<ul><li> Bëssal ci buton wu rañewukay binek ci kàw së ney jòor ci ekran bu jëek so parè ne tàne Samay Aplikaçion.\
</li></ul>\
<p>Marketplace bi dafày jëfàndiko <a href="/wo/kb/use-firefox-accounts-manage-your-marketplace-apps"> Firefox Accounts</a> ngìr konektewu. Ngìr am yenene lèral ci kompte Firefox yi, xolal <a href="/wo/kb/dem-ci-mayu-mozilla-ak-sama-compte-firefox">dëm ci mayu Mozilla ak sama compte firefox</a>\
</p>	wo
<p>Soudé déwelopeur nge, di nge guis lo soxlà ci <a href="https://developer.mozilla.org/en-US/">Mozilla Developer Network (MDN)</a>. Ndàw Dewelopëer bu Mozilla (MDN) dañuuy bâhé ay jangat, ak firi yu lër ak tàm bëreb wahtanukay foy mëena latié ak di wétio ak yenène déwelopëer.\
</p><p>Page yi di niëw bahnà torop pour mëena tambali so soxla ndimbël : \
</p>\
<ul><li>Duggàl : <a href="https://developer.mozilla.org">documentation</a> ci Ndàw Déwelopëer bu Mozilla. Di ngafëe am ay léral ak code téktel pour bërp tolùwaayu xam-xam.\
</li><li><a href="http://stackoverflow.com/questions/tagged/firefox+or+firefox-os+or+html5-apps+or+firefox-developer-tools">Yoné léne séne latie</a> ci Ndàw Déwelopeur wu Mozilla. \
</li><li>Am ndimbël ci <a href="https://developer.mozilla.org/en-US/Firefox/Developer_Edition">Developer Edition</a>.\
</li></ul>\
<ul><li>Am ndìmbël ci <a href="https://developer.mozilla.org/en-US/Firefox/Developer_Edition">Developer Edition</a>.\
</li></ul>\
<p>Li dòn ne ay wahtàne yo mëna fek ci Ndaw Déwelopeur bu Mozilla:\
</p>\
<ol><li>Sùumb xétu-web yu ùbeku :\
<ul><li> HTML\
</li><li> CSS\
</li><li> JavaScript\
</li><li> Melukanu  API internet\
</li></ul>\
</li><li>Sistému Firefox:\
<ul><li>Ubì ay aplikaçion Web\
</li><li>Tek ci yone ak tahawal sistému Firefox\
</li><li>Bok ci jangàat bu sistemu Firefox\
</li><li>Ranié Gaia\
</li></ul>\
</li><li>platform bu Mozilla:\
<ul><li>Gecko\
</li><li>Tahawal ak jangàt Firefox\
</li><li>XUL\
</li><li>XPCOM\
</li><li>Yonû saytu bu Firefox (Nightly, Aurora ak Beta)\
</li></ul>\
</li></ol>	wo
<p>jàaralàt <a class="new" href="/wo/kb/new?title=j%C3%A0ngat+weruyaz+ekran+ci+sist%C3%A9mu+Firefox" title="Xët wii amul.">jàngat weruyaz ekran ci sistému Firefox</a>\
</p>	wo
<p>Sistému Firefox amnë ay péhé yu bari té am dolé pour dialalé ak ték ci yone say woté.\
</p><div class="for" data-for="not fxos1.4">\
<ul><li>So bëggé woté, ubil aplikaçion téléfon bi \
\
\
  \
\
\
\
\
\
\
\
<img alt="phone 1.3" class="wiki-image frameless lazy" data-original-src="https://user-media-stage-cdn.itsre-sumo.mozilla.net/uploads/gallery/images/2014-09-20-15-49-53-5b55ea.png" src="https://static-media-stage-cdn.itsre-sumo.mozilla.net/static/sumo/img/placeholder.gif" title="">\
\
\
 compozél béne numéro, so paré nge bës buton \
\
\
  \
\
\
\
\
\
\
\
<img alt="callbutton" class="wiki-image frameless lazy" data-original-src="https://user-media-stage-cdn.itsre-sumo.mozilla.net/uploads/gallery/images/2014-03-31-21-58-36-7418d6.png" src="https://static-media-stage-cdn.itsre-sumo.mozilla.net/static/sumo/img/placeholder.gif" title="">\
\
\
. Mëne nge taamit tane béne numéro ci ñi nge moudjé wo \
\
\
  \
\
\
\
\
\
\
\
<img alt="Call call log" class="wiki-image frameless lazy" data-original-src="https://user-media-stage-cdn.itsre-sumo.mozilla.net/uploads/gallery/images/2013-11-01-09-21-31-23c5df.png" src="https://static-media-stage-cdn.itsre-sumo.mozilla.net/static/sumo/img/placeholder.gif" title="">\
\
\
 walë sah ci say kontakt \
\
\
  \
\
\
\
\
\
\
\
<img alt="Call contacts" class="wiki-image frameless lazy" data-original-src="https://user-media-stage-cdn.itsre-sumo.mozilla.net/uploads/gallery/images/2013-11-01-09-20-17-fadbdf.png" src="https://static-media-stage-cdn.itsre-sumo.mozilla.net/static/sumo/img/placeholder.gif" title="">\
\
\
.\
</li></ul>\
</div><div class="for" data-for="=fxos1.4">\
<ul><li>So beugué woté, ubil aplikaçion téléfon bi\
\
\
  \
\
\
\
\
\
\
\
<img alt="phone 1.4" class="wiki-image frameless lazy" data-original-src="https://user-media-stage-cdn.itsre-sumo.mozilla.net/uploads/gallery/images/2014-09-20-15-50-22-5b66a9.png" src="https://static-media-stage-cdn.itsre-sumo.mozilla.net/static/sumo/img/placeholder.gif" title="">\
\
\
, compozél béne numéro , so paré nge bës buton \
\
\
  \
\
\
\
\
\
\
\
<img alt="callbutton" class="wiki-image frameless lazy" data-original-src="https://user-media-stage-cdn.itsre-sumo.mozilla.net/uploads/gallery/images/2014-03-31-21-58-36-7418d6.png" src="https://static-media-stage-cdn.itsre-sumo.mozilla.net/static/sumo/img/placeholder.gif" title="">\
\
\
. Mëne nge taamit tane béne numéro ci ñi nge moudjé wo \
\
\
  \
\
\
\
\
\
\
\
<img alt="Call call log" class="wiki-image frameless lazy" data-original-src="https://user-media-stage-cdn.itsre-sumo.mozilla.net/uploads/gallery/images/2013-11-01-09-21-31-23c5df.png" src="https://static-media-stage-cdn.itsre-sumo.mozilla.net/static/sumo/img/placeholder.gif" title="">\
\
\
 waleu sah ci say kontakt \
\
\
  \
\
\
\
\
\
\
\
<img alt="Call contacts" class="wiki-image frameless lazy" data-original-src="https://user-media-stage-cdn.itsre-sumo.mozilla.net/uploads/gallery/images/2013-11-01-09-20-17-fadbdf.png" src="https://static-media-stage-cdn.itsre-sumo.mozilla.net/static/sumo/img/placeholder.gif" title="">\
\
\
.\
</li></ul>\
</div><div class="for" data-for="fxos2.0">\
<ul><li>So bëggé woté, ùbil aplikaçion téléfon bi\
\
\
  \
\
\
\
\
\
\
\
<img alt="phone 2.0" class="wiki-image frameless lazy" data-original-src="https://user-media-stage-cdn.itsre-sumo.mozilla.net/uploads/gallery/images/2014-09-20-15-51-02-66c810.png" src="https://static-media-stage-cdn.itsre-sumo.mozilla.net/static/sumo/img/placeholder.gif" title="">\
\
\
, compozél béne numéro , so paré nge bës buton  \
\
\
  \
\
\
\
\
\
\
\
<img alt="call button 2.0" class="wiki-image frameless lazy" data-original-src="https://user-media-stage-cdn.itsre-sumo.mozilla.net/uploads/gallery/images/2014-09-20-16-17-47-28aa15.png" src="https://static-media-stage-cdn.itsre-sumo.mozilla.net/static/sumo/img/placeholder.gif" title="">\
\
\
.Image:phone 1.4]], compozél béne numéro, so paré nge bëss buton \
\
\
  \
\
\
\
\
\
\
\
<img alt="callbutton" class="wiki-image frameless lazy" data-original-src="https://user-media-stage-cdn.itsre-sumo.mozilla.net/uploads/gallery/images/2014-03-31-21-58-36-7418d6.png" src="https://static-media-stage-cdn.itsre-sumo.mozilla.net/static/sumo/img/placeholder.gif" title="">\
\
\
. Mëne nge tamit tane béne numéro ci ñi nge moudjé wo \
\
\
  \
\
\
\
\
\
\
\
<img alt="Call call log" class="wiki-image frameless lazy" data-original-src="https://user-media-stage-cdn.itsre-sumo.mozilla.net/uploads/gallery/images/2013-11-01-09-21-31-23c5df.png" src="https://static-media-stage-cdn.itsre-sumo.mozilla.net/static/sumo/img/placeholder.gif" title="">\
\
\
 walë sah ci say kontakt \
\
\
  \
\
\
\
\
\
\
\
<img alt="Call contacts 2.0" class="wiki-image frameless lazy" data-original-src="https://user-media-stage-cdn.itsre-sumo.mozilla.net/uploads/gallery/images/2014-09-29-08-54-32-eb8c08.png" src="https://static-media-stage-cdn.itsre-sumo.mozilla.net/static/sumo/img/placeholder.gif" title="">\
\
\
.\
</li></ul>\
</div>\
<div id="toc"><h2>Tablo Ëmbiit yi</h2><ul><li class="toclevel-1"><a href="#w_tambalil-seu-wotae-ci-say-kontakt-walae-ci-agi-nge-mujjae-wo"><span class="tocnumber">1</span> <span class="toctext">Tambalil seu woté ci say Kontakt walë ci ñi nge mujjé wo</span></a><ul><li class="toclevel-2"><a href="#w_kontakt"><span class="tocnumber">1.1</span> <span class="toctext">kontakt</span></a></li><li class="toclevel-2"><a href="#w_xibaru-wotae"><span class="tocnumber">1.2</span> <span class="toctext">xibaru woté</span></a></li></ul></li><li class="toclevel-1"><a href="#w_li-meuna-am-ci-biir-wotae"><span class="tocnumber">2</span> <span class="toctext">Li meuna am ci biir woté</span></a></li><li class="toclevel-1"><a href="#w_confaerenssou-wotae"><span class="tocnumber">3</span> <span class="toctext">conférenssou woté</span></a></li><li class="toclevel-1"><a href="#w_duug-ci-seu-bwate-wocal"><span class="tocnumber">4</span> <span class="toctext">Duug ci seu bwate wocal</span></a></li></ul></div>\
<h1 id="w_tambalil-seu-wotae-ci-say-kontakt-walae-ci-agi-nge-mujjae-wo">Tambalil seu woté ci say Kontakt walë ci ñi nge mujjé wo</h1>\
<h2 id="w_kontakt">kontakt</h2>\
<div class="for" data-for="not fxos1.4">\
<ol><li> Ubil aplikaçion téléfon bi \
\
\
  \
\
\
\
\
\
\
\
<img alt="Phone 1.3" class="wiki-image frameless lazy" data-original-src="https://user-media-stage-cdn.itsre-sumo.mozilla.net/uploads/gallery/images/2014-09-20-15-49-53-5b55ea.png" src="https://static-media-stage-cdn.itsre-sumo.mozilla.net/static/sumo/img/placeholder.gif" title="">\
\
\
.\
</li><li> bësal \
\
\
  \
\
\
\
\
\
\
\
<img alt="Call contacts" class="wiki-image frameless lazy" data-original-src="https://user-media-stage-cdn.itsre-sumo.mozilla.net/uploads/gallery/images/2013-11-01-09-20-17-fadbdf.png" src="https://static-media-stage-cdn.itsre-sumo.mozilla.net/static/sumo/img/placeholder.gif" title="">\
\
\
 pour oubi seu karné.\
</li><li> Bësal ci touruu ki nge bëg wo\
</li><li> Bësal ci numéro téléfon bi.\
</li></ol>\
<ul><li><dl><dt>\
\
\
  \
\
\
\
\
\
\
\
<img alt="Call contact" class="wiki-image frameless lazy" data-original-src="https://user-media-stage-cdn.itsre-sumo.mozilla.net/uploads/gallery/images/2013-11-01-11-34-11-bdcad3.png" src="https://static-media-stage-cdn.itsre-sumo.mozilla.net/static/sumo/img/placeholder.gif" title="">\
\
\
\
</dt></dl>\
</li></ul>\
</div><div class="for" data-for="=fxos1.4">\
<ol><li> Ubil aplikaçion téléfon bi \
\
\
  \
\
\
\
\
\
\
\
<img alt="phone 1.4" class="wiki-image frameless lazy" data-original-src="https://user-media-stage-cdn.itsre-sumo.mozilla.net/uploads/gallery/images/2014-09-20-15-50-22-5b66a9.png" src="https://static-media-stage-cdn.itsre-sumo.mozilla.net/static/sumo/img/placeholder.gif" title="">\
\
\
.\
</li><li> Bësal ci \
\
\
  \
\
\
\
\
\
\
\
<img alt="Call contacts" class="wiki-image frameless lazy" data-original-src="https://user-media-stage-cdn.itsre-sumo.mozilla.net/uploads/gallery/images/2013-11-01-09-20-17-fadbdf.png" src="https://static-media-stage-cdn.itsre-sumo.mozilla.net/static/sumo/img/placeholder.gif" title="">\
\
\
 pour oubi seu karné.\
</li><li> Bësal ci tourou ki nge beug wo\
</li><li> Bësal ci numéro téléfon bi.\
</li></ol>\
<ul><li><dl><dt>\
\
\
  \
\
\
\
\
\
\
\
<img alt="Call contact" class="wiki-image frameless lazy" data-original-src="https://user-media-stage-cdn.itsre-sumo.mozilla.net/uploads/gallery/images/2013-11-01-11-34-11-bdcad3.png" src="https://static-media-stage-cdn.itsre-sumo.mozilla.net/static/sumo/img/placeholder.gif" title="">\
\
\
\
</dt></dl>\
</li></ul>\
</div><div class="for" data-for="fxos2.0">\
<ol><li> Ubil aplikaçion téléfon \
\
\
  \
\
\
\
\
\
\
\
<img alt="phone 2.0" class="wiki-image frameless lazy" data-original-src="https://user-media-stage-cdn.itsre-sumo.mozilla.net/uploads/gallery/images/2014-09-20-15-51-02-66c810.png" src="https://static-media-stage-cdn.itsre-sumo.mozilla.net/static/sumo/img/placeholder.gif" title="">\
\
\
.\
</li><li> Bësal ci \
\
\
  \
\
\
\
\
\
\
\
<img alt="Call contacts 2.0" class="wiki-image frameless lazy" data-original-src="https://user-media-stage-cdn.itsre-sumo.mozilla.net/uploads/gallery/images/2014-09-29-08-54-32-eb8c08.png" src="https://static-media-stage-cdn.itsre-sumo.mozilla.net/static/sumo/img/placeholder.gif" title="">\
\
\
 pour ubi seu karné.\
<ol><li> Bësal ci touru ki nge beug wo\
</li></ol>\
</li><li> Bësal ci numéro téléfon bi.\
</li></ol>\
<ul><li><dl><dt>\
\
\
  \
\
\
\
\
\
\
\
<img alt="Call contact 2.0" class="wiki-image frameless lazy" data-original-src="https://user-media-stage-cdn.itsre-sumo.mozilla.net/uploads/gallery/images/2014-09-27-02-55-01-3a94fb.png" src="https://static-media-stage-cdn.itsre-sumo.mozilla.net/static/sumo/img/placeholder.gif" title="">\
\
\
\
</dt></dl>\
</li></ul>\
</div><p>Pour yénéne léral ci naka la karné bi di doxé, xolal <a class="new" href="/wo/kb/new?title=j%C3%ABli%2C+yok+ak+z%C3%A8r%C3%A8+kontakt+ci+sist%C3%A9mu+Firefox" title="Xët wii amul.">jëli, yok ak zèrè kontakt ci sistému Firefox</a>.\
</p>\
<h2 id="w_xibaru-wotae">xibaru woté</h2>\
<p><span class="for" data-for="not fxos2.0"> xibaru woté yi \
\
\
  \
\
\
\
\
\
\
\
<img alt="Call call log" class="wiki-image frameless lazy" data-original-src="https://user-media-stage-cdn.itsre-sumo.mozilla.net/uploads/gallery/images/2013-11-01-09-21-31-23c5df.png" src="https://static-media-stage-cdn.itsre-sumo.mozilla.net/static/sumo/img/placeholder.gif" title="">\
\
\
  dafay liim apél yi nge djot, yi nge jalalé ak yi nge wuyuwul. Dafay doh ak së karné pour maylë nay mëne di woté ak di yok ay numéro ci së karné.</span>\
</p><div class="for" data-for="not fxos1.4">\
<ol><li> Ubil aplikaçion téléfon bi \
\
\
  \
\
\
\
\
\
\
\
<img alt="phone 1.3" class="wiki-image frameless lazy" data-original-src="https://user-media-stage-cdn.itsre-sumo.mozilla.net/uploads/gallery/images/2014-09-20-15-49-53-5b55ea.png" src="https://static-media-stage-cdn.itsre-sumo.mozilla.net/static/sumo/img/placeholder.gif" title="">\
\
\
.\
</li><li> Bësal ci \
\
\
  \
\
\
\
\
\
\
\
<img alt="Call call log" class="wiki-image frameless lazy" data-original-src="https://user-media-stage-cdn.itsre-sumo.mozilla.net/uploads/gallery/images/2013-11-01-09-21-31-23c5df.png" src="https://static-media-stage-cdn.itsre-sumo.mozilla.net/static/sumo/img/placeholder.gif" title="">\
\
\
 pour ubi së karné.\
</li><li> Bësal ci tourou walë numéro ki nge bëg wo.\
</li></ol>\
<ul><li><dl><dt>\
\
\
  \
\
\
\
\
\
\
\
<img alt="Call log options" class="wiki-image frameless lazy" data-original-src="https://user-media-stage-cdn.itsre-sumo.mozilla.net/uploads/gallery/images/2013-11-01-11-23-02-cb2c09.png" src="https://static-media-stage-cdn.itsre-sumo.mozilla.net/static/sumo/img/placeholder.gif" title="">\
\
\
\
</dt></dl>\
</li></ul>\
</div><div class="for" data-for="=fxos1.4">\
<ol><li> Ubil aplikaçion téléfon bi \
\
\
  \
\
\
\
\
\
\
\
<img alt="phone 1.4" class="wiki-image frameless lazy" data-original-src="https://user-media-stage-cdn.itsre-sumo.mozilla.net/uploads/gallery/images/2014-09-20-15-50-22-5b66a9.png" src="https://static-media-stage-cdn.itsre-sumo.mozilla.net/static/sumo/img/placeholder.gif" title="">\
\
\
.\
</li><li> Bësal ci \
\
\
  \
\
\
\
\
\
\
\
<img alt="Call call log" class="wiki-image frameless lazy" data-original-src="https://user-media-stage-cdn.itsre-sumo.mozilla.net/uploads/gallery/images/2013-11-01-09-21-31-23c5df.png" src="https://static-media-stage-cdn.itsre-sumo.mozilla.net/static/sumo/img/placeholder.gif" title="">\
\
\
 pour oubi seu karné.\
</li><li> Bësal ci touru walë numéro ki nge bëg wo.\
</li></ol>\
<ul><li><dl><dt>\
\
\
  \
\
\
\
\
\
\
\
<img alt="Call log options" class="wiki-image frameless lazy" data-original-src="https://user-media-stage-cdn.itsre-sumo.mozilla.net/uploads/gallery/images/2013-11-01-11-23-02-cb2c09.png" src="https://static-media-stage-cdn.itsre-sumo.mozilla.net/static/sumo/img/placeholder.gif" title="">\
\
\
\
</dt></dl>\
</li></ul>\
</div><div class="for" data-for="fxos2.0">\
<ol><li> Ubil aplikaçion téléfon bi \
\
\
  \
\
\
\
\
\
\
\
<img alt="phone 2.0" class="wiki-image frameless lazy" data-original-src="https://user-media-stage-cdn.itsre-sumo.mozilla.net/uploads/gallery/images/2014-09-20-15-51-02-66c810.png" src="https://static-media-stage-cdn.itsre-sumo.mozilla.net/static/sumo/img/placeholder.gif" title="">\
\
\
.\
</li><li> Bësal ci \
\
\
  \
\
\
\
\
\
\
\
<img alt="call log 2.0" class="wiki-image frameless lazy" data-original-src="https://user-media-stage-cdn.itsre-sumo.mozilla.net/uploads/gallery/images/2014-09-20-16-46-31-dc1d71.png" src="https://static-media-stage-cdn.itsre-sumo.mozilla.net/static/sumo/img/placeholder.gif" title="">\
\
\
 pour ubi seu karné.\
</li><li> Bësal ci touru walë numéro ki nge bëg wo.\
</li></ol>\
<ul><li><dl><dt>\
\
\
  \
\
\
\
\
\
\
\
<img alt="Call log options 2.0" class="wiki-image frameless lazy" data-original-src="https://user-media-stage-cdn.itsre-sumo.mozilla.net/uploads/gallery/images/2014-09-27-18-07-55-23ab56.png" src="https://static-media-stage-cdn.itsre-sumo.mozilla.net/static/sumo/img/placeholder.gif" title="">\
\
\
\
</dt></dl>\
</li></ul>\
</div><span class="for" data-for="fxos1.2">\
<div class="for" data-for="not fxos2.0"><div class="note"><strong>Da nge bëg wowat ki nge mujj wo?</strong> da ngay rek bës buton bu werte bi \
\
\
  \
\
\
\
\
\
\
\
<img alt="callbutton" class="wiki-image frameless lazy" data-original-src="https://user-media-stage-cdn.itsre-sumo.mozilla.net/uploads/gallery/images/2014-03-31-21-58-36-7418d6.png" src="https://static-media-stage-cdn.itsre-sumo.mozilla.net/static/sumo/img/placeholder.gif" title="">\
\
\
 pour ci sassi nge mëna compozé numéro bi nge moujj wo.</div> </div>\
</span>\
<h1 id="w_li-meuna-am-ci-biir-wotae">Li meuna am ci biir woté</h1>\
<p>So néké di woté mëne nge:\
</p><div class="for" data-for="not fxos2.0">\
<ul><li>tëjj se micro bi ci kaw nge bës buton nopi bi\
\
\
  \
\
\
\
\
\
\
\
<img alt="mute 1.3" class="wiki-image frameless lazy" data-original-src="https://user-media-stage-cdn.itsre-sumo.mozilla.net/uploads/gallery/images/2014-09-23-16-39-53-d74932.png" src="https://static-media-stage-cdn.itsre-sumo.mozilla.net/static/sumo/img/placeholder.gif" title="">\
\
\
.\
</li><li>Bësal ci buton bindukay bi [Image:Dialpad 1.3]] pour mëna fénial numéro yi ngay bës. Li dinale dïmbali pour nga mëna duug se bwate wocal walë yénéne hétu sistému téléfon yu ni mél.\
</li><li>Bësal buton ö parleur bi\
\
\
  \
\
\
\
\
\
\
\
<img alt="speaker 1.3" class="wiki-image frameless lazy" data-original-src="https://user-media-stage-cdn.itsre-sumo.mozilla.net/uploads/gallery/images/2014-09-23-16-48-37-f06678.png" src="https://static-media-stage-cdn.itsre-sumo.mozilla.net/static/sumo/img/placeholder.gif" title="">\
\
\
 pour mëna tal ô parleur bi ndah ñi nék ci se nég mËna dég woté bi.\
</li><li>Lernani, sabo bësé buton bu xonk bi apél bi dafay diékh.\
<dl><dt>\
\
\
  \
\
\
\
\
\
\
\
<img alt="In-call options" class="wiki-image frameless lazy" data-original-src="https://user-media-stage-cdn.itsre-sumo.mozilla.net/uploads/gallery/images/2013-11-01-11-47-07-1f8a8f.png" src="https://static-media-stage-cdn.itsre-sumo.mozilla.net/static/sumo/img/placeholder.gif" title="">\
\
\
\
</dt></dl>\
</li></ul>\
</div><div class="for" data-for="fxos2.0">\
<ul><li>Fayal seu micro bi ci kaw nge bës buton nopi bi\
\
\
  \
\
\
\
\
\
\
\
<img alt="mute1" class="wiki-image frameless lazy" data-original-src="https://user-media-stage-cdn.itsre-sumo.mozilla.net/uploads/gallery/images/2014-09-23-14-47-32-def9cb.png" src="https://static-media-stage-cdn.itsre-sumo.mozilla.net/static/sumo/img/placeholder.gif" title="">\
\
\
.\
</li><li>Bësal ci buton bindukay bi \
\
\
  \
\
\
\
\
\
\
\
<img alt="Dialpad" class="wiki-image frameless lazy" data-original-src="https://user-media-stage-cdn.itsre-sumo.mozilla.net/uploads/gallery/images/2014-09-23-14-53-44-1a6c05.png" src="https://static-media-stage-cdn.itsre-sumo.mozilla.net/static/sumo/img/placeholder.gif" title="">\
\
\
 pour mëna fénial numéro yi ngay <a href="http://bës.Li">bës.Li</a> dinaleu dimbali pour nga mëna duug se bwate wocal walë yénéne hétu sistému téléfon yu ni mél.\
</li><li>Bësal buton ö parleur bi\
\
\
  \
\
\
\
\
\
\
\
<img alt="speaker (small)" class="wiki-image frameless lazy" data-original-src="https://user-media-stage-cdn.itsre-sumo.mozilla.net/uploads/gallery/images/2014-09-23-15-04-29-f0dc81.png" src="https://static-media-stage-cdn.itsre-sumo.mozilla.net/static/sumo/img/placeholder.gif" title="">\
\
\
 pour meëna tal ô parleur bi ndah nii nék ci seu nég meuna dég woté bi.\
</li><li> Bësal ci buton <em>yok béne wotékät</em>\
\
\
  \
\
\
\
\
\
\
\
<img alt="conf 2.0" class="wiki-image frameless lazy" data-original-src="https://user-media-stage-cdn.itsre-sumo.mozilla.net/uploads/gallery/images/2014-09-27-19-51-20-ab3049.png" src="https://static-media-stage-cdn.itsre-sumo.mozilla.net/static/sumo/img/placeholder.gif" title="">\
\
\
 pour nékal béne conférenssou woté.\
</li><li>Lernani, sabo bësé buton bu xonk bi apél bi dafay diékh.\
<dl><dt>\
\
\
  \
\
\
\
\
\
\
\
<img alt="In-call options 2.0" class="wiki-image frameless lazy" data-original-src="https://user-media-stage-cdn.itsre-sumo.mozilla.net/uploads/gallery/images/2014-09-23-17-44-48-3e5dfc.png" src="https://static-media-stage-cdn.itsre-sumo.mozilla.net/static/sumo/img/placeholder.gif" title="">\
\
\
\
</dt></dl>\
</li></ul>\
</div><div class="for" data-for="fxos1.2">\
<h1 id="w_confaerenssou-wotae">conférenssou woté</h1>\
<p>Da nge bëg am waxtane ak lu ëp bene nit? Kénéne ku nék ci seu Karné mëna bok ci waxtane bi tamit.\
</p><div class="for" data-for="not fxos2.0">\
<ol><li> Tambalil woté bi ci kaw nge compozé numéro walë nge bës ci touru ki nge bëg wo.\
</li><li> Ci biir woté bi nga nék, bësal ci buton <em>yok wotékät</em>\
\
\
  \
\
\
\
\
\
\
\
<img alt="conff" class="wiki-image frameless lazy" data-original-src="https://user-media-stage-cdn.itsre-sumo.mozilla.net/uploads/gallery/images/2014-09-29-08-37-02-d17d55.png" src="https://static-media-stage-cdn.itsre-sumo.mozilla.net/static/sumo/img/placeholder.gif" title="">\
\
\
.\
<dl><dt> \
\
\
  \
\
\
\
\
\
\
\
<img alt="conf call" class="wiki-image frameless lazy" data-original-src="https://user-media-stage-cdn.itsre-sumo.mozilla.net/uploads/gallery/images/2014-04-15-20-34-08-53b9e9.png" src="https://static-media-stage-cdn.itsre-sumo.mozilla.net/static/sumo/img/placeholder.gif" title="">\
\
\
\
</dt></dl>\
</li><li>Say Kontakt dinaniu fénie. Tanal ki nge bëg yok ci woté bi.\
</li><li>ki nge bëgone yok sou duuggé, mëne nge topat yone bi ngir meuna yokat niénéne.\
</li></ol>\
<ul><li><dl><dt>\
\
\
  \
\
\
\
\
\
\
\
<img alt="connect conf" class="wiki-image frameless lazy" data-original-src="https://user-media-stage-cdn.itsre-sumo.mozilla.net/uploads/gallery/images/2014-04-15-20-49-33-b640a0.png" src="https://static-media-stage-cdn.itsre-sumo.mozilla.net/static/sumo/img/placeholder.gif" title="">\
\
\
\
</dt></dl>\
</li></ul>\
</div><div class="for" data-for="fxos2.0">\
<ol><li> Tambalil woté bi ci kaw nge compozé numéro walë nge bës ci touru ki nge bëg wo.\
</li><li>  Ci biir woté bi nga nék, bësal ci buton <em>yok wotékät</em>\
\
\
  \
\
\
\
\
\
\
\
<img alt="conf 2.0" class="wiki-image frameless lazy" data-original-src="https://user-media-stage-cdn.itsre-sumo.mozilla.net/uploads/gallery/images/2014-09-27-19-51-20-ab3049.png" src="https://static-media-stage-cdn.itsre-sumo.mozilla.net/static/sumo/img/placeholder.gif" title="">\
\
\
.\
<dl><dt>\
\
\
  \
\
\
\
\
\
\
\
<img alt="conf call 2.0" class="wiki-image frameless lazy" data-original-src="https://user-media-stage-cdn.itsre-sumo.mozilla.net/uploads/gallery/images/2014-09-29-08-38-05-d94625.png" src="https://static-media-stage-cdn.itsre-sumo.mozilla.net/static/sumo/img/placeholder.gif" title="">\
\
\
\
</dt></dl>\
</li><li>Tanal Kontakt bi nge bêg yok ci seu woté ci biir list bi fénie\
</li><li>ki nge bëgone yok sou duuggé, mëne nge topat yone bi ngir mëna yokat niénéne.\
</li></ol>\
<ul><li><dl><dt>\
\
\
  \
\
\
\
\
\
\
\
<img alt="connect conf 2.0" class="wiki-image frameless lazy" data-original-src="https://user-media-stage-cdn.itsre-sumo.mozilla.net/uploads/gallery/images/2014-09-29-08-39-01-1b9c4a.png" src="https://static-media-stage-cdn.itsre-sumo.mozilla.net/static/sumo/img/placeholder.gif" title="">\
\
\
\
</dt></dl>\
</li></ul>\
</div>\
<div class="note">Mëne nge yok lu tolni juuromi wotékat, mou mëna yam cii juurom ak béne, bossi bolé se bop.</div>\
</div>\
<h1 id="w_duug-ci-seu-bwate-wocal">Duug ci seu bwate wocal</h1>\
<ul><li>Ubil aplikaçion téléfone nge bës té djap numéro <strong>1</strong> pour wo seu bwate wocal.\
<dl><dt>\
\
\
  \
\
\
\
\
\
\
\
<img alt="Call voicemail 2.0" class="wiki-image frameless lazy" data-original-src="https://user-media-stage-cdn.itsre-sumo.mozilla.net/uploads/gallery/images/2014-09-29-08-40-26-94de28.png" src="https://static-media-stage-cdn.itsre-sumo.mozilla.net/static/sumo/img/placeholder.gif" title="">\
\
\
\
</dt></dl>\
</li></ul>	wo
<div class="note"><strong>Xamlé:</strong> Seu défarkatu téléfone mom ak kilay baxé ci ay mayam, niom nioy nii wareu di indi ay bëssal ci sistému Firefox.</div>	wo
<div class="note"><strong>Note:</strong> Djeuriñiu bi mi ngi am ci sistému Firefox toluwayu 1.1 bi ak yi ci téggü. Hamulo bane toluwayu sistému Firefox nge am? <a class="new" href="/wo/kb/new?title=Naka+la+meuna+xamm%C3%A9+sama+toluwayu+sist%C3%A9mu+Firefox" title="Xët wii amul.">Ni ngako meuna xamé.</a></div>	wo
<p>Panasonic dafay bahé ay telewizion yi mudj ay téy doh ak xétu sistému Firefox buniu jàngat. \
</p><p>Téléwizion yüy dox ak sistému FIrefox daniuu matie pour dem ak HTML5, dineu dimbali askane wi niuy meune di dawal sen aplikaçion web yi ci séne télé. Pour meuna xam ndah dineu am ci seu deuk, jokkol ak kilay jaay télé Panasonik ci seu deuk.  \
</p>\
<div class="note"><a href="https://blog.mozilla.org/blog/2015/05/14/first-panasonic-smart-tvs-powered-by-firefox-os-debut-worldwide/">Learn more about Firefox OS-based Panasonic TVs</a>.</div>\
<h1 id="w_dameu-soxla-ndimbeul-ci-sacmeu-taelae-bu-muus">Dameu soxla ndimbeul ci sämeu télé bu muus</h1>\
<p>Télé Panasonic yu muus yi daniuuy dawal béne wersion sistému Firefox buniû léne djäglél. Pour am ci ndimbëel, jokkol direct ak ndawu Panasonic ci <a href="http://panasonic.net/support/gscn/">Global Service Center</a>.\
</p>\
<h1 id="w_dameu-baeeg-dewelopae-ay-aplikaadion-pour-taelae-yu-muus">Dameu bëeg dewelopé ay aplikaçion pour télé yu muus</h1>\
<p>So beugué dewelopé ay aplikaçion pour télé yuy dox ak sistému Firefox, saytul <a href="https://developer.mozilla.org/Firefox_OS/TVs_connected_devices/How_to_get_started_with_TV_apps_development">the Mozilla Developer Network (MDN)</a>.\
</p>	wo
<p>Yakamti nge diot werssion sistému Firefox ak ay aplikaçion wam yu mudj? Seu aparéy daniuko dëf ngir muy hol ay bessal bës buné, walë seméne, walë wéér, wanti mëne ngeuko saytu sassouné. Ni nay def:\
</p><div class="note"><strong>Xamlé:</strong> Seu défarkatu téléfone mom ak kilay baxé ci ay mayam, niom nioy nii wareu di indi ay bëssal ci sistému Firefox.</div>\
<p></p>\
<ol><li>Bësal ci aplikaçion <strong>Paramètar</strong><span class="for" data-for="fxos2.0">\
\
\
  \
\
\
\
\
\
\
\
<img alt="Settings- 2.0 (small)" class="wiki-image frameless lazy" data-original-src="https://user-media-stage-cdn.itsre-sumo.mozilla.net/uploads/gallery/images/2014-09-13-13-26-11-5254e7.png" src="https://static-media-stage-cdn.itsre-sumo.mozilla.net/static/sumo/img/placeholder.gif" title="">\
\
\
</span><span class="for" data-for="=fxos1.4">\
\
\
  \
\
\
\
\
\
\
\
<img alt="Settings 1.4" class="wiki-image frameless lazy" data-original-src="https://user-media-stage-cdn.itsre-sumo.mozilla.net/uploads/gallery/images/2014-09-17-14-12-05-a6673a.png" src="https://static-media-stage-cdn.itsre-sumo.mozilla.net/static/sumo/img/placeholder.gif" title="">\
\
\
</span><span class="for" data-for="not fxos1.4">\
\
\
  \
\
\
\
\
\
\
\
<img alt="Settings 1.3" class="wiki-image frameless lazy" data-original-src="https://user-media-stage-cdn.itsre-sumo.mozilla.net/uploads/gallery/images/2014-09-17-14-14-42-a6673a.png" src="https://static-media-stage-cdn.itsre-sumo.mozilla.net/static/sumo/img/placeholder.gif" title="">\
\
\
</span> bu së aparéy.\
</li><li>Watiél pinc <em>Aparèy</em> nge tane <span class="menu">informaçion bu aparèy</span>.\
</li><li>Ci ékran bu <em>information Aparèy</em>, bësal buton <span class="button">xol léggi</span>. <span class="for" data-for="fxos2.0">Buton bobu dafay gri soudé amul béne yëssal bu am.</span>\
<dl><dt><span class="for" data-for="not fxos2.0">\
\
\
  \
\
\
\
\
\
\
\
<img alt="Check for FxOS Updates" class="wiki-image frameless lazy" data-original-src="https://user-media-stage-cdn.itsre-sumo.mozilla.net/uploads/gallery/images/2013-09-30-15-04-14-fb1bfd.png" src="https://static-media-stage-cdn.itsre-sumo.mozilla.net/static/sumo/img/placeholder.gif" title="">\
\
\
</span>\
</dt></dl>\
</li><li>Soudé amneu yëssal, dafay fénie ci kaw seu ékran notifikaçion ci dir bu gaat. Bësal ci notifikaçion bi pour tambali téléchargemen bi ak instalaçion bi.\
</li></ol>	wo
