	km
	km
	km
	km
	km
	km
	km
	km
<p>អត្ថបទនេះពណ៌នាអំពី របៀបទាញយក និងតម្លើង Firefox មាននៅលើវីនដូ។\
</p>\
<ul><li> ដើម្បីធ្វើបច្ចុប្បន្នភាពមកពីជំនាន់ពីមុននៃ Firefox សូមមើល <a href="https://support.mozilla.org/km/kb/update-firefox-latest-version">ការធ្វើបច្ចុប្បន្នភាព Firefox ទៅកាន់ជំនាន់ចុងក្រោយបំផុត</a> ។\
</li></ul>\
<div class="for" data-for="mac,linux"><div class="note"><strong>អត្ថបទនេះ សម្រាប់តែការអនុវត្តទៅលើវីនដូប៉ុណ្ណោះ។</strong> <span class="for" data-for="mac">សម្រាប់សេចក្ដីណែនាំ ក្នុងការតម្លើងFirefox លើMac សូមមើល<a href="https://support.mozilla.org/km/kb/how-download-and-install-firefox-mac">របៀបទាញយក និងតម្លើងFirefox លើMac</a>។ </span><span class="for" data-for="linux">សម្រាប់សេចក្ដីណែនាំ ក្នុងការតម្លើងFirefox លើLinux សូមមើល<a href="https://support.mozilla.org/km/kb/install-firefox-linux">របៀបតម្លើងFirefox លើMac</a>។</span></div></div>\
<div class="note"><strong>មុនពេលដែលដំឡើងកម្មវិធីFirefox សូមមើល <a href="https://www.mozilla.org/firefox/system-requirements">តម្រូវការប្រព័ន្ធដែលFirefoxទាមទារ</a></strong> ត្រូវប្រាកដថាកុំព្យូទ័ររបស់អ្នកចាំបាច់មានប្រព័ន្ធប្រត្តិបត្តិការដែលត្រូវការ និងផ្នែករឹងដែលបានផ្ដល់យោបល់។ <span class="for" data-for="winxp">កុំធ្វើការតម្លើងកម្មវិធីFirefox ដែលប្រើគណនី <strong>Windows XP</strong> មានកំណត់។ សម្រាប់ព៌ត្ត័មានលំអិត សូមមើល<a href="https://support.microsoft.com/kb/2663817">របៀបកំណត់ប្រភេទគណនីអ្នកប្រើរបស់អ្នក ក្នុងប្រព័ន្ធ</a>។ \
</span>\
</div>\
<ol><li> សូមចូល <a href="http://www.getfirefox.com">នេះជាទំព័រទាញយករបស់ Firefox</a> នៅគ្រប់កម្មវិធីរុករក ដូចជា Microsoft Internet Explorer<span class="for" data-for="win10"> ឬក៏Microsoft Edge</span>។ <br><br>\
\
\
  \
\
\
\
\
\
\
\
<img alt="again updated download Firefox" class="wiki-image frameless lazy" data-original-src="https://user-media-stage-cdn.itsre-sumo.mozilla.net/uploads/gallery/images/2015-01-17-08-44-09-746aaf.png" src="https://static-media-stage-cdn.itsre-sumo.mozilla.net/static/sumo/img/placeholder.gif" title="">\
\
\
\
</li><li> សូមចុចលើប៉ូតុង <span class="button">Free Download</span> ដើម្បីទាញយកកម្មវិធីដំឡើងរបស់ Firefox។ ទំព័រនឹងផ្ដល់ការណែនាំដោយស្វ័យប្រវត្តិនូវ ជំនាន់ល្អបំផុតនៃកម្មវិធីFirefox សម្រាប់អ្នក។ ជាជម្រើស ការប្រើ <a href="https://download.mozilla.org/?product=firefox-stub&amp;lang=km">តំណភ្ជាប់ទាញយកនេះ</a> សម្រាប់ជំនាន់Firefox ជាភាសាខ្មែរ(km) ចុងក្រោយបំផុត។<br><strong>សម្រាប់អ្នកប្រើប្រាស់កំរិតខ្ពស់</strong>៖ ទំព័រតំណភ្ជាប់ទាញយកFirefox ខាងលើនឹងជ្រើសដោយស្វ័យប្រវត្តិ នូវជំនាន់ដែលអាចប្រើបានល្អបំផុតនៃកម្មវិធីFirefox សម្រាប់កុំព្យូទ័ររបស់អ្នក និងផ្ដល់ជូន(stub)ការតម្លើងអនឡាញ។ <span class="for" data-for="fx55">ប្រសិនជាអ្នកចង់ផ្លាស់ប្ដូរជម្រើសការតម្លើង ដូចជាគោលដៅថត ដែលអ្នកគួរតែទាញយកពេញលេញ ការតម្លើងក្រៅបណ្ដាញ។ </span>ប្រសិនអ្នកត្រូវការជំនាន់ពេញលេញ, ការតម្លើងក្រៅបណ្ដាញ ឬមួយបើអ្នកចង់ជ្រើសយកភាសា និងប្រព័ន្ធប្រត្តិបត្តិការ, សូមទស្សនា <a href="https://www.mozilla.org/firefox/all/">ទំព័រប្រព័ន្ធ នឹងភាសា</a>។ អ្នកអាចទាញយកបានទាំងកំណែFirefox <strong>Windows</strong> (32-bit) ឬ សម្រាប់ប្រព័ន្ធប្រត្តិបត្តិការ64bit ជាមួយវីនដូ៧ និងលើជាង កំណែ<strong>Windows 64-bit</strong> នៃកម្មវិធីFirefox (សូមមើល<a href="https://blog.mozilla.org/futurereleases/2015/12/15/firefox-64-bit-for-windows-available/">ប្លុកប្រកាសនេះ</a> ជាសេចក្ដីលម្អិត)។\
<ul><li> ប្រសិនអ្នកប្រើ Microsoft Internet Explorer<span class="for" data-for="win10"> ឬ Microsoft Edge</span>, របាជូនដំណឹងនិងលេចឡើង នៅឯខាងលើនៃទំព័រជាមួយ ជម្រើសដែលដំនើរការសម្រាប់ការតម្លើង ឬរក្សាទុកឯកសារទៅកាន់កុំព្យូទ័។\
</li></ul>\
</li></ol>\
<p>សូមចុច <span class="button">Run</span> ដើម្បីចាប់ផ្តើមដំនើរការ។\
</p>\
<ol><li><dl><dt>\
\
\
  \
\
\
\
\
\
\
\
<img alt="Fx-RUN-IE11Win7" class="wiki-image frameless lazy" data-original-src="https://user-media-stage-cdn.itsre-sumo.mozilla.net/uploads/gallery/images/2015-07-25-18-44-48-801bc1.png" src="https://static-media-stage-cdn.itsre-sumo.mozilla.net/static/sumo/img/placeholder.gif" title="">\
\
\
<br>\
</dt></dl>\
</li><li>នៅក្នុងកម្មវិធីរុករកដទៃ អ្នកត្រូវការទៅរក្សាទុកការតម្លើងកម្មវិធីFirefoxជាមុនសិន ទៅកាន់កុំព្យូទ័ររបស់អ្នក, បន្ទាប់មកបើកឯកសារដែលអ្នកបានទាញយក។<div class="note"><strong>សំគាល់៖</strong> ប្រសិនបើអ្នកឃើញប្រអប់ <em>Open File -  Security Warning</em> សូមចុច <span class="button">Run</span>។</div>\
<dl><dt>\
\
\
  \
\
\
\
\
\
\
\
<img alt="9adf3cab7ac5be01d856c9d1020aa0da-1263064820-505-2.jpg" class="wiki-image frameless lazy" data-original-src="https://user-media-stage-cdn.itsre-sumo.mozilla.net/uploads/gallery/images/9adf3cab7ac5be01d856c9d1020aa0da-1263064820-505-2.jpg" src="https://static-media-stage-cdn.itsre-sumo.mozilla.net/static/sumo/img/placeholder.gif" title="">\
\
\
\
</dt></dl>\
</li><li> បន្ទាប់មកគ្រាន់តែចុច <span class="button">Install</span> ( យើងបានបង្កើតដំណើរការឪ្យលឿនបំផុតតាមដែរអាចធ្វើបាន )។\
<dl><dt>\
\
\
  \
\
\
\
\
\
\
\
<img alt="firefox stub installer" class="wiki-image frameless lazy" data-original-src="https://user-media-stage-cdn.itsre-sumo.mozilla.net/uploads/gallery/images/2015-01-17-08-45-43-791fd6.png" src="https://static-media-stage-cdn.itsre-sumo.mozilla.net/static/sumo/img/placeholder.gif" title="">\
\
\
\
</dt><dt><div class="note"><strong>សូមអបអរសាទរ អ្នកបានតម្លើងកម្មវិធីFirefox បានសម្រេចហើយ!</strong></div>\
</dt></dl>\
</li><li> សូមចុចពីរដង លើរូបតំណាងរបស់Firefox នៅពេលណាដែលអ្នកចង់ទៅនៅលើបណ្ដាញ។\
</li></ol>\
<dl><dt>\
\
\
  \
\
\
\
\
\
\
\
<img alt="firefox icon" class="wiki-image frameless lazy" data-original-src="https://user-media-stage-cdn.itsre-sumo.mozilla.net/uploads/gallery/images/2015-01-17-08-50-03-fd7f47.png" src="https://static-media-stage-cdn.itsre-sumo.mozilla.net/static/sumo/img/placeholder.gif" title="">\
\
\
\
</dt></dl>\
<h2 id="w_zeaezozizezezoaczazize">នៅមានបញ្ហាឬ?</h2>\
<p>ខាងក្រោមនេះជាអត្ថបទមួយចំនួនដែលអាចជួយអ្នកបាន៖\
</p>\
<ul><li> <a href="https://support.mozilla.org/km/kb/firefox-wont-start-find-solutions">កម្មវិធីFirefox នឹងមិនដំណើរការទេ - ស្វែងរកដំណោះស្រាយ</a>\
</li><li> <a href="https://support.mozilla.org/km/kb/firefox-already-running-not-responding">សារកំហុស "កម្មវិធីFirefox កំពុងដំណើរការ រួចហើយ ប៉ុន្តែវាមិនឆ្លើយតបសោះ" - របៀបជួសជុលវា</a>\
</li><li> ប្រសិនអ្នកឃើញសារនេះ "កម្មវិធីFirefox មិនអាចតម្លើង។ ជំនាន់Firefoxនេះ ស្នើសុំខួរក្បាល(processor) ជាមួយការគាំទ្រSSE2។" សូមមើល  <a href="https://support.mozilla.org/km/kb/your-hardware-no-longer-supported">ផ្នែករឹង(hardware)របស់អ្នក គឺមិនគាំទ្រទៀតទេ</a>។\
</li></ul>	km
	km
	km
	km
	km
	km
	km
	km
	km
	km
	km
	km
	km
	km
	km
	km
	km
	km
	km
	km
<p>ការកំណត់Firefox Focus ជាកម្មវិធីរុករកលំនាំដើមរបស់អ្នក ប្រសិនជាអ្នកឲ្យវាបើកតំណភ្ជាប់ដោយលំនាំដើម។ របៀបរៀបចំវា នៅទីនេះ៖\
</p>\
<ol><li>ចូលទៅកាន់ការកំណត់ម៉ឺនុយ លើទូរស័ព្ទរបស់អ្នក សូមប៉ះ <strong>Apps</strong>។\
</li><li>សូមប៉ះ រូបតំណាងឧបករណ៍ (ជាធម្មតា នៅផ្នែកលើខាងស្ដាំនៃអេក្រង់របស់អ្នក)។\
</li><li>សូមប៉ះ <span class="menu">Default Apps</span>។\
</li><li>សូមប៉ះ <span class="menu">Browser app</span> ដើម្បីបើកបញ្ជីនៃជម្រើស។\
</li><li>សូមប៉ះ Firefox Focus ដែលមានក្នុងបញ្ជី។\
</li></ol>\
<h1 id="w_ziaizezizeaozozkzeau-zeaczeaczoziaazeaczcandroid">ជំនាន់មុនៗ នៃប្រព័ន្ធAndroid</h1>\
<h2 id="w_ziaizaaozizezaziaa-zizoaczoaizazoaczozuzizczizozkzazoza-zoaazuzezazaaizszuaczizizeaozezeaczezkzeaczezeacze">ជំហ៊ានទី១: ជម្រះកម្មវិធីរុករក ដែលបើកំណភ្ជាប់បច្ចុប្បន្ន</h2>\
<ol><li> បើកការកំណត់របស់កម្មវិធី និងប៉ះលើ <span class="button">Apps</span>។ (នៅជំនាន់ខ្លះនៃប្រព័ន្ធAndroid ដែលប៊ូតុងនេះគឺជា ស្លាក "Applications" បន្ទាប់មកអ្នកត្រូវទៅប៉ះលើ <span class="button">Manage applications</span> មុនពេលជំហ៊ានបន្ទាប់។)\
</li><li> ប៉ះទៅលើ ផ្ទាំង<span class="button">All</span>។\
<dl><dt>\
\
\
  \
\
\
\
\
\
\
\
<img alt="Android ICS Manage Apps - Cropped just showing stock" class="wiki-image frameless lazy" data-original-src="https://user-media-stage-cdn.itsre-sumo.mozilla.net/uploads/gallery/images/2013-02-12-11-59-02-8caa08.png" src="https://static-media-stage-cdn.itsre-sumo.mozilla.net/static/sumo/img/placeholder.gif" title="">\
\
\
\
</dt></dl>\
</li><li> សូមប៉ះលើ កម្មវិធីរុករកដែលបើកតំណភ្ជាប់បច្ចុប្បន្ន។ ជាធម្មតាកម្មវិធីរុករកលំនាំដើម គេតែងតែហៅវាថា "កម្មវិធីរុករក" ឬ "កម្មវិធីអ៊ីនធឺណិត"។\
</li><li> សូមប៉ះលើ <span class="button">Clear defaults</span> ដើម្បីការពារកម្មវិធីរុករកនេះ ពីការបើកតំណភ្ជាប់ដោយលំនាំដើម។ ប្រសិនបើ "Clear defaults" គឺចេញពណ៌ប្រផេះ អីច្ចឹងទាំងដែលអ្នកមិនបានតម្លើងកម្មវិធីរុករកផ្សេងៗ ឬក៏អ្នកបានតម្លើងកម្មវិធីរុករកផ្សេងៗ ដូចជា Opera ហើយវាត្រូវបានកំណត់ជាកម្មវិធីរុករកលំនាំដើម។ ប្រសិនបើអ្នកបានតម្លើងកម្មវិធីរុករកមួយផ្សេងទៀត សូមត្រលប់ទៅជំហ៊ានពីមុនវិញ និងធ្វើវាម្ដងទៀតជាកម្មវិធីលំនាំដើម។\
<dl><dt>\
\
\
  \
\
\
\
\
\
\
\
<img alt="Android ICS Clear defaults - Cropped" class="wiki-image frameless lazy" data-original-src="https://user-media-stage-cdn.itsre-sumo.mozilla.net/uploads/gallery/images/2013-02-03-22-30-33-ca626d.png" src="https://static-media-stage-cdn.itsre-sumo.mozilla.net/static/sumo/img/placeholder.gif" title="">\
\
\
\
</dt></dl>\
</li></ol>\
<h2 id="w_ziaizaaozizezazi-ac-zazizozaaizszaaofirefox-focus-zaaezizizazoaczozuzizczizozkzazozazuaizeziaizozazozazoaczozizeaozazizozezazazaaizszuaczizizeao">ជំហ៊ានទី ២: ការកំណត់Firefox Focus ទៅជាកម្មវិធីរុករកលំនាំដើមសម្រាប់ការបើកតំណភ្ជាប់</h2>\
<ol><li> សូមបើកតំណភ្ជាប់នៅក្នុងកម្មវិធី Androidដូចជាកម្មវិធីផ្ងើសារអេឡិចត្រូនិក។\
</li><li> សូមប៉ះលើ <span class="button">Firefox Focus</span> បន្ទាប់មកទើបប៉ះលើ <span class="button">Always</span>។\
</li></ol>	km
<div class="note"><strong>សំគាល់:</strong> ការអនុវត្តនេះ សម្រាប់ជំនាន់Firefox ចុងក្រោយ {{{channel}}} ដែលអាចដោតឡូតបាន ពី <a href="http://www.mozilla.org/{{{slug}}}">mozilla.org/{{{slug}}}</a>។</div>	km
<p>(អ្នកគួរតែប៉ះ <span class="menu">More</span> ជាមុនសិន)\
</p>	km
<p>សូមចុចលើប៊ូតុងមឺុនុយ \
\
\
  \
\
\
\
\
\
\
\
<img alt="New Fx Menu" class="wiki-image frameless lazy" data-original-src="https://user-media-stage-cdn.itsre-sumo.mozilla.net/uploads/gallery/images/2014-01-10-13-08-08-f52b8c.png" src="https://static-media-stage-cdn.itsre-sumo.mozilla.net/static/sumo/img/placeholder.gif" title="">\
\
\
 បន្ទាប់មកចុច <span class="for" data-for="win">ចាកចេញ</span><span class="for" data-for="mac,linux">បិទចោល</span> \
\
\
  \
\
\
\
\
\
\
\
<img alt="Close 29" class="wiki-image frameless lazy" data-original-src="https://user-media-stage-cdn.itsre-sumo.mozilla.net/uploads/gallery/images/2014-03-07-11-44-35-716f6b.png" src="https://static-media-stage-cdn.itsre-sumo.mozilla.net/static/sumo/img/placeholder.gif" title="">\
\
\
.\
</p>	km
<div class="note"><strong>កំពុងតែរស់នៅ ក្នុងប្រទេសអាល្លឺម៉ង, អូទ្រីស ឬក៏ប្រទេសស្វីស ?</strong> <a href="https://support.mozilla.org/de/products/klar">Klar ដោយ Firefox</a> គឺជាជំនាន់ភាសាអាល្លឺម៉ងនៃ Firefox Focus។  សូមមើល <a class="new" href="/km/kb/new?title=%E1%9E%81%E1%9F%92%E1%9E%89%E1%9E%BB%E1%9F%86%E1%9E%98%E1%9E%B7%E1%9E%93%E1%9E%A2%E1%9E%B6%E1%9E%85%E1%9E%9F%E1%9F%92%E1%9E%9C%E1%9F%82%E1%9E%84%E1%9E%9A%E1%9E%80%E1%9E%80%E1%9E%98%E1%9F%92%E1%9E%98%E1%9E%9C%E1%9E%B7%E1%9E%92%E1%9E%B8+Firefox+Focus++%E1%9E%80%E1%9F%92%E1%9E%93%E1%9E%BB%E1%9E%84%E1%9E%94%E1%9F%92%E1%9E%9A%E1%9E%91%E1%9F%81%E1%9E%9F%E1%9E%A2%E1%9E%B6%E1%9E%9B%E1%9F%92%E1%9E%9B%E1%9E%BA%E1%9E%98%E1%9F%89%E1%9E%84%2C+%E1%9E%A2%E1%9E%BC%E1%9E%91%E1%9F%92%E1%9E%9A%E1%9E%B8%E1%9E%9F+%E1%9E%AC%E1%9E%80%E1%9F%8F%E1%9E%94%E1%9F%92%E1%9E%9A%E1%9E%91%E1%9F%81%E1%9E%9F%E1%9E%9F%E1%9F%92%E1%9E%9C%E1%9E%B8%E1%9E%9F" title="Page does not exist.">ខ្ញុំមិនអាចស្វែងរកកម្មវិធី Firefox Focus  ក្នុងប្រទេសអាល្លឺម៉ង, អូទ្រីស ឬក៏ប្រទេសស្វីស</a>។</div>	km
<p>REDIRECT <a href="/km/kb/how-download-and-install-firefox-windows">ដំឡើង Firefox មាននៅលើវ៉ីនដូ</a>\
</p>	km
<p><a href="http://en.wikipedia.org/wiki/Web_cache">ឃ្លាំងសម្ងាត់</a> បណ្តោះអាសន្នរបស់កម្មវិធីFirefox បានស្តុកទុននូវរូបភាព ស្គ្រីប និងផ្នែកផ្សេងទៀតនៃគេហំព័រដែលអ្នកបានទស្សនាក្នុងបំណងបង្កើនល្បឿននៃបទពិសោធន៍រុករករបស់អ្នក។ \
អត្ថបទនេះចង់ពិពណ៌នាអំពី របៀបសម្អាតឃ្លាំងសម្ងាត់។\
</p>\
<ul><li> ដើម្បីសម្អាតប្រវត្តិទាំងអស់(ឧ:Cookies, ប្រវត្តិស្វែងរក, ឃ្លាំងសម្ងាត់។ល។) របស់អ្នកតែម្ដង, សូមមើល <a href="https://support.mozilla.org/km/kb/delete-browsing-search-download-history-firefox">របៀបលុបប្រវត្តការរុករក, ការស្វែងរក និងការទាញយកលើ កម្មវិធីFirefox</a>។\
</li></ul>\
<div id="toc"><h2>Table of Contents</h2><ul><li class="toclevel-1"><a href="#w_zazizozazoaczcziza-zcaczuziaizezazoaczezizaao"><span class="tocnumber">1</span> <span class="toctext">ការសម្អាត ឃ្លាំងសម្ងាត់</span></a></li><li class="toclevel-1"><a href="#w_zazizozazoaczczizazcaczuziaizezazoaczezizaaozaaczuaazozeaczozuzaaczazi"><span class="tocnumber">2</span> <span class="toctext">ការសម្អាតឃ្លាំងសម្ងាត់ស្វ័យប្រវត្តិ</span></a></li></ul></div>\
<h1 id="w_zazizozazoaczcziza-zcaczuziaizezazoaczezizaao">ការសម្អាត ឃ្លាំងសម្ងាត់</h1>\
<ol><li> Click the menu button <span class="for" data-for="not fx57">\
\
\
  \
\
\
\
\
\
\
\
<img alt="New Fx Menu" class="wiki-image frameless lazy" data-original-src="https://user-media-stage-cdn.itsre-sumo.mozilla.net/uploads/gallery/images/2014-01-10-13-08-08-f52b8c.png" src="https://static-media-stage-cdn.itsre-sumo.mozilla.net/static/sumo/img/placeholder.gif" title="">\
\
\
</span><span class="for" data-for="fx57">\
\
\
  \
\
\
\
\
\
\
\
<img alt="Fx57Menu" class="wiki-image frameless lazy" data-original-src="https://user-media-stage-cdn.itsre-sumo.mozilla.net/uploads/gallery/images/2017-10-22-15-37-15-18c775.png" src="https://static-media-stage-cdn.itsre-sumo.mozilla.net/static/sumo/img/placeholder.gif" title="">\
\
\
</span> and choose <span class="for" data-for="win"><span class="button">Options</span>.</span><span class="for" data-for="mac,linux"><span class="button">Preferences</span>.</span>\
\
</li><li> ជ្រើសយកបន្ទះ<span class="menu">Advanced</span>។\
</li><li> សូមចុចលើផ្ទាំង<strong>Network</strong> ។\
</li><li> ស្ថិតក្នុងផ្នែក <strong>Cached Web Content</strong> សូមចុច <span class="button">Clear Now</span>។\
<dl><dt>\
\
\
  \
\
\
\
\
\
\
\
<img alt="clear cache incontent" class="wiki-image frameless lazy" data-original-src="https://user-media-stage-cdn.itsre-sumo.mozilla.net/uploads/gallery/images/2015-04-06-17-02-26-01bc6f.png" src="https://static-media-stage-cdn.itsre-sumo.mozilla.net/static/sumo/img/placeholder.gif" title="">\
\
\
\
</dt></dl>\
</li><li> Close the <em>about:preferences</em> page. Any changes you've made will automatically be saved.\
\
</li></ol>\
<h1 id="w_zazizozazoaczczizazcaczuziaizezazoaczezizaaozaaczuaazozeaczozuzaaczazi">ការសម្អាតឃ្លាំងសម្ងាត់ស្វ័យប្រវត្តិ</h1>\
<p>អ្នកអាចកំនត់កម្មវិធីFirefox ដើម្បីសម្អាតឃ្លាំងសម្ងាត់ស្វ័យប្រវត្តិ នៅពេលបិទកម្មវិធី Firefox ៖\
</p>\
<ol><li> Click the menu button <span class="for" data-for="not fx57">\
\
\
  \
\
\
\
\
\
\
\
<img alt="New Fx Menu" class="wiki-image frameless lazy" data-original-src="https://user-media-stage-cdn.itsre-sumo.mozilla.net/uploads/gallery/images/2014-01-10-13-08-08-f52b8c.png" src="https://static-media-stage-cdn.itsre-sumo.mozilla.net/static/sumo/img/placeholder.gif" title="">\
\
\
</span><span class="for" data-for="fx57">\
\
\
  \
\
\
\
\
\
\
\
<img alt="Fx57Menu" class="wiki-image frameless lazy" data-original-src="https://user-media-stage-cdn.itsre-sumo.mozilla.net/uploads/gallery/images/2017-10-22-15-37-15-18c775.png" src="https://static-media-stage-cdn.itsre-sumo.mozilla.net/static/sumo/img/placeholder.gif" title="">\
\
\
</span> and choose <span class="for" data-for="win"><span class="button">Options</span>.</span><span class="for" data-for="mac,linux"><span class="button">Preferences</span>.</span>\
\
</li><li> ជ្រើសរើសបន្ទះ <span class="menu">Privacy</span> ។\
</li><li> ស្ថិតក្នុងផ្នែក <em>History</em>  កំនត់ <strong>Firefox will:</strong> ទៅជា <strong>Use custom settings for history</strong>។\
</li><li> សូមធីកប្រអប់ <strong>Clear history when Firefox closes</strong>។\
<dl><dt> \
\
\
  \
\
\
\
\
\
\
\
<img alt="clearhistorywhenFXclosesfx42" class="wiki-image frameless lazy" data-original-src="https://user-media-stage-cdn.itsre-sumo.mozilla.net/uploads/gallery/images/2015-10-16-02-10-54-21cec2.png" src="https://static-media-stage-cdn.itsre-sumo.mozilla.net/static/sumo/img/placeholder.gif" title="">\
\
\
\
</dt></dl>\
</li><li> ក្រៅពី <em>Clear history when Firefox closes</em>, ចុចប៊ូតុង <span class="button">Settings…</span> ។ ផ្ទាំងវីនដូ ការកំណត់សម្រាប់សម្អាតប្រវត្តិ បានបើក។\
</li><li> នៅក្នុងផ្ទាំងវីនដូ ការកំណត់សម្រាប់សម្អាតប្រវត្តិ សូមដាក់សញ្ញាធីក នៅបន្ទាប់ <strong>Cache</strong>។\
<dl><dt>\
\
\
  \
\
\
\
\
\
\
\
<img alt="SettingsForClearingHistoryFX42bd" class="wiki-image frameless lazy" data-original-src="https://user-media-stage-cdn.itsre-sumo.mozilla.net/uploads/gallery/images/2015-10-16-02-00-09-3be83d.png" src="https://static-media-stage-cdn.itsre-sumo.mozilla.net/static/sumo/img/placeholder.gif" title="">\
\
\
\
</dt></dl>\
<ul><li> សម្រាប់ព័ត៌មានបន្ថែមលើ <span class="for" data-for="win">ជម្រើស</span><span class="for" data-for="mac,linux">ចំណូលចិត្ត</span>ផ្សេងទៀត, សូមមើល <a href="https://support.mozilla.org/km/kb/delete-browsing-search-download-history-firefox">របៀបលុបប្រវត្តការរុករក, ការស្វែងរក និងការទាញយកលើ កម្មវិធីFirefox</a>។\
</li></ul>\
</li><li> សូមចុច <span class="button">OK</span> ដើម្បីបិទផ្ទាំងវីនដូ ការកំណត់សម្រាប់សម្អាតប្រវត្តិ។\
</li><li> Close the <em>about:preferences</em> page. Any changes you've made will automatically be saved.\
\
</li></ol>\
<p><strong>ណែនាំ</strong>៖ add-ons មួយចំនួនអាចប្រើការបាន ដែលនឹងអនុញ្ញាតឲ្យអ្នកទៅសម្អាតឃ្លាំងសម្ងាត់ ដោយប្រើIcon នៅលើរបាឧបករណ៍របស់អ្នក។\
ចូលទៅកាន់ <a href="https://addons.mozilla.org/firefox/">ទំព័រវែបMozilla Add-ons</a> ដើម្បីធ្វើការស្វែងរក។\
</p>\
<div class="note">សហគមន៍Mozilla គឺមិនទទួលខុសត្រូវ សម្រាប់ការថែទាំ និងការគាំទ្រAdd-ons ភាគីទីបីឡើយ។ សូមទំនាក់ទំនងអ្នកអភិវឌ្ឍន៍ Add-onដោយផ្ទាល់ ប្រសិនជាអ្នកត្រូវការជំនួយពី Add-on។</div>	km
<div class="note"><strong>ចំណាំ៖ </strong> លក្ខណៈ​ពិសេស​នេះ​គឺថា​អាចប្រេីបាន​ក្នុង​ Firefox OS ជំនាន់​១.១និង ខ្ពស់​ជាង​នេះ។ មិន​ទាន់​ប្រាកដ​ពី​ជំនាន់​នៃFirefox OS ដែលអ្នក​មាន​ឫ? <a href="/km/kb/what-my-firefox-os-version">ចុច​ត្រង់​នេះ​ដេីម្បី​ស្វែងយល់​ពី​វា។ </a></div>	km
<p> \
</p>	km
<div class="for" data-for="not m41"><div class="warning">This article applies to the latest version of Firefox for Android. Please <a href="/km/kb/update-latest-version-firefox-android">update your version</a> first to enjoy these features.</div></div>\
<p></p><p>ប្រសិនជា​អ្នក​ចូល​គណនី​ច្រើន​ទៀត​នៅ​លេី​គេហទំព័រ​ និងកម្មវិធី​ Firefox បាន​រក្សា​ទុក​ពាក្យ​សម្ងាត់​សម្រាប់​ការ​ចូល​គណនី​ទាំងនោះ​ បន្ទាប់​មក​កម្មវិធី​Firefox និង​ចម្លង​ពាក្យ​សម្ងាត់​ដែលអ្នក​បាន​រក្សាទុក​ទៅ​កកាន់ ក្ដារ​តម្រៀប​របស់​អ្នក​ដូច្នេះ​អ្នក​អាច​បិទ​ភ្ជាប់​វា​នៅ​ទី​ណា​ក៏​បាន។\
</p><p>ខាង​ក្រោម​នេះ​ ជា​របៀប​ដេីម្បី​ធ្វើ​វា៖ \
</p>\
<ol><li>សូមប៉ះត្រង់ រូប​តំណាងសោរ​ \
\
\
  \
\
\
\
\
\
\
\
<img alt="lock icon on android" class="wiki-image frameless lazy" data-original-src="https://user-media-stage-cdn.itsre-sumo.mozilla.net/uploads/gallery/images/2015-09-16-16-06-46-2faa61.png" src="https://static-media-stage-cdn.itsre-sumo.mozilla.net/static/sumo/img/placeholder.gif" title="">\
\
\
 នៅ​លេី​របា​អាស័យ​ដ្ឋាន​ ដេីម្បី​នាំ​មក​នូវ​​ផ្ទាំង​វីនដូ​ជាមួយ​ពត៌មាន​វែបសាយ​របស់​អ្នក។​\
<dl><dt>\
\
\
  \
\
\
\
\
\
\
\
<img alt="lock icon address bar android" class="wiki-image frameless lazy" data-original-src="https://user-media-stage-cdn.itsre-sumo.mozilla.net/uploads/gallery/images/2015-09-16-16-12-09-ff97ed.png" src="https://static-media-stage-cdn.itsre-sumo.mozilla.net/static/sumo/img/placeholder.gif" title="">\
\
\
\
</dt></dl>\
</li><li>នៅខាងក្រោមនៃផ្ទាំងវីនដូ សូមប៉ះ <span class="button">Copy</span> ដេីម្បីចម្លង​ពាក្យ​សម្ងាត់​សម្រាប់​ឈ្មោះ​អ្នក​ប្រេី​ដែល​បាន​បង្ហាញ។​\
</li><li>ប្រសិនជាអ្នក ចូល​ពហុគណនី​ដែល​បាន​រក្សា​ទុក​ សម្រាប់​វែបសាយ​នោះ សូម​ប៉ះ​​ <strong>Select another login</strong> ដើម្បី​ចម្លង​ពាក្យ​សម្ងាត់​មួយ​​ផ្សេង​ទៀត។\
<dl><dt>\
\
\
  \
\
\
\
\
\
\
\
<img alt="select another login android" class="wiki-image frameless lazy" data-original-src="https://user-media-stage-cdn.itsre-sumo.mozilla.net/uploads/gallery/images/2015-10-01-19-05-50-f7d603.png" src="https://static-media-stage-cdn.itsre-sumo.mozilla.net/static/sumo/img/placeholder.gif" title="">\
\
\
\
</dt></dl>\
</li><li>ជ្រេីសយក ឈ្មោះ​អ្នក​ប្រើប្រាស់​មក​ពី​បញ្ជី។  សារ​បញ្ជាក់​យល់ព្រម​ នឹងលេចឡេីង នៅ​ពេល​ដែល​ពាក្យ​សម្ងាត់​ត្រូវ​បាន​ចម្លង។\
</li></ol>	km
<div class="for" data-for="not m35"><div class="warning">This article applies to the latest version of Firefox for Android. Please <a href="/km/kb/update-latest-version-firefox-android">update your version</a> first to enjoy these features.</div></div>\
<p></p><p>កម្មវិធី​ស្វែង​រក​ Firefox អាច​ឲ្យ​អ្នក​  <a href="/km/kb/search-firefox-instantly-android-home-screen"> ស្វែង​រកតាម Firefox ​លេី​អេក្រង់​ដេីម​នៃប្រព័ន្ធAndroid របស់​អ្នក​</a> ដោយ​គ្មាន​បេី​ក​ដំណើរ​ការ​កម្មវិធី​រុករក។ ខាងក្រោម​នេះ​ជា​ របៀប​ក្នុង​ការ​បន្ថែម​ធាតុ​ក្រាហ្វិក ​ទៅ​កាន់​អេក្រង់​ដេីម​របស់​អ្នក​ ដេីម្បី​ធ្វើការ​ស្វែងរកឲ្យបានរហ័ស៖ \
</p><p>\
\
\
  \
\
\
\
\
\
\
\
<img alt="search widget android" class="wiki-image frameless lazy" data-original-src="https://user-media-stage-cdn.itsre-sumo.mozilla.net/uploads/gallery/images/2014-12-26-17-02-00-9d2b1a.png" src="https://static-media-stage-cdn.itsre-sumo.mozilla.net/static/sumo/img/placeholder.gif" title="">\
\
\
\
</p>\
<div class="note">ដេីម្បីស្វែងយល់ ជំនាន់​មួយ​ណា​នៃ​ប្រព័ន្ធ​​Android ​ដែលអ្នក​កំពុង​ប្រេី​ សូម​យោង​ ទៅតាម​ឯកសារជំនួយ​ឧបករណ៍របស់អ្នក។ </div>\
<h1 id="w_zezizeaoziziziaizezizeaoandroid-ac-aa-zaaazize">ចាប់ពីជំនាន់Android ៥.០ ឡេីង</h1>\
<ol><li>សូមសង្កត់​លេី​គ្រាប់​ចំណុច​ដែល​មិន​មាន​អ្វី​ នៅ​លេី​អេក្រង់​ដេីម​នៃ​Android​ ​របស់​អ្នក​។ \
</li><li>ជ្រេីសយក <em>ធាតុ​ក្រាហ្វិក​</em>។ \
</li><li>ជ្រេីសរេីសធាតុក្រាហ្វិក  <em>កម្មវិធី​ស្វែង​រក​ Firefox</em> មក​ពី​បញ្ជី៖ \
<dl><dt>\
\
\
  \
\
\
\
\
\
\
\
<img alt="addfxsearchwidget" class="wiki-image frameless lazy" data-original-src="https://user-media-stage-cdn.itsre-sumo.mozilla.net/uploads/gallery/images/2014-12-26-17-30-43-19932d.png" src="https://static-media-stage-cdn.itsre-sumo.mozilla.net/static/sumo/img/placeholder.gif" title="">\
\
\
\
</dt></dl>\
</li><li>កម្មវិធីរុករកFirefox នឹងលេចឡេីង - ត្រៀមខ្លួន​ដេីម្បី​ប្រេី -លេីអេក្រង់​ដេីម របស់ អ្នក។ \
</li></ol>\
<h1 id="w_ziaizezizeaoaoziziaozozkzeao-zozuaoao-android-ac">ជំនាន់​ពី​មុន​ ដល់​ Android ៥</h1>\
<ol><li>នៅលេីអេក្រង់ដេីមរបស់អ្នក សូម​ប៉ះ​គ្រប់​ប៊ូតុង​កម្មវិធី​ទាំងអស់។ \
</li><li>ប៉ះទៅលេីផ្ទាំង <em>ធាតុ​ក្រាហ្វិក​</em> (ឫក៏ អូស​ទៅ​ស្តាំ​ដេីម្បី​ទទួលបានវា)។ \
</li><li>ប៉ះធាតុ​ក្រាហ្វិក​ <em>កម្មវិធី​ស្វែង​រក​ Firefox</em> ដើម្បី​បន្ថែម​វា​ទៅ​កាន់​អេក្រង់​ដេីម​របស់​អ្នក​។ (<strong>ការ​ណែនាំ៖</strong> សម្រាប់​ឧបករណ៍​ខ្លះ​ អ្នកអាច​សង្កត់​ធាតុ​ក្រាហ្វិក​ទៅ​ក្រោម​និងទាញវាទៅលេី អេក្រង់​ដេីម​របស់​អ្នក​។)\
</li></ol>	km
<p>Add-ons are like apps that you install to add bells &amp; whistles to Firefox. You can get add-ons that compare prices, check the weather, change the look of Firefox, listen to music, or even update your Facebook profile. This article covers the different types of add-ons available and how to find and install them.\
\
</p><div class="for" data-for="not fx48"><p><div class="youtube-embed">\
  <iframe src="//www.youtube.com/embed/i4y_CeifV2s?wmode=transparent&amp;rel=0" frameborder="0" allowfullscreen></iframe>\
</div>\
</p></div>\
<div id="toc"><h2>Table of Contents</h2><ul><li class="toclevel-1"><a href="#w_what-types-of-add-ons-can-i-install"><span class="tocnumber">1</span> <span class="toctext">What types of add-ons can I install?</span></a></li><li class="toclevel-1"><a href="#w_how-do-i-find-and-install-add-ons"><span class="tocnumber">2</span> <span class="toctext">How do I find and install add-ons?</span></a></li><li class="toclevel-1"><a href="#w_troubleshooting-add-ons"><span class="tocnumber">3</span> <span class="toctext">Troubleshooting add-ons</span></a><ul><li class="toclevel-2"><a href="#w_problems-with-installing-or-uninstalling-add-ons"><span class="tocnumber">3.1</span> <span class="toctext">Problems with installing or uninstalling add-ons</span></a></li><li class="toclevel-2"><a href="#w_problems-caused-by-add-ons"><span class="tocnumber">3.2</span> <span class="toctext">Problems caused by add-ons</span></a></li></ul></li></ul></div>\
<h1 id="w_what-types-of-add-ons-can-i-install">What types of add-ons can I install?</h1>\
<p>There are three general types of add-ons:\
</p>\
<ul><li> <a href="https://addons.mozilla.org/firefox/extensions/">Extensions</a><br> Extensions add new features to Firefox or modify existing ones. There are extensions that allow you to block advertisements, download videos from websites, integrate Firefox with websites like Facebook or Twitter, and even add features from other browsers. \
</li><li> <a href="/km/kb/use-themes-change-look-of-firefox">Appearance</a> <br> There are two types of appearance add-ons: complete themes, which change the look of buttons &amp; menus, and background themes, which decorate the menu bar and tab strip with a background image.\
</li><li> <a href="/km/kb/use-plugins-play-audio-video-games">Plugins</a> <br> Plugins add support for all kinds of Internet content. These usually include patented formats like Flash and Silverlight that are used for video, audio, online games, presentations and more. Plugins are created and distributed by other companies.<div class="for" data-for="not fx52">\
<div class="warning">Support ended for all NPAPI <a href="/km/kb/use-plugins-play-audio-video-games">plugins</a> except for Flash in <a href="/km/kb/find-what-version-firefox-you-are-using">Firefox version</a> 52, released March 7, 2017. See <a href="https://www.fxsitecompat.com/docs/2016/plug-in-support-has-been-dropped-other-than-flash/">this compatibility document</a> and <a href="/km/kb/npapi-plugins">this article</a> for details.</div>\
</div><div class="for" data-for="fx52">\
<div class="note">\
<p>Beginning with <a href="/km/kb/find-what-version-firefox-you-are-using">Firefox version</a> 52, support has ended for all NPAPI <a href="/km/kb/use-plugins-play-audio-video-games">plugins</a> except for Adobe Flash. See <a href="https://www.fxsitecompat.com/docs/2016/plug-in-support-has-been-dropped-other-than-flash/">this compatibility document</a> and <a href="/km/kb/npapi-plugins">this article</a> for details.\
</p>\
</div>\
</div>\
</li></ul>\
<p>To view which add-ons you have installed:\
</p>\
<ol><li>Click the menu button \
\
\
  \
\
\
\
\
\
\
\
<img alt="New Fx Menu" class="wiki-image frameless lazy" data-original-src="https://user-media-stage-cdn.itsre-sumo.mozilla.net/uploads/gallery/images/2014-01-10-13-08-08-f52b8c.png" src="https://static-media-stage-cdn.itsre-sumo.mozilla.net/static/sumo/img/placeholder.gif" title="">\
\
\
 and choose <span class="button">Add-ons</span>. The Add-ons Manager tab will open.\
</li><li> Select the <span class="menu">Extensions</span>, <span class="menu">Appearance</span> or <span class="menu">Plugins</span> panels to view your add-ons.\
</li></ol>\
<h1 id="w_how-do-i-find-and-install-add-ons">How do I find and install add-ons?</h1>\
<div class="for" data-for="not fx48"><p>Here is an overview to get you started:\
</p>\
<ol><li> <p>Click the menu button <span class="for" data-for="fx57">\
\
\
  \
\
\
\
\
\
\
\
<img alt="Fx57menu" class="wiki-image frameless lazy" data-original-src="https://user-media-stage-cdn.itsre-sumo.mozilla.net/uploads/gallery/images/2017-10-22-15-37-15-18c775.png" src="https://static-media-stage-cdn.itsre-sumo.mozilla.net/static/sumo/img/placeholder.gif" title="">\
\
\
</span><span class="for" data-for="not fx57">\
\
\
  \
\
\
\
\
\
\
\
<img alt="New Fx Menu" class="wiki-image frameless lazy" data-original-src="https://user-media-stage-cdn.itsre-sumo.mozilla.net/uploads/gallery/images/2014-01-10-13-08-08-f52b8c.png" src="https://static-media-stage-cdn.itsre-sumo.mozilla.net/static/sumo/img/placeholder.gif" title="">\
\
\
</span> and choose <span class="for" data-for="not fx57"><span class="menu">Add-ons</span></span><span class="for" data-for="fx57"><span class="menu">\
\
\
  \
\
\
\
\
\
\
\
<img alt="Fx57Addons-icon" class="wiki-image frameless lazy" data-original-src="https://user-media-stage-cdn.itsre-sumo.mozilla.net/uploads/gallery/images/2017-10-30-08-25-40-b7327f.png" src="https://static-media-stage-cdn.itsre-sumo.mozilla.net/static/sumo/img/placeholder.gif" title="">\
\
\
 Add-ons</span></span>. The Add-ons Manager tab will open.\
</p>\
</li><li>In the Add-ons Manager tab, select the <span class="menu">Get Add-ons</span> panel.</li>\
<li> To see more information on a Featured Add-on or Theme, click it. You can then click the green <span class="button">Add to Firefox</span> button to install it. \
<ul><li>You can also search for specific add-ons by using the search box at the top. You can then install any add-ons you find with the <span class="button">Install</span> button.\
<dl><dt><span class="for" data-for="win">\
\
\
  \
\
\
\
\
\
\
\
<img alt="Addon1 29 Win" class="wiki-image frameless lazy" data-original-src="https://user-media-stage-cdn.itsre-sumo.mozilla.net/uploads/gallery/images/2014-03-20-12-26-16-8fd308.png" src="https://static-media-stage-cdn.itsre-sumo.mozilla.net/static/sumo/img/placeholder.gif" title="">\
\
\
\
\
\
  \
\
\
\
\
\
\
\
<img alt="Addon2 29 Win" class="wiki-image frameless lazy" data-original-src="https://user-media-stage-cdn.itsre-sumo.mozilla.net/uploads/gallery/images/2014-03-20-12-25-57-f5b615.png" src="https://static-media-stage-cdn.itsre-sumo.mozilla.net/static/sumo/img/placeholder.gif" title="">\
\
\
</span><span class="for" data-for="mac">\
\
\
  \
\
\
\
\
\
\
\
<img alt="Addon1 29 Mac" class="wiki-image frameless lazy" data-original-src="https://user-media-stage-cdn.itsre-sumo.mozilla.net/uploads/gallery/images/2014-03-20-12-24-55-54f335.png" src="https://static-media-stage-cdn.itsre-sumo.mozilla.net/static/sumo/img/placeholder.gif" title="">\
\
\
\
\
\
  \
\
\
\
\
\
\
\
<img alt="Addon2 29 Mac" class="wiki-image frameless lazy" data-original-src="https://user-media-stage-cdn.itsre-sumo.mozilla.net/uploads/gallery/images/2014-03-20-12-24-29-eed4aa.png" src="https://static-media-stage-cdn.itsre-sumo.mozilla.net/static/sumo/img/placeholder.gif" title="">\
\
\
</span><span class="for" data-for="linux">\
\
\
  \
\
\
\
\
\
\
\
<img alt="Addon1 29 Lin" class="wiki-image frameless lazy" data-original-src="https://user-media-stage-cdn.itsre-sumo.mozilla.net/uploads/gallery/images/2014-03-20-12-25-40-08aac1.png" src="https://static-media-stage-cdn.itsre-sumo.mozilla.net/static/sumo/img/placeholder.gif" title="">\
\
\
\
\
\
  \
\
\
\
\
\
\
\
<img alt="Addon2 29 Lin" class="wiki-image frameless lazy" data-original-src="https://user-media-stage-cdn.itsre-sumo.mozilla.net/uploads/gallery/images/2014-03-20-12-25-16-64d515.png" src="https://static-media-stage-cdn.itsre-sumo.mozilla.net/static/sumo/img/placeholder.gif" title="">\
\
\
</span>\
</dt></dl>\
</li></ul>\
</li><li>Firefox will download the requested add-on and may ask you to confirm that you want to install it.\
</li><li> Click <span class="button">Restart Now</span> if it pops up. Your tabs will be saved and restored after the restart.\
</li></ol>\
<p>Some extensions place a button in the toolbar after installation. You can remove those or move them into the menu if you want - see <a href="/km/kb/customize-firefox-controls-buttons-and-toolbars">Customize Firefox controls, buttons and toolbars</a>.\
</p><p>If you want to uninstall an add-on, see <a href="/km/kb/disable-or-remove-add-ons">Disable or remove Add-ons</a>.\
</p></div><div class="for" data-for="fx48"><p>Here is an overview to get you started:\
</p>\
<ol><li> <p>Click the menu button <span class="for" data-for="fx57">\
\
\
  \
\
\
\
\
\
\
\
<img alt="Fx57menu" class="wiki-image frameless lazy" data-original-src="https://user-media-stage-cdn.itsre-sumo.mozilla.net/uploads/gallery/images/2017-10-22-15-37-15-18c775.png" src="https://static-media-stage-cdn.itsre-sumo.mozilla.net/static/sumo/img/placeholder.gif" title="">\
\
\
</span><span class="for" data-for="not fx57">\
\
\
  \
\
\
\
\
\
\
\
<img alt="New Fx Menu" class="wiki-image frameless lazy" data-original-src="https://user-media-stage-cdn.itsre-sumo.mozilla.net/uploads/gallery/images/2014-01-10-13-08-08-f52b8c.png" src="https://static-media-stage-cdn.itsre-sumo.mozilla.net/static/sumo/img/placeholder.gif" title="">\
\
\
</span> and choose <span class="for" data-for="not fx57"><span class="menu">Add-ons</span></span><span class="for" data-for="fx57"><span class="menu">\
\
\
  \
\
\
\
\
\
\
\
<img alt="Fx57Addons-icon" class="wiki-image frameless lazy" data-original-src="https://user-media-stage-cdn.itsre-sumo.mozilla.net/uploads/gallery/images/2017-10-30-08-25-40-b7327f.png" src="https://static-media-stage-cdn.itsre-sumo.mozilla.net/static/sumo/img/placeholder.gif" title="">\
\
\
 Add-ons</span></span>. The Add-ons Manager tab will open.\
</p>\
</li><li>In the Add-ons Manager tab, select the <span class="menu">Get Add-ons</span> panel.</li>\
<li> To install a featured add-on, click the grey toggle button, which will turn green. To uninstall an addon you just installed, click the toggle button again. \
<dl><dt> \
\
\
  \
\
\
\
\
\
\
\
<img alt="Fx48-GetAddons" class="wiki-image frameless lazy" data-original-src="https://user-media-stage-cdn.itsre-sumo.mozilla.net/uploads/gallery/images/2016-10-26-13-21-45-828578.png" src="https://static-media-stage-cdn.itsre-sumo.mozilla.net/static/sumo/img/placeholder.gif" title="">\
\
\
\
</dt></dl>\
</li></ol>\
<p>At the bottom of the list of featured add-ons, there's a <span class="button">See more add-ons!</span> button you can click. It will take you to <a href="http://addons.mozilla.org">addons.mozilla.org</a> where you can search for specific add-ons.\
</p><p>Some extensions place a button in the toolbar after installation. You can remove those or move them into the menu if you want - see <a href="/km/kb/customize-firefox-controls-buttons-and-toolbars">Customize Firefox controls, buttons and toolbars</a>.\
</p><p>If you later want to uninstall an add-on, see <a href="/km/kb/disable-or-remove-add-ons">Disable or remove Add-ons</a>.\
</p></div>\
<h1 id="w_troubleshooting-add-ons">Troubleshooting add-ons</h1>\
<p>For information on troubleshooting problems with extensions, plugins or themes, see the articles below.\
</p>\
<h2 id="w_problems-with-installing-or-uninstalling-add-ons">Problems with installing or uninstalling add-ons</h2>\
<ul><li> <a href="/km/kb/unable-install-add-ons-extensions-or-themes">Unable to install add-ons (extensions or themes)</a>\
</li><li> <a href="/km/kb/cannot-remove-add-on-extension-or-theme">Cannot remove an add-on (extension or theme)</a>\
</li></ul>\
<h2 id="w_problems-caused-by-add-ons">Problems caused by add-ons</h2>\
<ul><li> <a href="/km/kb/troubleshoot-extensions-themes-to-fix-problems">Troubleshoot extensions, themes and hardware acceleration issues to solve common Firefox problems</a>\
</li><li> <a href="/km/kb/troubleshoot-issues-with-plugins-fix-problems">Troubleshoot issues with plugins like Flash or Java to fix common Firefox problems</a>\
</li><li> <a href="/km/kb/troubleshoot-firefox-issues-caused-malware">Troubleshoot Firefox issues caused by malware</a>\
</li><li> <a href="/km/kb/remove-toolbar-has-taken-over-your-firefox-search">Remove a toolbar that has taken over your Firefox search or home page</a>\
</li><li> <a href="/km/kb/re-enable-add-ons-disabled-when-updating">Re-enable add-ons that were disabled when updating Firefox</a>\
</li><li> <a href="/km/kb/add-ons-cause-issues-are-on-blocklist">Add-ons that cause stability or security issues are put on a blocklist</a>\
</li></ul>\
<div class="for" data-for="fx40">\
<ul><li> <a href="/km/kb/add-on-signing-in-firefox">Add-on signing in Firefox</a>\
</li></ul>\
</div>	km
<p>លើសពីនេះទៀត វា​គួរតែ​មាន​ផ្នែក​បន្ថែម​របស់​Firefox​ ពីភាគីទីបីដែលអាចជួយអ្នកបាន។ សម្រាប់ព័ត៌មានបន្ថែមស្តីពី ការស្វែងរកនិងការដំឡើងផ្នែកបន្ថែម, សូម​មើល​\
</p><pre><a href="/km/kb/find-and-install-add-ons-add-features-to-firefox">ការរក និង​តម្លើង​កម្មវិធី​បន្ថែម​ ដេីម្បី​បន្ថែម​លក្ខណៈ​ពិសេស​ទៅ Firefox​</a>។\
</pre>	km
<div class="note"><strong>តើអេក្រង់របស់អ្នកមើលទៅខុសប្លែកដែរទេ?</strong> កម្មវិធី​Firefox ដែលអ្នកប្រេីអាចជាជំនាន់ចាស់។ ទទួលយក​នូវ​ជំនាន់​ថ្មី​ មកពី​ App Store!</div>	km
<p>សូម​ចុច​ ប៊ូតុង​កត់​ចំណាំ​ \
\
\
  \
\
\
\
\
\
\
\
<img alt="Bookmarks-29" class="wiki-image frameless lazy" data-original-src="https://user-media-stage-cdn.itsre-sumo.mozilla.net/uploads/gallery/images/2014-01-10-13-09-08-09123d.png" src="https://static-media-stage-cdn.itsre-sumo.mozilla.net/static/sumo/img/placeholder.gif" title="">\
\
\
 បន្ទាប់​មក​ ជ្រើស​យក​ <span class="menu">Show All Bookmarks</span> ដេីម្បីបេីក​ផ្ទាំង​វីនដូ នៃ​បណ្ណាល័យ។\
</p>	km
<p>(តែងតែ​នៅ​ <a href="/km/kb/firefox-menu-icon-missing-android-how-access-menu"> ខាងក្រោម​នៃអេក្រង់លេី​ឧបករណ៍​មួយចំនួន​​</a> ឫនៅឯជ្រុងលេីផ្នែកខាងស្ដាំនៃកម្មវិធីរុករក)\
</p>	km
<div class="note"><strong>ចំណាំ​៖</strong> ក្រុមហ៊ុនផលិត​ឧបករណ៍​របស់​អ្នក រួម​គ្នា​ជាមួយនឹង​អ្នក​ផ្តល់​សេវា​កម្ម​របស់អ្នក​ គឺ​​​ទទួលខុស​ត្រូវ​សម្រាប់​ការ​ផ្តល់​សេវា​កម្ម​នៃ​ការ​ធ្វើ​បច្ចុប្បន្ន​ភាព​ប្រព័ន្ធ​ប្រតិបត្តិ​ការ​Firefox​ OS ទៅ​កាន់​អ្នក។</div>	km
<div class="for" data-for="fx23">\
<div class="note"><strong>ចំណាំ​៖</strong> ប្រសិន​ជា​អ្នកមើល​ឃើញ​រូប​តំណាងខែល​ការពារ​​\
\
\
  \
\
\
\
\
\
\
\
<img alt="Mixed Content Shield" class="wiki-image frameless lazy" data-original-src="https://user-media-stage-cdn.itsre-sumo.mozilla.net/uploads/gallery/images/2013-07-12-08-06-20-3e8acf.png" src="https://static-media-stage-cdn.itsre-sumo.mozilla.net/static/sumo/img/placeholder.gif" title="">\
\
\
 ស្ថិត​ក្នុងរបា​អាស័យ​ដ្ឋាន​ ហេីយ​អ្នក​នៅតែ​មាន​បញ្ហា​ជាមួយនឹង​វែបសាយ​នោះ,​ សូម​មើល​​ <a href="/km/kb/mixed-content-blocking-firefox">Mixed content blocking in Firefox</a>។</div>\
</div>	km
	km
